:02000004710089
:1000000000F3D8131ED634A203E1EAFF9B1BB90B01
:10001000E3270335C0BEF09A010307E821F22A2145
:1000200003F4DED8C0C21E8704F905A5200121D241
:10003000D81108DE980AA55DDAEF0BC4D1F2A92821
:10004000FBE9F0C6A4EAC517F72008261FCA9EAD33
:10005000FCF5D709CCE21A3CD8060C9823CEEC0864
:100060000BE9F3EBE2F3BB24D92009F6DDE5BDB8DB
:1000700009FAFDA7AAEF261905E6EAFBBDC5E84285
:10008000F8F2E0C725DB07E3F91F03CE00F9C02D26
:1000900001E8F24535ED02D60ADCF2CF3400E597EF
:1000A000FB1D03240ABABEB4DCFD0AB8A400C30DCC
:1000B000FCEAE0A4F41ED42BFE0612EB48B69EF830
:1000C00006E5EAC51C2E0B46FFEED4F00811E2301F
:1000D0000BDFF09A2AF9FC24FDF1D821D7EE2E058A
:1000E000FDFFFCDCC834E89B0CE8F4EE000A0F5A74
:1000F0000CE8C8F812C40BFC0BF7FDC1EA23BCB234
:10010000FCEED60AFC0DC94B0AEBF8AEAA2BDC0EAE
:10011000E71DFDB2D1ADB2F8FD0100EB08C8CAEF92
:10012000F8FCDDD4DBF42D4AFDF9FC36C3051B29B0
:10013000E8FA0212979B8F25DBE001320586ECCCB2
:10014000FFEDF34CD3F1CFBA090F08AEE4CBD337B0
:1001500002F9DFB6002FFFAFE8F2023D00DFF43610
:1001600002ECF502D8F0F4A2EC11FE3D81B3FCAB39
:10017000FEF400E1AF25E4F800E6F9F336CFB8FD70
:1001800001F8E43BAD0FD5C8021806F8B20790D0CD
:10019000F7E8ED1A35FC238FFFE5F2DA040C02DEF6
:1001A000071106FA0297CB05E4EA09AAF190CB5AA7
:1001B00001F6E329EF341EED06010D36ECF6BA8F99
:1001C000FFE8F5A4E0120027FFF9D7A3C10AC7FE94
:1001D00005F2F1F33026C459FFF2DFA4AA1B1EED8D
:1001E000FBFEFB20ECE0222F08F1F3F5E839DBD52C
:1001F00006ECCAD8A64112CE03FFFE13113120A986
:1002000003FAD7B83EFFE20804F1F42203B0021962
:10021000F409FBCE94E09B3B09FB012E3D003439F1
:10022000FCF5E4041F20E4AF02F6FAB21CC50A2A6A
:10023000E4ED07F819EA9AA2DBDAFBAAD2D89227F2
:1002400001EDFABAC4C3BBF1030CFBCA0E0C8A91D0
:10025000FFFAE4D32B12098BE2E3FFD01F09B4D6D7
:1002600002F6FEBA37B9C583EC0904E9D205E4F415
:100270000303FFA9B722BD98FDE7F84416B1DDBE20
:1002800003F6EBAD490C0AE0010AFCA9B708DC2B28
:10029000FFEBF798F7FE1715FFEEF518F7BAECBC71
:1002A0000808FE0E96B0D29AE6E304F107A6910183
:1002B00001EFE9E8301BFEFE01020FBE1603FFEB63
:1002C00004EEF04B25E1DCB8FDFCE29E2AF6044D7D
:1002D000FDEAF2B60BFE025D09F4DAEBE81FE5BDBC
:1002E00003FE01E0D90717FC04EAF8A4CE2329464F
:1002F000FEEBCE0E0634D43F00F80031E31EBE0CF8
:1003000005F4D99FA9262D2903F6FA39402327D2CF
:10031000F402FB2BE8EEFFAC070909CED61511EB72
:1003200009EAEADFD0B4B8AE00FF0310ECBFCCA1FD
:10033000EBEC031CCF88B235E2DC020EC9D2DE2B17
:10034000FEE700EAF22821C9060805BEF083AACD1F
:1003500004EDEE1B28D1E2D3EBE002C125AFEAD5D4
:1003600006F60020B4EE2555F2FC05161EEDC8ADCC
:10037000FE03FB4122B91B0D05EAFCE4D521BAFDC1
:1003800005EFE8069DC4EBB3FF09049AB5FCC2264D
:10039000FEE5F5A4B1F72D0405F2F3E997C2F232B8
:1003A000070D01BF0F03F4F4E9E208BB8DB0F6407E
:1003B0000AF4E9F4112B313B09040FADD1968D5F9E
:1003C000FEE9FD2A1E35E11504F4E1C831DCD45202
:1003D00007EEFC990C0BC6B20BF4E108F3E6FCD077
:1003E00007F8092D0AB2065B01F7FBC23D21BF14D5
:1003F00001F5CED7AD0BCF6203FE06E810EBFE0A87
:10040000B4E9FCF01B21014A3A07F7EC1FC1E6BA38
:1004100097D31F14B7C01C0C3D00070BFBB1FDC8E0
:10042000F5F300FC0F2AFE1F000500F50637FB332D
:1004300095D0140CA1F51AFAA5F6FEFB8D10034A0F
:10044000F801F4F214E9F2951400FC13DBFD15B980
:100450000BF206F90D44F6FF24D0160A93E8144374
:10046000050DFAF326A8E7E521D21E0BB1011F38CE
:10047000B807FBFF1B26F38FD3FFFCF913EBF890B3
:10048000C8EA09FE0245012ADDF8FF16CF2E0DA1AC
:100490000DFEFAFF1004FB08F40AFBF00C48ECDC3C
:1004A000E3FCFE14ECA00E25E3DF11059EDC0F6FCC
:1004B000F8EC08F124A0F4E9090B051708A6FB885D
:1004C000A602F5F003A5F4C51BE601F11EDD001739
:1004D000D30BF9F91EEBF007F5F0FDEE1FDB0286FA
:1004E000BC0304FD10FF06ABBA0FF4F022E2ECB837
:1004F000C4F1EDDD1317F3E3F40E00031C35F51121
:1005000016F2FAED1E38FE582A07F7F80CC3F7E882
:1005100026DE1003C6D7093C130804080EFB08D2D8
:10052000CDEC05FA13A407BD250A02FEFB420453D5
:1005300099DD060EB89408BF1AFFEDFCB60EF490D4
:100540000202FEFCF821F8E7AA00F109F695FE1A6E
:10055000D2F105FC059D0098EDECFE05CDAF020E35
:10056000D40AFCF70CF6F9E42ADB11FFCC260CE2E6
:100570003601FCFD08C500371EF1FE0100AEF7A9EB
:10058000D8EC0A03011504A516FFF50DEFB00A110A
:10059000B1EDFFFDF9AEF9DDF402FA01009BF93F80
:1005A000160AF110F5970666F8F60107B8DBF8238E
:1005B000A4EB03FB1337FEF6CA130B15093FFA0031
:1005C000030400F7FA33FFF9DEEAFEF209EE06ACA7
:1005D000D504F6F103C6F7AB3BEA01FA0ECE0123D0
:1005E000340B0AFDFCF903591104FDF10996F7E2F9
:1005F00014F0EFE4064FF16FA30D030423FAF61491
:10060000C9EE02F90E2CFF15BE05FD000810F50F0E
:10061000BAEA040CE4B009E2E60D02FB0831059CDD
:10062000DBED0702FEBD0BBAE30308FFFBF8F9B1EF
:10063000DAE3FD09E2B3F1A8F104E703BBE0F09BC4
:10064000FE03FA02F89EFA972A0BED0EF604022139
:10065000A0F70409FDF008EB95EEFF13DFE8F5EED7
:10066000C70704F903BBFCE427EA0407F048FAA62D
:10067000A403FF060E160234DBF4FCFBF3F3FFEFDA
:100680000DF7060A0210075A160AF503F9A4FAD460
:10069000F5F4FE03F7D900A8B50102FD084DFFB837
:1006A000B90DEE05FEFFF7F3E2F6FD02CBB0EFEC7D
:1006B000C5F80B040DF0FC2AA10F02171B0705E873
:1006C0003B02010104E402399DEA080708E2FE98B2
:1006D0002C0903F5FE42FC2B20F804050C470314FB
:1006E000E20803010617FEF8AE01FEFB0BCAFFDCB1
:1006F000BEEFF2F1FAA4FB0AF10802070BA400FD19
:1007000007F705F905F0FCB4ADFE04F8FA38F9F87E
:10071000EFEC0209FC33F9F2A405020001C1058ED9
:100720001EFD030A09A302A2C30603F5FFA3F9688D
:10073000E5EBFE09EB06F34B1C09E8FEC535E125A8
:10074000D9020007FD35FBCC9007EB14019EF9F0B0
:10075000E7FA05FE0A3004B7CCF6FB07E4EBEAC87B
:10076000BA07FFF90118F88F17EDFA12ECB60091ED
:100770000F0505FC041D06B8B2FEFD08F8E1FDEC0E
:1007800002ED070708CCFF54E307EE0B0D04FDD97B
:100790002FF4FFFBF0080147F004FFFB04D6FD65D2
:1007A0001D04E909153701A38DF5FB06E919F46766
:1007B000FFF80B0813D2FC500712081211E7FD5086
:1007C000C4FFFF0201FEF948AFF5000905A609F4D0
:1007D0002B0802F6000BFBCB3FF2080A099A00DA5D
:1007E000DD0508FD021E02AA1604FBF802C7F6C0CA
:1007F000BFEBFAF2E3F5F901CC0001011548002D39
:100800000003EDDCBC2DF6D605FCF5F91FC5D2348E
:10081000D8F309013B26EBCDE902000010BA2AF11A
:10082000B202ECF237D223FDD102F6FC01D3F60C72
:10083000BFF3F00614F4BAB996DDE1040514FAD159
:1008400017FDF3FFB236E0E312060D0436CECE9B61
:100850000A04EAEF40B6C818B5E5E8072A32BFF344
:10086000C004FFFA301018D14AF9FBFEC930D5B7E1
:1008700064FDFC0709EDC8F85904EEFA43CA2135B6
:100880009702F0EB220E2BC4CDF90F00360FFB9B25
:10089000A608EEF9E9CB25FA0505EC0240BBB73115
:1008A000FFFA07FA1F0B010537E7E6FFFBE6BF9DDE
:1008B000D808F2EAD7FA1CD99C02FE07DA01C9D49B
:1008C00009FAF4FBE3AF1DEDD600F6EB2C16DADCEB
:1008D000DB00F0FE1249B7F11D01F7E44235DDE718
:1008E0001C04FB06C6FED923BE01F10115223129E5
:1008F000E1FBF1C7FCFE19113202FD043BFCECBE2A
:10090000570AECD49A2105E6E707EE01EDC8B0C31B
:100910008BEE010033FD8F9A0106090021EBBDC06B
:10092000B900EEE396A4F6D1D9FDFAF43A3D08C930
:10093000EFE0F304C1F8B58CF9CEDC00C1EAE6E6DD
:1009400040FCEBF50E2CE7CCD0FD06FC2628D5C8E4
:100950005D02F4EAE3A625F2EFD9E80926169FB571
:100960004403F406FBC32BC23AE5000224C5BEB320
:100970001A08F804A9EEFFCE2107F2F5A8DB14DA75
:10098000B502F3EFBD2EB426DE010E03D4EAA0F1CA
:100990009409EBFD2FDC08255402F3F429A2C2D1FF
:1009A000EFFB1108E50318A4D4E1EB062FE69C9EAB
:1009B0000700F6EBA9A20CE21701000BC4E39ED0DE
:1009C000E8FDEBF3EBF3301A4406F7E0D6461FF5EB
:1009D0004400F4FD9ADEF9043305F0D60FD607166D
:1009E0008A0004F7CF2D12E34F00F0F9BD2CF4CFAD
:1009F000BBF8F5C51FCE0136F400050721FB08C87A
:100A0000AAFEF3DAE3FA23BB16FCF7F7A697C8C9E8
:100A1000BEEBFD02C540B6C9BD080706111FC8E4FC
:100A2000FAFFF3F102FC331729FCFCFA363CFCBD5B
:100A3000E4E2F5081930C3A09DDCD80811DAEAB663
:100A40003EFEF1FC1C2B2FF3D7F30F0629D4D99CC3
:100A5000FB08F4EE4A1826179EE0F00F2A08929B36
:100A6000B101FE01CBE1FC08ADEEFB043BFFEADB8C
:100A7000F802FB03BBF309F216FEF9F542BDEE2ABC
:100A8000AFFEF3F9B449BB1E2FFC010BD503009C4C
:100A900026FEF2FE11250DC05804FBF5462ADDEEB8
:100AA0004FF80C05231EB5E340E0ED0E49AA9CB9B2
:100AB000F602FBECE8471BBA32FE0A0CD8E1EAC1A9
:100AC0004FFDFCFF0AD01735F7FEF4EE18E43904A9
:100AD000A901F9FD1F0133B99DFFF9E2FD202CE1C9
:100AE0004AFA0604E69DB60B1001FAFE43C10BBF9D
:100AF00012F6F3CCD507B808050903FDBD11FA0CB1
:100B00000CFBF9E21DF22C25B202FC00E6DCF1FD43
:100B10000BEDFB05A845DFFA39FDFF03E5321BB8F5
:100B20008200F7FBF9D4342412FDFBFCADFF180062
:100B300083EDE9089E3DE2E93FD8D8F5EBD8FD9E6C
:100B40003EF8FB019DA7063405020AFEC8E506EE45
:100B50004DFB00F5C52BB30796E0EBFEA4CAE3C33B
:100B60001E02F801D8FB24F1F4EEFC053F21D296D9
:100B7000F10102050FF11C174AFAF603ACE2B119B4
:100B8000F4F800FCF22634C3EAFF0AFEDA82FBC165
:100B90005BFDF3FD3D2CFA318F00F800A6FEC70582
:100BA000DFFE01FFF5C4DA9AE0E1EB00CFFD098B2F
:100BB00029FDF6ED45FDDFC15204070E53D2A2CD4B
:100BC0005D00F8022904FDC758FDF6ED2519F12C4A
:100BD0009AF9FEFF3DADE9F2F303FCEF03D407DA27
:100BE0004F04F905BCF6E119DEFCF8F8E6FEC30097
:100BF00044F0F9D9CFFC2A15500205083916D4EB78
:100C00008BA1F30707F70B03B8200A06FF06A8031A
:100C10004E1BEDFE1307E0F7DCEF0407F912F3FEBD
:100C20003EFDFD06FD0AE400D913070EFE0EA103EA
:100C3000E3D0E7F513F1E9EF0BCAFCF40CD627E794
:100C4000DFABFE0207F240FAD60105ED1501FFFC0D
:100C5000F8D7F80CFFFBA0FAB9D4EDFB09EEC4E518
:100C600049F704FE060C18068F9AE6F7150443FBB5
:100C700025010907F9FF1205D817FB0205F1F90153
:100C8000EF15FD0C08F70F00CF1000E81513FBF669
:100C900025F5FA08FBF8CFF9D3B8FA04F8FF3700C6
:100CA000190601E6190722FB32B9F3F60BF10BEE38
:100CB000CD0BFB020009C4045CDB130C1B0DDEFA38
:100CC0008E09000702FC00F8353EF004FC114EFBD3
:100CD000D901FAFDFCFE9CFA14CC0101060B4DFF74
:100CE000D2ACFF06F70D09FDF208FE03FAF8A002E8
:100CF0006726ECF8F4E060006FEC06040515480385
:100D00009FF7FB01F8FF32FE983302FFF9FB3B042B
:100D100024AFF1F512FE30F502F60907FD121003BB
:100D20002923FF0409104DFB030D0605F60F4E01A4
:100D3000B594DAF616F7AFF2AAA3EDF418DDD9ED03
:100D4000AD09F80102EDB2028302FDE8140C2200A5
:100D50009CAA000B040630073496E9F41AE9FCF665
:100D60005F1100FFF607A0F95109E9FE15010CF625
:100D7000D8B50207FF01DD07BC19030904FCF4FE26
:100D800004B4F405FA04D10141B4FEE80F0CDEFC12
:100D900063A7FA0500F9DCFB5AB8FC0900FC4A031A
:100DA0001E8AFAEA1E1028F79CB0EBF81AF0E7F05A
:100DB0001EFA020CF90E31FF11AC120C0D19BB001A
:100DC000CBD20302FAF6D9034F0EF80B060DD5036A
:100DD0008D9B0003FA00F5FB91B5F4020610230089
:100DE000D404010DF703ACFCC4EEFEFFFBFFF302DD
:100DF000EBECE9FBEFEAC4F3A0D00307050EABFF71
:100E0000480FF70706033E0707D90309F907DBF781
:100E1000B02AEEF71CFAFAFD27340A05FC15B204D5
:100E200047D1FC05010A430B97280206FAFC2C0463
:100E3000C028DFFA18E9BFF81CA8F5F812D409EFAA
:100E4000910DFB0A0BFE3DFE08FD06E91C090B0097
:100E5000921DFB0805FD250BD922D8FB24EAE4F3FB
:100E60005BF1FE0A0200FFFC01A1E4FB14FEB0FDF1
:100E70005DAD0409FF0B05FE5E0FF80B03F6E207FC
:100E8000CDEDFC0D0105B40583D5FAE91B0922F867
:100E9000DF9BF20C08022600D53D030701F7CCFBCF
:100EA0008512FFE51D0A94FB3021E5FF16D7E2EC21
:100EB000CA9DFA080C0C070AEC1B0D01141297FBD3
:100EC0005728FA08FCF925FFC3D0FD0B0401C1FE29
:100ED000EC3B090402F60DFBF529F0060E0D0309A3
:100EE000BD090603F80F95FA3C26070500FF290106
:100EF00095DEE50902EBA3F923F80205020EDF02F5
:100F0000F31CFA050FFBB3050437FF0B02F6DB00F9
:100F100097A2E9ED19F61EF2D500FF0B03074BFA75
:100F2000951FFE0608024809D2090507F502B5F823
:100F3000FBFCDFF513F51AE7A092FBF814E01CE7C1
:100F4000CABA000CFAFA150C4FCB01E32108EEFAED
:100F5000A534F106FFFD0B0B020BE2FA1FE4DBEDFB
:100F6000B311FF0AFDFF00010929DEEF0FFEAFF10B
:100F700028F10D09030420039AB4F70509FE9A0924
:100F8000CF06EF0D01FDDB0C0A2A05DF200C94EDE6
:100F9000E3C30009FAF1C20695C6FB0603FCFF0293
:100FA0009B2608DE17098CF81BEFE1F71CE616E418
:100FB000D40EF3090D043808F8040F0B1219370387
:100FC000F29DFB0FFCFFA6072A32F50B0206120169
:100FD00037C6FD04FD00170720F6FA0609FB2604B4
:100FE000B3BF010AF602B902E7AA070803F59BFBA3
:100FF0008F18F005FEE7BBFD461800050603F7074E
:10100000EA00F7FBEFE69EB0C284FDFE00A2BED46C
:10101000FB4EF302FA38F6C4D21C060209ACF9E022
:10102000CC9906F4FFB1A1DC1CFEFEFA04BE40130D
:10103000D1BCF3EEFB2522A094FDEBDCF0CB99C0F4
:10104000DA41FBF2FD36DAF9FC38050AFD3ED2C87A
:10105000E5DEFDFDF7F1161AFC11EBE700D926A439
:10106000FAFDFC05FFD5DBF0F4EAF2F9F62513ED05
:10107000BEE4FFFB0729E526D62FFFF2FCD80110BE
:10108000F1C404FCFDF5F803D33101FD010EE6C205
:101090008E4A00FA05D80EEFD1DFFDFBFA0040C4FE
:1010A0000A81050302CF2309903BF4E3F602FAEE2E
:1010B000AFA300F9F9C337142FF8030012F114D2CB
:1010C00091C4FDF3F835161DF197FEFCF6D83518DE
:1010D000D40BFFF7032908E7D89000F7F237F1BBEC
:1010E000DCC00BFBFEF13B20BB22FBFB03B114B3C6
:1010F0002014F6FAD5FE0B2C114FFD0702390825F6
:10110000F80606F5EE0EB12E255507F504C7190EA3
:101110002219F600FBDBEF98F56102FF070D38ECB2
:101120000AB301F6FCAC31E725CD02FFFFCFFAD7B9
:1011300028E5F3FBF91008ECED03F9DDECBB15C075
:10114000074B06F60028441CC3DBFC06F9AAE5DBC6
:10115000964B04FAF8D5CF0506E3F4F20348F39E64
:10116000DBBB04F901EEACE0F801FAFBF7AEFCE3FF
:10117000F7FF00FB00E8D107BE4906F500162CC2B8
:1011800034C500FC041C46C701260A01019920EC65
:10119000AFACFFFBFF4AE0B1F05D07F5021E28028D
:1011A0001DC7FB0CF7338E8CA744F0EA014B40BE01
:1011B000BD5509FEF9082FCFE6E107060C1E4304D2
:1011C000B3D803FCFC2EADB21017FFFFF3360DFCB5
:1011D000D056FCF9023524D6192A0EFFF3C599DE44
:1011E000249007F8000C9EFF123206F3031B26BF63
:1011F000E319F5FDDC35BED9C7A2FD0007A11FD359
:10120000FD2101FAE3320803283DFFF3FD3C44DBF6
:101210001B86ED09FAA928080B320CFF0703B91E3B
:1012200016BA0AFAFADDE3DE10460DF7083BD0F7EE
:101230002388E40B0308DFFADC13EDEBF442E1B2A0
:10124000A1AF0AF107E426DC0ED1FB0C023FA0910E
:10125000AB3E0800009AEF06E8E3E80CFE36A3C7B1
:10126000E4CD02F7084FBFF0BA0BEC0F03FBF8DA3E
:10127000A203FD010226C633009A0BFB00F2CDEC5F
:10128000EBFE0BFD03FA2BF32E070108FED5BD0084
:10129000F5F3010005982224103F05FD00F8C7F77B
:1012A000BF56F412FCC03FBCB04BECFCF6ABA5ED56
:1012B000945E0DFFF5EAD5EEDFED010A1208DFB509
:1012C000ADF109F2FFC7EF09061809F8F40815C8CF
:1012D000C2E105F302AA16330CB40DFAF946A8DEF2
:1012E0000BA90FFA072531E40CC007FB01FFA9CFBA
:1012F000EA03FB02D124060B09B40703034FA3EB57
:10130000A11700F9F6ECCE27D15A08F6041CA5C2A5
:1013100031A3EE13F5192D8A8DF5FF0408EF02298C
:101320000E4B0D00FE2111F321DF07F10E21F928EC
:101330001414E211FCF9E2C0CABDF0F8F1C6B2D251
:10134000D2AA04F9092C38FC1923F70F039A8EED61
:101350008FC40CF6021A2CE205BEEE0CF6A3DDF7E4
:10136000A0980AF508FEAC22262DE10EF9D106B3AD
:10137000A3930AFC00C02EAACF1F07F806B4C31619
:10138000232104F60397E8FDCF0EF00F011BB902ED
:10139000BE6703FE0ECCC0B0D98109EF08C3D4FAF2
:1013A000E618F913F71CAFF3AC1CF30BF32E02F79E
:1013B000E02F0DF9042348B0FE2A05040812498ADB
:1013C000B5E90CFC00B50B07DEC509FBF7F6FBD24F
:1013D000FAD701EF032F43F332F00BFBF602F5C20D
:1013E000F1A606F609E32CB1068808F0FEEB39E316
:1013F000C426F2FEDCE432CD2DEE08020944D1CE43
:101400000122C9FD0A01FBC90AA9B4030AFCFC09AF
:1014100003C09EEBEB1EF739F05DCC0D02FC102EE5
:10142000FB92E3FC03FC03D20E06D0050001132857
:10143000FBFB0BEFF50FF806EF31C010F415F53795
:10144000D421F2FE05FC01C102B3A608E11501AEEC
:10145000F165DFFD07F702EA0D2B96EFF31EEAF3C5
:10146000E5A4B2000BFD09E705F9C0E8F215F6F9AD
:10147000F52219020B0205D204B7E8FC0CFF05E1C6
:1014800001D0A1F3070605CE07F39D0EE32216E473
:10149000ED5D2DF704FD042F07E5FEFD09FC0814A2
:1014A00003529E04E216090DF4A3DFF8F413ED9D38
:1014B000DFB614010C010EAF072F03130A1213A19C
:1014C000F891A4F90AFC0725041CCDF401FF0B33A5
:1014D000053D3703050205AE0744E803FF0806D7BC
:1014E00003BA18FE00F61909FA91D4FE06F700B502
:1014F000019540E7FEFAF03E0140B9FF04050625DC
:1015000007B4000105F505AD0005060901F7FBFB71
:10151000073396FCF11BFDBEF793DC050AFC16B100
:10152000FF0B0103020209B90C349A0B05F4051CE8
:10153000045CE4EAF419ED40F02FE0120019E61122
:10154000DE2CD80407F90AFB10A6CC0EEA1202130F
:10155000E84AB5F90504173A0ABC17F2F31FDB1B7A
:10156000F399B6000B0101D903C52CF7F017F99ECA
:10157000F205B6FE070208CD042EFA0305F9F83A83
:101580000B4DCBFE08F710FC14C9AD0EE718111E69
:10159000EF1CAFFE07F80BBD0D19FC0A0802FEB2E6
:1015A0000BBA8B0BDF1A0729F2AFC4EFF913DFFB7D
:1015B000F25D0BFB08040FCE0113DC110416133986
:1015C00007B2C90602FF04F50336E8FB00F70DD2A7
:1015D0000705D50306FA0DC5FEFABA0402FB15B2DB
:1015E00000A0B30101FE0AC3F9C6D50009F7FFED5B
:1015F000FFB3E6EDFEEDF9E7FE3BA104060316F0AE
:1016000004AE04FC04FC129D05B22D0D05FF03B7CA
:10161000F95229F0ED1DEFCE02251A0203041DA098
:10162000F488170206FE061806CFD70E07010E3AF9
:10163000FBEA13DEEF18D5CF03040808F617CC0336
:10164000E9A6240208F8044609E2A40CE918020EEF
:10165000F61DF0F704FD0ECA0433C5E1ED1CD12BD5
:10166000FFA2060C09FF122DFACDBEE1EF17F00F15
:101670000341E90708F80F97FEB20701030104A22E
:1016800005BEDCFA06F7141110D8B90DE61903AA45
:10169000F46B03F609FA0DD10F593A0102FA05AEBF
:1016A0000225010EE11E0A17F0C604F0F318CAF96C
:1016B000FD272DFF01F810030DD6B00701121ABB4C
:1016C00001B0B20606FF03FF07FBC0F7FBF915A444
:1016D000071DDD010BFB00A207D1D0F903FB12CEE1
:1016E00004A21C0D08021129F3B12AFF08FE099D6E
:1016F0000784D4E9F6E9FEAD0266340E02FD13BF9D
:101700000598B1F4FA07159B09DD9F0004000BF85A
:10171000FBCB97EEF018F3810A2C1A0AFC050BCECE
:10172000031D00F806FD160608C7AC02010F069C53
:1017300000B893DEEF14D1C101E01BFBFC11CD8B8F
:10174000F3BFABFE00090CB40484ECFEE512F428F0
:10175000FA63A1F9FFFD0BCE0C44DEDDF309D10ED7
:101760000C06C50A02F51424032FD8EDF50EE1D7B7
:101770000C49F00E05F91AE3FCFD01FA04FEFF3CEA
:101780000B1CC8F506020FFE0845AA01E218061355
:10179000FB36D50107FDFC060EA2AD0C02FA0AD2FB
:1017A0000291BCFFE415FC30F61110F0F311D821C2
:1017B000FEA4DC0102FF10E902E1170B051B140770
:1017C000FDA3230903FA0DE0063A00F9FEFE103BE3
:1017D0000929F308020212B00396C5FE0305123C64
:1017E00004CDE706FD0C0B0B03D237050503021DE4
:1017F000FF2DEAEB01FDEAFA0940BD080AFB1609D4
:1018000001C40006F7F7E3953209B302F50D17A9F5
:101810003A0733E314FCB412FEAA1A0602004EDCA7
:10182000CBB10505FF0B9AEE1121FD0A0007C4E0BC
:10183000E3D232E417F50001E4D3D0EF02F3FF8ADC
:10184000DEEF060AFD0D21B5B9E48BF816FCDB3E90
:10185000EDDDA804F5039E3121C0F0E714F4042463
:10186000C4DCE008FA051DCCEEFAC4E314F7C0911D
:10187000D1FCD107FC05A3C1E8EBC201010D992FF2
:10188000BCF2FC03F808C02CE323AAF00AFD2AEFFF
:1018900001BCCA08FD109936BEDDFE09FA0CB7DAA4
:1018A00027DDBBF3080008B7EEFEADEF08FB17F429
:1018B000FD94B306F406C5361BFBFA03040FEFEAEA
:1018C000A7B28807F710F73118E32C02F9042FD6D6
:1018D0002130220AF30A4EEAE8F60A02FCFDCBF9AF
:1018E00008BE960B03089CFA20E1BE04F804469952
:1018F0002AD806F602E100D5EDDD33070506EDF640
:10190000BECA2AFF01F5CD1700D0B001F510E625BB
:10191000BD29E7E110FEC930CDB8BB0EF608C5DB26
:10192000D7CBAC04FE0C1639B7BC1D0AF307ED2A61
:101930000C2C39DD0F0845A9CBB949E9FAF5F42794
:10194000F4C91108F2120DE6CA03B3EB0CF6DF9FDF
:10195000D3F74506F80E4A08F6E98FDE0D03EDA130
:10196000ECD0430BF510DB36C2BA03DC1002FAF3FD
:10197000E4DFC1090009E2B804F5FD08FB0CBA4236
:1019800003161707FD08B9B9CBE213EC0FFDCD859F
:10199000DDE29403FA0E0D13F2CC8208F20FE1E7B8
:1019A000CFC6E0F40F01ADEDF4992DDE0805B61EAB
:1019B000C5A3DA01F90B2DE716D2CD04090C492095
:1019C00007D1580EFC069F27D4C69A0AF707F5D60A
:1019D000FE28A00AF504C40718004405FC024D1FA8
:1019E0002B19CC0BF4FB1B3FD514E707F3033FBFC8
:1019F0001CD2B7F502DE3EA00BFAA000FF08274D6F
:101A000025F35705F7F816F1BCE59209F30ACC2641
:101A100028C9F4DF14FEB73291EE350DFF01E3A7BC
:101A200013FE1E10FA06CCD10A2A0D07FA03DF3C7A
:101A3000E008B4DE0C0522D89DB9D0E4F0FD2F29D2
:101A400098B4190FF50C30D9EB1230ED0D02F72CCC
:101A5000FCEC0003F70AF61B36D3DEE31302CFD506
:101A600088BE4204F3090416DF2BCBDC10F9021107
:101A700097992803FC0B059DC3EFC009F808324075
:101A8000B807C207F60915C3281058E11701F8F581
:101A9000F3B0AD09FA0EB696CBD8E311F408BFEC5B
:101AA00012E893E61501AC1AADA1F7E00E03F31BA3
:101AB000A3B8DF0DF60601D030E8AC07FF0E2F0B00
:101AC000A9C4D509F206B8A9B3F88102F60A0EC274
:101AD000D0EC3A04EF05469ABD0F3B040503C83D20
:101AE00033FC910AFD0B1ACAEAB6C210F50526BDF1
:101AF000D3CEB9F00AE4E09F260D4A070004EFC7F1
:101B0000D0AE22FEFDF5DE38E40A8811F6043F9CD3
:101B10003633BADE0FF518A98BF75B0605054128A9
:101B2000F1AE520CF80C1FC92C300D0CF905A1F1C7
:101B300002D8C4E50AFFCF36B1C318E4F8F648C8A6
:101B400093CBC508FE0D25ADDF10A6E81202F317F2
:101B500098F6D607000447A918128CE201FFA3E902
:101B60008DCD3B04F80B99CCC812C0DF12F948297F
:101B7000AFDA4E0BFF05080EFD1C22120112C52C18
:101B80002AD3C205FB0DE6261F1208F010FCA1DACD
:101B90000E9A95100012472538C04C06F60A419C53
:101BA000D913FBED0DFFADD9958B50ECFDFCADC20B
:101BB000B3936808F60DAE96E5DD9C0B0C10149CF3
:101BC000F1CDBE07010B1ED2130CAB080002C9EA0F
:101BD000BDFB9806FA0AEFF91ED28A0C05F71FFE24
:101BE000E41F170DFC06F33DEAAB180CF10ED7A06D
:101BF000ECEF12EE08EB10F5002C1D09FB0712218B
:101C0000B0B80ECBF907010D160305B104050700A6
:101C10004005EBA1F0F208020F0C67FE0C0A091157
:101C2000990521DAFE090705EA0987370302020947
:101C30002101F6F4D5F811E3BE0BDCE7FC0810CC6B
:101C400009FB0AC9FD040106AB09A9C309F10C0C83
:101C5000E2F62B26FE050A090A12BFA3DDFE08E400
:101C60000E0CECBB05060707FDFE162CE6F50FF67D
:101C7000CB03EA080904FD0A250238A0FA0706FE8C
:101C8000F30B9319FB05FE07CF0AEB1E10E51801B5
:101C9000FBF868A6F50409071413C51FFA0904F830
:101CA0001A0BA19100EB100B27005BF6DDFA14D0A4
:101CB000C50B3828FB020308F70F4D120E0318144A
:101CC000DC001EB6FE0508FD260F0939F9FC0B19CC
:101CD0003C0EBCB10004060FAD01C00C0507041694
:101CE000AC020EB10D08080E4AFEF7A3030202FD76
:101CF0001E00531FE708F4EB3F07A4C602060115B8
:101D0000B6FC1EB7FB0DFF04B403FCF60303FCFF97
:101D1000AC05E326EAFD07F4990DB33E08FDF90A88
:101D2000D4FA15CC0207FD13D7092FB40407FD1907
:101D3000EFF4F4CDCB0A0ACEE4161B07EB050CC476
:101D4000E800FAF6FB0606090B111C1D01EF0C0951
:101D5000CB025EEC020CFA0F1D14A222D60402D4B0
:101D6000B7103DD6010A0610E3FF9889E2FC0DF496
:101D7000E010CCCF0503090CAB06A025040DFD0136
:101D8000B907F29CFF06FC04320EBB8A00EE0A087B
:101D90000906B3A5000605F83513E6B60709FE0DDA
:101DA000990EDFDD08ED0F00F5FB2ED1D80B07DF14
:101DB000C711482C010A06080008C2E015011219D3
:101DC000E00157D50506FC031309F22B0103FA16AF
:101DD000C10B143E0607090431FA5BDF0009F70A5C
:101DE000BB04059E1304F81808F519C2060009087B
:101DF0009E049A37EB0DF8EDE5070E320B04FF1148
:101E0000C702AB10F809FBFFBC0BC5BE00070011F1
:101E1000CA028D84EAF902F9A50371B60501060B21
:101E2000CE05F23CFF0BFB0F10131CA00BF9010BAE
:101E3000F4009D14D5FE00E2B50C3FD7ED0500CEB1
:101E400019FDD9ADFF08F8039E05171603F518FA1A
:101E5000DF0139B30502000A2F1083A4CE0008D396
:101E6000A80CD91802010A03270056C0EC03FDF79D
:101E7000C20997250E00000607FFABFEFF07F7F823
:101E8000B10FECC80401FB014B0BB29401F707FF43
:101E90009206E7E601080409D60E32AD07010110EB
:101EA000EA094F0F05F5070395F53F02DB01FFE057
:101EB000B604BCC7000BFB15DD10FEA40C07131EF7
:101EC0004402D8F3000600FCA00441B80501FF1647
:101ED000DC0D56B906090506C60489CF0706F409C4
:101EE000B60727AE0CFBF8163F02FFB3080104113A
:101EF000F7FDB94DE209E8F5CB15F0070603060B2F
:101F00004AFA47BEF609FD09E309BBD405FDFA0A02
:101F10003DFC86D6F8F802F3EB06B9370802061244
:101F2000F908C715FD000116FF1245FC0C01090256
:101F30002102EAD8DCFE00E6EE106C0BE5FFF7D6D6
:101F4000B304A1DCFA0302053412E0AFF9EF150384
:101F5000EAF5D4F7FB00F4143D122586D5FFF4E72B
:101F6000ED05D4EF0DFE071311FE4FD0F2FDF6FF85
:101F7000DD0BF43503060603D3F9FBA3FE0406FECE
:101F80003B0AC1A3FC090110310EFB1906EB0F023D
:101F9000ADF7BAF50300FF03BA0CBAAF0803FD0FA3
:101FA000F40AFA90FEF5100515FE3DDCD5FEF9E7C2
:101FB000100D9BAF0207F716FA1131CF060610106D
:101FC000D4FAEF39FF0801FBCA06F026FC06010D22
:101FD000A4138AD00706FA0E1C01029E0209F80516
:101FE000BA0B199902010313FD0841E609FC030528
:101FF000CC07C113E009E5E31E1556AB0604FD143A
:10200000F0FB35000102FE1EA500FC410AF60A267F
:10201000A3E31A47E413FA9EEEBDE058070306EC6B
:1020200020C40E050FFB0D00AF2B079005FEFD4DE4
:1020300036BCC586EE02FDCFB4F3E5E3E8F8F8B6AA
:10204000F500B1E10C0309A8E520F19AEA06F92AA6
:10205000C1959ACC05FD0DA702BBE00BE805015325
:1020600019E5E14108FB0849CEB0F1B0DF09FEB344
:1020700036C993940D030B0FDACBF2D507020A9BF6
:1020800036FDF38C06020BEFA8E0D82AEA0F03CB4B
:10209000FCE4DC6907F90F1C9D073202050411E01E
:1020A000373A0F23F00805072BA1E3CDEA07FE140A
:1020B000E2DDA6140F0603E50FFEB8470A040F057C
:1020C000A09599430CFA0FFD4DDE31230E050BE769
:1020D00043C61ED008F60503A0E222C70C0401F592
:1020E0002522D9C70DFE0242F60DC8390AF706357A
:1020F0009F1FBCD6F60FED3350D7DFDF0EFD083E35
:10210000A604A2C20607F53A44C1342C070102C155
:102110001BD2191CE310FBAE3DF2E2CD0A07080703
:10212000E8B4F0D413FE09EBE612F2260C070046E1
:10213000D5CD2316EF00F91EEEC1ACA0EB06FBAF28
:102140003DD38C2C08070644142BD958EF08FEC841
:10215000FFA69F241106014433BA2C1AED0C061A6F
:10216000D9E2811E04010D9ACBE52B9FEB0102BD44
:10217000FEE2F3FF050109B9A8F4CE1E0707090125
:1021800011CB2A1E0A00022B4A13D057F20B06EA83
:1021900025EB8C0C0B0006CCC8D9CDAA10080497EF
:1021A000B80DDA9DE80C0628E1BDE4A3EE0206B006
:1021B000DFFBBE410605020A0328BCE1010811410C
:1021C000E2E29CE10FFE09F52BB6D6F20B05040105
:1021D000DCBCF0CD060603A30D24ED310702F74A5F
:1021E0000809C9DB07FFFDC4AE23D5910DFF0C190B
:1021F00008E321FEED0DEAF24A132A3709030950DC
:10220000BB35D7AB020FFA31DFCB1C9E12FD05B1F7
:102210001F2FECA9F30C06F5B3D493F80D070611A4
:102220004A1FBC8811040EA0CEB0D0E8080004A557
:102230000EF602FFF90104431DB9CB2FF10DF8F0A2
:1022400036CAA7DC0B0B07F7AAEFFBCAED04022482
:10225000D9EFFCB50FFF09AFFAE3123EF8FE02E832
:10226000F3F9F2480C02052AB0CDC51EF100FDFAC3
:102270002DBD97AF0A0003FCDDF2A7FC1006082570
:1022800025E91D210C090538BF301927EB06FCD5BF
:1022900092ECBDCC1004040811F8EA990D0C07EB80
:1022A000C72C05E3F10BFCCA41C88C15F60B03D70C
:1022B0009DEFB4100B0503BC2B0CC9DD0A040847C5
:1022C00036B0E2E20F000712C826EE5B0BFF01E911
:1022D00040BD28CF0FFE06CEEBF8E8B40F0204B9DC
:1022E00095BA34C00B0208B9F0AEE0480D040CDB1F
:1022F00038F10FF6FC13E8BBDB29305B04FF0AB0B2
:10230000081FDB4B0B0EFFED19EB06A0110701ECCC
:10231000F420DA29EF0A00BF158AF1AF0B0F07D0BE
:10232000C625CB8514040B29D534D4480B030424CB
:10233000D3F9B8B00700FB4E8C95B457F312FAC42A
:10234000ECA18A2B140E0618DFDEC1B3F20700C41D
:10235000B2E1D0180E0A08B5EE1226120DFAFA52A2
:10236000CB8887CA0D0903DD20B3EE0D0008F81DE8
:102370000505F1D80B0202031AC3F1081105073B4A
:102380000C21318517FF0C191FB5BD83F00B01B16E
:1023900096FEB5A0100702A7B42507170B0A083D43
:1023A000F4FB15BBF6090827A20AC9400908020177
:1023B00036BED02311070AF8363A054400020CB4A1
:1023C000CB94EDDB150504C84424F091120907C92C
:1023D00026BEC2F2110504FBAAEE0D10170AFE4B31
:1023E00095F8F747070504F0E7C4EE30100306DD63
:1023F000AAD6E9F3FB12ED13FF3CE0D010FE06C2B3
:10240000A2C2A9B3A6F907F7FE4A0EA9CD02FF069C
:10241000114709FF0EF9F4F603B70B91B700010B52
:1024200009B509270FF8FDFA0127111C2305030C34
:1024300001F1025F25E2FBF4EFEE126C1BE206E510
:10244000E3380AB4C500040206980F452301F109D8
:1024500013CCF931A8F8010213EB0F15B6DAFFEF30
:10246000F73D0C13A00C0609024D018EEDE9F7F0C3
:1024700001E00E2CDF08020B05E806A717FDFEFCA5
:1024800002CB104F0704FDFAFFE615E0140DEC0E29
:1024900018B4F8E00F030106089814B2D20206FB44
:1024A00000090ABF1004F1FE0BF0F5DF8FD300EC3A
:1024B000E2090FA3BE0305FF0C3212A303090B139D
:1024C0001CA4FCB9E40204FF06290996D209FCFA0F
:1024D0000BB30A3D1EFC08FFFB1F064A070603FA62
:1024E00013FC0F20C70C010BF908FFF5B805FF041A
:1024F00007D1089418E308E1F1081040CA04010468
:102500001CF1FFD1EFF8FFFB0E080A3CA009FF0801
:10251000FFCD07C1F4F3F7FB0FB403CD9F07FE1502
:1025200010F20191C1FDFAFE06F111D3E902F50D99
:10253000FCE3FB3581E0FBF1FC960FB6D9D6FDE15B
:10254000D0F105C2E40402FFF9A412982809F709A2
:1025500007C3FB1FBE01F504081F16299EE0FEE815
:1025600004F307C8B108FD0F0A0505B5CCF8F5EB73
:1025700005270DFD020C07FF0EFF0849A903FAFC11
:10258000F9E81BD31104F5F915EB18D79211F2FAFB
:1025900018BAF5D31701FC000FC518CDAA04020A1A
:1025A00004B91186E708F4FD1E9CF65089DC06E4A8
:1025B000FEBD156A0601FCFF14390B24C90C031576
:1025C0000A9EFBCBC9050107069813B4E10AFAFD80
:1025D00009DC0DD2D7FC0506F8FE0E4F0C09F5F705
:1025E0001CFA0793E001F909039A02C61D06FC02D2
:1025F00002310B0EFBE8FFEAF4B50FC9D90A060257
:10260000023F0186FE06F9F9FC1C0FE41D0DFF0FC9
:10261000074702C001F7F4E70810FE6CB90D060D7C
:102620000CD00860FFFFFA06FE1B0AAF3D0205084A
:10263000024CFF64DFEEFADE07AB05BEC9DFFAD954
:10264000D9D21402BB08FC0AFAD20F118AFFFB058B
:1026500015D4F90AB905F50903040BD391E5FCE596
:10266000FDEA0DE12704021003C9FEB7FBFDFBE6FE
:102670000E9D04A8BB0DFF050A2EFD073704FA0EB8
:1026800007A71331C308FC010A2B151C1607F2FC1F
:10269000050DF917BFFCF5000DB111EC2A00020C75
:1026A000F9BD13149709F600108CFAD2A4E903E4DB
:1026B00004870D5F1106FB0408BA0CC32E08071728
:1026C0001A3E0327D501FD0CFDEB102F050CF8FC7D
:1026D00009F10E1EE603F80A0CBD0D4E1F05FEFFA4
:1026E00009040954110002090AF706CAD10AFD0BB0
:1026F0000A120CF543F004ECDB3E1CC3AF0A030FD7
:10270000120DFCFB9D0B02FCFA1C0DF3AF00020B3B
:10271000084410909300EFF107FDFD56D70B020916
:10272000034EFECF1C11FD04043C0B4DEE0703FFCE
:10273000FDC1052ED3FBEFEA0D06022497E2F8E572
:10274000D8FC14060C020309FCE917DDFF0600F9AA
:1027500010EDF45CB80AF70A12F00CAAA3F2F9DD46
:1027600001BB00322C0BFA0E0C4303579EF7ECE82A
:102770000F1E0125A10800110C01030A3705FD11E8
:102780000BEF1986F002FD0908B00985F305F1F495
:10279000049CFA981F02FF110EB31987EB0800067C
:1027A000043C15F30B05FA000998F33BC5EEF7E07E
:1027B000FB9110023303F60907320A3ED012060ECF
:1027C0001A03014126FDFE11F74B179AE905F5FCA6
:1027D000121F103FCA00010506D60F003E06F9037E
:1027E000FF950862D80A030B06EB08C7F001020D3B
:1027F000F79708FB24E903E9CFC512A12903010CCF
:102800000A3F001B001007013EC4D42DF20A000944
:102810002ED21CD396FCFDF8F62F8BF2FA060A0195
:10282000B1081FB95619FF0B38E0D5C79210100830
:10283000FE9CF4011B08FBF5CA3C02B3B9F413FA81
:10284000C2BBFC9FD40A0B0AF1FFD61014F4020598
:10285000C53192D5341405019DDAD8242D1004F821
:102860005892E0A018050601D69F09D6E504FBF5AD
:10287000A630B6EACA040602FF14D21BEA170D09F5
:10288000A81EC50EF11604012A43FA144FFD0101DA
:1028900099F7CCE9141104053A301B26C80D100C29
:1028A000D1FCB8B9CDEFFE05A032D7BB0D070705A7
:1028B000E11997FE0F10FF081EE9D8FAF902020C81
:1028C0001FEEFFC5AB11100508D811FA8B190509C9
:1028D000B6EA30FE850603FF25D208CAC2170C08E7
:1028E000D8EC270AF00E0709C8B714F3190D06062D
:1028F000483D0FBB97F70FF5BE0825F9BF05080A3D
:10290000EDD0D403461003F923C5D0CFA90D08009C
:10291000F89D0BD82208FDF8B68FF8D0C604010840
:10292000C3CEB7F98A100900E2D6DEF74809020CD7
:1029300026C6B8C3D70A05E62DB7B5FEE3EF14F9EE
:10294000D5A7CCDEE70B090536C526DDCFF00300A1
:102950003202058AE61B06FDCDCA162B090F03ECD1
:10296000509594F16707020CBCEDE719400BF8EAAB
:10297000D0C2AAFBA30E0C07D6F9D7F62C0B0D027A
:10298000E7BF28F6FE1104FDF609EBEC86F206FD22
:10299000B2A5C9C6DA17050536DEC6BA0612120A8E
:1029A000C239DAE008ECFE07C594B6E7AA050CF2D6
:1029B000AF2ECFD1B1180A02F6B1F3E6E902070E45
:1029C000D13101B3D71107069AAEE4288F1300FC6A
:1029D000D4FBD5F6980E0505321F2D1883110EFE77
:1029E000F0EAE2EB210A000ACD0FFE08E20605023A
:1029F000B32A1C2C860107F142033C0F11090C0B72
:102A000032E61BF828030CFE2FEEC3F314040B0868
:102A10001316342EF70405F94AC998C91F0203FD9D
:102A2000E7F7B3D0B11402023B32E41AE606080419
:102A300001A6112B2A08FDECE2BDAFCF39F41CFD35
:102A40000437A8ACFB0E0C03C0C3F5332EF30A0009
:102A5000BADFF692041608FCDCAACEEADA090BF417
:102A60002436ADE103080202E19609F20C0F00F3EF
:102A7000ACD5F3E8CD080100C0D830EA2A0A050633
:102A80004600D804091A02FFFCB8E2DAE9F0FF07B1
:102A9000C2CCC3E1570F09F838A0F42FBB0A0802D3
:102AA000EB96063202F3090E9707A4A2F50C09FA79
:102AB000D024CCC009120CFDB1340DCA57020A1142
:102AC000EFE7F8CAB51008FE9FBDE0178B180502A6
:102AD000B13EBE2EC00405099CA13A0F410908FF72
:102AE00002CCB6BAF6080102DAD6B2F74A020E06EE
:102AF0000D2EFAE1B3F511F72EC62A1716040D09AB
:102B000020E8F1BD2A0F07FC3433292D3F0D0701C2
:102B1000162FFDDB4A0706033630A6FB0B000B0D14
:102B200037D8B6B84315FBFC4DC3F6DFB4030B0F23
:102B3000E7E8E6FBB012FFED0600ECCA38F51F032C
:102B4000C3F4C590BB060801002F39F6D6F20C0677
:102B5000EAD0908BC90E02F7F0D333F2DE0D0CEF02
:102B6000B21E849B6A0C08081FB227E0E11002F92C
:102B7000C2FEC8E995010802F5ADD0FD0E120000B5
:102B8000CD2EC7300F1306F716CD04020B01060930
:102B9000B3D4AAADAE1408F6110D37CBF10B0F0666
:102BA000DEB10DE1BDF80C03400FD8E7D80F0BF8EC
:102BB0004FE2F0CFC212FDFB08242434F001090CCF
:102BC0000FBECCF99F0F0B00A22F202D051A02FA81
:102BD00017F8C0C5B9070E070EF21C02370C00002B
:102BE000C4E4DA35CE04070FB204BE29E00805FFBD
:102BF000BBA02EF432F707E92BCED00B4806FF001E
:102C0000A6CD1999A00508FFFCEF200FD1EF09040C
:102C100010F63C02D81D00F0F60A2E010C18FFFB3E
:102C20000E0EEB09A8E80EF70901E802F52B0A00E1
:102C30000EF73BFF3615FDECE30931051707D5F715
:102C4000E4E29016E2AFFBFD08FE240BD78F05F9F6
:102C500002119BFF2DB50EFB0FFBDF07521CF0F09E
:102C6000E0039B0AB5D109050B08A704B9BF01E829
:102C7000ED10D6053FAF05060104A1FBEBE509F811
:102C80000BFA070FC20309F90109FC06ADE20CF2C9
:102C9000FD0120F5600EFFF90E0FC015CD29FC05D2
:102CA00011FDA40D839E0DFB0301FDFDAD04EAFCA7
:102CB000DE05250E27DC0BFB0A0A2A0AF2BA1401EC
:102CC00011182902320C01FC04F7FF161EA302F7AB
:102CD00008051102B3EA0C0207013A09D7E201FC28
:102CE000F8FC9F094FA206FD0E04AC07343109FA27
:102CF0000BFE170B3F52E7FAE0DEC605BF070B06D7
:102D00000B170103E4C6FD03F9F2C403991501FD95
:102D100011F6F501B7F708F1ED079202150800FE6C
:102D20000FFDFFFCC7A504F810FF9C0CBDBAFE0305
:102D3000030328016210F6F8EE0D90FDB902D3FBF3
:102D4000EBCBD71495B603F90FF7AB0651B308F5E3
:102D5000FD0DB9F632DD0AF610010111CFE3F8FFDF
:102D6000EB01D6FE63B703041203C40B0BFBF9F6A9
:102D7000ECF904F7B31B0A05100A1E082FB901FB72
:102D800009FAE50694EA07FC12F4DF0CF40C05FBE3
:102D9000F5FFCFF997E0FFF50AFCA60712BCFBFB95
:102DA0000E019C07C68F09FE0102EBF75CF7EFFFEF
:102DB000EEFE390655C906F60CFF0B059697120272
:102DC000101513F7A23604F80BF3250F43AC07FADE
:102DD0000EF52F0AFCC602FE0CF1EA06D3D3F80565
:102DE00009E7A70D08D900F905FADA03243B0AF927
:102DF00007FC060109CAEFF9DBD82F0B533804068C
:102E000009109F050EEEFA02FCDDF0FF62B900FE2C
:102E100008F4C10A23E4FEFCFFFB8804B3E00606C5
:102E2000080C27F9073E090307EEAC00DBED000AAA
:102E300003FD0CFE1D8DEEF9F3EE28004BBEC2051E
:102E4000EDD4E612CC3F03FF0703210AA6DFFEFD07
:102E500001F32502D8F107FB0BECA20799E6F10577
:102E6000FAFAEF05080E0CFB140D3402FED307F33B
:102E7000F2FBD6FADF1F05040BFE3807FD15FBFD3C
:102E80000C051D05A32D07FB0500A90884A309F760
:102E9000F9EFA5FCFACAFAFA0FF7A7064B300403BC
:102EA00008F1BA0E18ED00F8FB00B9F9C31BEB07E7
:102EB000F3EA050A67BD070204ED9D03AD11100298
:102EC000150B9C02D1EFFA030CF9170E34F704F638
:102ED00007FA2EFD220D050408F52B055FA0FD075E
:102EE00004DC1CFD9FF807080304D6F6180A030249
:102EF00005FE4408AFF2E704E2C1F10D43080AFB06
:102F00001703C20954B8F50BF1E0A605233D0307EA
:102F10000DFDBB0C25FE0FEEFFEAAEF8F7C6050669
:102F20001205AB0885FEFFF914F2DCFB4B350201FC
:102F30000EF843029ED3F8FCFEF8D0FD96BECD08F5
:102F4000F8CDC40FDBF5F60B11F8F80163AE0AFB00
:102F500004FC08003B3B070313EBED07D4ABFDFE7D
:102F6000FEF2A8FB10BA0004050FE802E8BB0DF45E
:102F7000FFFF88FE34EB0DFE00072704580CF90A0A
:102F800014F92A0810010A0006F7D70452E70EF0D8
:102F9000FAEEB1FAB11300060A09AF0912AAFE0649
:102FA00014FCAD07C11D0CFAF905A5FEA98FED03B0
:102FB000FFF593064304040306F0980149AB0803A8
:102FC000121A0FF8B62FF7091205AE06DBBBFF0287
:102FD00010F2CC0332A1F8020BF51E05FA0A030821
:102FE000F9ECC60529CFFC020606DCFFA5D9FD07D2
:102FF0000FFB310490CBEC07D5C4BA0A3212050797
:103000000D0B24FA200012FFFCDD2D2C2587010F6B
:1030100004001A011F310EFDEF25BCA3F400060BBE
:1030200009A0E62114F31B05009FCECFFBFD03068C
:1030300009303510121E1505E6EAB4DFA9C6EC2EDC
:10304000F7B8E7CB9BE20B03081FB5F8C8B9F51238
:10305000FF49B1B2B8CC130102BCC130FA56110A13
:10306000ECF4FF87B0160908069FEAB0DA2E1CF7C9
:10307000E64FB509BE3B02080BC63C31E0F70B0E2C
:10308000FE0339FFD8A41A02F7C1C413B89D010585
:10309000FFC1CB88E8C01500FA18F7042F0D090806
:1030A0000E3A0DFCEAF5001200ADBCC4B5F90A15E4
:1030B000EE1D8897B2D2150602A5CCE8088900015A
:1030C000080D08C5D25208030B38E5C4DA9F110079
:1030D0000625471D35C0070F08E4AF24D10A0B07AA
:1030E00000B09FB20DECFE0E0E1736B410F70305BC
:1030F0000A20DC1417D4FB0BEB55DCFDE147080B71
:103100000AA7171CA9A7110AFAC4F8C72FB00911FA
:1031100008A8C0FBF70B0905F30895A0B020FF062F
:10312000022EEB0D09A21506FBF3A9F004EA06082E
:103130000742A6CBB9060B16E80CB103EA44DA3312
:10314000F5C78BA2F04C0A070BF2DDB1F74FF3166F
:1031500007F911EB8FD91BFDFD303EE424F0001A76
:10316000E206AAE6E8FF03090745F73133BF160B6D
:10317000E6D9D8FFC621070A08D89CE91011060C29
:10318000FCF9191FFBD11805F6CCCB1AFA21050959
:10319000F9C3049AFAE11207F4F30C2707F1FF0BC5
:1031A00006219AECD52EF51901AFF0CD97F4031B4B
:1031B000EF24A2CFAB38150706F223FE05F5FF0674
:1031C000123219CAE12202040D4029F41B471401EE
:1031D0000799A630ECB3030812B9D831CD2A0F04F1
:1031E000051FF6CD12080706082096E00595FE0C8F
:1031F0000DE4C0B2D5F2FB14F4E530C233C80605C5
:103200000EFFF3D8D4DC0D08FCBB05ED0A50080C0A
:103210000ECD09EEE8EC0B05F01AEADECF3F010B0C
:1032200003099929DF4C0906FCC8BFD2C89CFD11CF
:10323000061816DCDFDD040BE9B0AEFE0027D63C35
:10324000F19D990C0236030C020B2E24283BFF1033
:10325000060D11AED7C617080202C8D5C0E7FD1388
:10326000E8C391B6EEEFFF1007F0FDEA1C1714FC5F
:10327000E6081CE1A940080E0DD930E1E2860307FB
:1032800003DEC913EC141202F513132F3196071144
:10329000FC49E39889DD0809FC0EF120DCDEF90B1E
:1032A0000DB8B13123BAFE11033532DFC650FD1619
:1032B000E6F83492F5360B010C2ED236F3190308DA
:1032C0000CC8C7C1E48BFC1104A1A7E1110C130BBE
:1032D000FE09DABBC7B8FF0D0B4DB500BB8B0C0662
:1032E0000ADBADB8BD2CFB0B0534B52CF05903112E
:1032F00010AD1820FE41F413EE2BB1C4F5BB010153
:1033000006CF1004B8590A090025FB39CC3C00133C
:10331000094D282E0D230D00E9053AE78E30010AEC
:103320000CDC1817B7970803060FA71D083BFC0F06
:103330000AAA4BCCC8550CFCD80D360AACC8E329F8
:10334000EDFE8FFDD0E6FF0F01C7F6BCD228FE02CE
:10335000FFC8BFA6BB12130CFCB1C0DC0E9A090952
:10336000DFF6F3D3C0C005130DB1F6B026F015F4A7
:10337000E32EBCCEBA5C010E0EDAE021BF2A0713A1
:103380000046E800CD91120CF5BFA4BE14970701CA
:10339000F5A02BAEC7090713F5C04429DAF9FD0ED5
:1033A000053EA30C190300FB022FB793F963F91430
:1033B000D94A0CD809B80A0D040ADAC6D927020C72
:1033C0000960A5A3C65C050CFF0ED0B1F1E60D05A2
:1033D000FE1342C5264E031811F6F8B61D4E050A17
:1033E000FF0AA618EC42040E0C244B16E328FE1527
:1033F0000F310CE5F296F70DED5344D432320A0743
:10340000039CD9130FFFB2FFFEEFE704FEB0DF000D
:10341000050C063C0037D31EEC02F9AFEE06F503AF
:10342000000A15EF00B8B105FE15F3C4050DC4FB85
:10343000031606E3FCD2E809FBF5020FF2BAE9C66F
:1034400003F1D8240D11EA020C0E021A05F78A02C4
:10345000F5FCF3AFF83DFDFFFC09030AFAF1B107F3
:1034600001F10BD7FBC7F0000205FD9E08CAD02072
:10347000EFF409FCF1FCBF02060E0225064A3F02EA
:1034800004120AE7003E010BF816FFFFFAF7AF0D32
:10349000F603029DFC59D2F90113FCD500AD9DFA4B
:1034A0000A110BE80BB21A02FCF9EFC4F4E6FCFCBB
:1034B000FEF107D5F726E70BFE0FFFD9FE2EC2134C
:1034C0000214203A03C1E0F60C1AFD06000DE306D3
:1034D000F907FB9900B6A7F70416F9C605B922004B
:1034E0000900E5280145E6FF03180841FDE630FC28
:1034F0000212F218FF27BBE30BD5C103FEAEFC0E90
:10350000000808FCFB20E6F807F6DFF5F83802FDB6
:103510000A0E08AA0C5DFC13EE00E896F1649D0B00
:10352000FD0E142003A2360A00120149FAF5EB073A
:103530000517039CFA07B7F8F402F6BAFD97E3B84B
:103540000505CB9312A3EBFE0912FDB6020DC608CA
:10355000F704F29A04D1F600FA16FFDE005B05FCD0
:10356000FAFAEE19F7961F0100120B3803591209E7
:10357000F1FDFC16F320A807090815FAFA40090224
:103580000817061DFF4FCBFDFF14019F03E70D1227
:10359000F507F6A9FF9430F909140FC4FDD8F4011A
:1035A0000D19FCE70C46A105FCFFE29C0721D3EABC
:1035B0000603ED31FC39C20AFB17F0A5FB4DF30EF3
:1035C00009120ABB01541BFB100E09CA03D9020CD5
:1035D000FD13FDCB04FFDAF90217F82902C5DDFD62
:1035E00001FDE800FCE2EC07060E09B307709F013D
:1035F000041605AF09010EE704D2C7010BBC270171
:1036000003150DA0FFC8B9FC06F1D9A803E413FB0C
:10361000071C0D29041CE20DF005F786F9C12705EA
:10362000001110B8FBFC1C00FF16F8080AC9990627
:10363000FD14093C01F911F1F6FFF414F50620B46C
:103640000503D50113E19DF80A1200EC06F807FA0C
:10365000F609E2B6FA5416010019001F0BD2BEF4A7
:10366000FCF8F4A6F915D403FC0E13950549900C4B
:10367000F306F5F1F73BE1030611063BFE3F19FDAA
:103680000A17099909A5F9FAFE110626FD12B306D3
:10369000F508EE0CF88CEAF70712054200E9D7FAB4
:1036A000091704D60660C2FEFE04E53EF833B2E90F
:1036B0000506FBA7FFE8E6010117FBDBFC0AA007F4
:1036C000060F102F064CD5F9041BFB4D08D3A2FDA5
:1036D000000AE9CCFFF0F2F40210FB4C0EA7D7F77A
:1036E000FCFCE2280BC410FEFF0D11FDFC3CC8FDE4
:1036F00007100BDD02D8F7E20CD5BFCB01BFAF013D
:10370000090C13E504B53BF303EAD7FD0243CDFAF8
:10371000031105ED0A4CE807F40AF407F1661003FB
:10372000FC092004F587AD06EE1205010963960237
:10373000F60C11E1FD519DF1F5F606D3F1B4E0C6AA
:103740000503F1C20EC8BBF700181B1F0A911E0724
:10375000FB09EDE60388E5FAF9110A1E02C5BDE78B
:1037600000020CFEED56DBFE031808F105C89C0AAA
:10377000F0FBEC27F4DD0501030611EC0B2F21F41F
:10378000040C0D020595F0FEF0190BA0FD1BE707D8
:10379000FB09ECD4F7E537F6F8130BB504DBBBF700
:1037A000FC11184E09EF2C0A0104E791F1EAB9E186
:1037B00004FF0DF4FBFEE3FAF90DF72302FAAF1351
:1037C000001717B105BEE602001218010D44C70527
:1037D000F604ECFB0017EE01FE0D06DB05C7DD026B
:1037E000F7F0ED1B0747B4FEF71318B8FE8CFF0483
:1037F000FC1305960855B0E103CEBF530531B6FE64
:1038000009091341090E00040FFDBAF6D5231DFD69
:103810001213B409E316AE0BF8E91DB9BCE9290689
:1038200006FF2DDAF3B18B0D0DFC29BDB7219108F0
:103830000F050304C336160BF1DFDAA307C110ED41
:1038400011F01598B8B913050607454AECBD12FDED
:10385000FA06F6D395B76C0A0F02EF2E3117BC06A5
:10386000F4DDC6089402A907070DCF270CD5F51182
:10387000F4E8C02A9D03DB0105040204D62C5A009B
:1038800010FD14BDE40BC0110AFF2CA22DD8270C8B
:10389000F6F842DDC7BD4C0B12FF4D4AECBFFAFEF5
:1038A0001307E41AC1F3C004FC0105ED04A327FFCC
:1038B000F5E22C9DB694CC0E0302A2EDC705B9012A
:1038C0000C07DD149597CAFB10014C37BAE0B2061D
:1038D0000C0099BFB5054F031410E3A3F9C2A10A68
:1038E0000FFD1A11BFD329FD0A0AF234B2EA00FA19
:1038F000110BE7461802E0F515E71FD6BFD04909BE
:103900000A1149050F22970109F12ACEFA331BFF4C
:103910000F0EEFD7C5BC570FF7F329CF9DE317F96B
:10392000110B1CBF070DE10B10081D0DF0E38AFB06
:103930001100B624E009A715E7EAF5BF8CCF66F2BF
:10394000F5F5ACCE00E6F5FD1106E9E2091B5903D9
:10395000F203A19C9795480617FF18D7DF1A551058
:10396000D4E22ED9B2C761020606A9FDFD11591C89
:10397000F1EA39F0F8931803110D06F8D7D21805BB
:1039800010FDB03609EBF30C16FFD7080DD7BA13AC
:10399000EEF63AD69E910A000E00A239F1DC9300B1
:1039A0001009EABDD2D61812F406E68AF9F6FB1120
:1039B000DBEEE835AB08A60E13094423BDE4B800DE
:1039C000030EF9E8EB9360001205150504075A0988
:1039D0000B0349F120F502000A06053E09D4D4097B
:1039E0000BF4B5F6EB2CF0F51206D79EF0BCAA0549
:1039F0000810F8CBD8E1EDED16ECC1D9FCC1DF061B
:103A00000E09140A28C2210411EECF0D162CDEF97E
:103A10001106CFB5B3F1CA18ECFFCB268D0C1006FA
:103A20000BF9B20331F32DFD190A474CC9192EF7D2
:103A300010F63EF4C320991FD6F32F97B8F125FF57
:103A4000DDEF2535FEA19AF91BFDBACBD7228B0EEF
:103A5000E8FEDF019D895B011D0907C1DC05DE1C55
:103A6000CAEEA2D599A006020D051708BC05980F4D
:103A7000E5F4043FCDB3400113031FC325C1D7FEB6
:103A80001603CDEE23D83F0817FFF414F92DE812E2
:103A9000E502D2A700BEE2001A02DACBD3CFF3FAD6
:103AA0001205E6FDCAE30F0DE60502B101CAB11227
:103AB000CFF30241049914021D03A1160E054AFE1C
:103AC0000A0963DD0BFA92FC16014525F3D7D909E3
:103AD0001F0CC230D2F79BFC10023DF3F91CD3003F
:103AE00014FC3BAE0C24ED021302C1B8AFE1CDF7DC
:103AF000180EFD9F2A11BDEE10ED19C642FDAEFE57
:103B00000E09DEA2F0C422041BF8BC40083290FF6C
:103B10001A071C33B42E2211E5041422F9B611FF42
:103B200011FBB5ED0BE2A500230F4835CFCF02F511
:103B30001301B80B20E72B1DCAFEF08F9EA2560C76
:103B4000CAF43C220BCAB7F81F0234DE18CC260F89
:103B5000EB094A08FDD420FE2311D4FDE1DCDA1D77
:103B6000C3FDFBDC8EA2AEFE1701E0E1DED2C01E7B
:103B7000E7FFE0ABB5C3B3FE1702239EBA14C5FA44
:103B80001E0025AD0102AA041C081B992BFDEC1791
:103B9000E00395D3D5C41B031906C8422F330EF892
:103BA0001903A820D0EE8719DD0CF009CFD4B51A7F
:103BB000BAF71BE9A09629081605492504EB9AFDDA
:103BC000070C2F21A4FF21F51AFFE541C10FCF07F4
:103BD0002312B736C8FCD9FE1105DAEC37FC53FDC9
:103BE0001EFD08A9D1E3E5FF1206A715FC0105F8A3
:103BF00014043703FE30EAED14E4B22DF0DBF3FFDA
:103C0000110524F219A02306F5F6F2E011023FFB9C
:103C100004FD1B12C9FF1CABFCFD03E2E1EF233CDA
:103C200004F60F1FF401110B03EB0703950589B090
:103C300008F10E23EBF80233E5FB00F2DEEEFCFCAC
:103C4000D0FF0DF90AFEF43FFCFC0F1998039DE824
:103C5000F902FCDFE5F61BD500EB10FC1D080DAFEB
:103C6000EB0109F8CEEBE0A80AFD100FBF08C2C4B3
:103C700001F50BE2DCF8E02A0501091BCC00E4D5D4
:103C800003F60F11C40794E7FDEE12FC2E0BA303FD
:103C900001FDFCE800FBACC7F8F11019E7031FE9D0
:103CA00002FA1116200BF99D0803FFEA3EFF960267
:103CB000DD0608FDDEF8E1DA08EA09FFD7021FA1F8
:103CC0000802141E2CFD1CDA05F4121C4E0A3EE5F7
:103CD000FCED0C04FC04DACCF9F60E199C040EACD5
:103CE000F8EAFBF62908F43705EF0621CEF7FA319A
:103CF00002F50E032E061011DEFABDBF110CEFAD5A
:103D0000FF02100A1E09E4CDF4EBEEE8260058D7B6
:103D100002F50D14120A14A2FF0207DC94F69CB2FD
:103D2000FDFE0608CEFC5F1DFDE70CF3BF0DA0AE47
:103D3000FEF10E1401051BC0EBFD030339EC4C4BE7
:103D4000CD040FF708F870CDFAF60A29C003E3DABC
:103D500002020DF2E5FE9DBEF3EF09F5040EE1D976
:103D6000E2020C03B3E9BBD109FB1109FB001D10F2
:103D7000F9030DE42AF53B1507F3090CAFFEF0310A
:103D8000F8EB0B22F3FF52F6F6ED0DFD1E0942DDB6
:103D9000110205E7B4F52EEEF6EA0B1BCA0489BB47
:103DA00004F90E23F00098C90F0608F0C3F8BC18F8
:103DB000E1FE060146EE151FF8EB0800A9102D9F45
:103DC00013041A15AAF92AA2F6EF10182F0C04B939
:103DD00000E402FE4F079B10FFEF140BA10B10B580
:103DE000F1E6F4EE16085334F9F50B07CC0885C854
:103DF00001F20C1B0F0832D9D8FACCC64E1230286B
:103E000007FC0B1C2EFC4F22F7EBE4E6E5092BE840
:103E100002EC141CDC0A5EBFF20410D82BF89539B2
:103E2000FBF401219A0BEF0BF8E30CFBA21C222000
:103E300001F1FC19A209CD8FF3FE0CF840DC57CD3F
:103E4000DFFA0E0DC1EEAB1BEFEC101AE005C5F06A
:103E5000FD0811EE89F411ECF9E404FCE3132FBE24
:103E6000EDFB021A06DAC43BFEF81113EA0726221C
:103E7000FAFE06E60FECFB9D02FA131133043ECB6B
:103E8000FAEC0A2DDB09171BF9E30803F21716CE2B
:103E90000C0712DEDFF3039FF3EA0620E40890EE3E
:103EA000FAED09133905EABD040609E9FDF28FBBF5
:103EB000E9010B18E2E523C5F0E50702DF1010FE6B
:103EC00011FE15104603ECEFF2EB071D3F0ACA0581
:103ED000F8E701F93B1B60FDF7EA140FB50398AC56
:103EE000F1D6F9EED611120AFFF30A1FEC0DEDB66A
:103EF000F7EC1316FE0545D6D6F4D0BBE31258C531
:103F00000EFE1313C40547F7F1D8F4F0440E13F076
:103F1000F7EA081C9C0A2AB9010A1FE7D3F409CD65
:103F2000F8F0FC0FD706BCC9F2DA06FEF016BFFBAC
:103F3000F8E7FC1EF00839A7FAFF1C09CCD54C0F96
:103F4000E5FA14121CD6EEB7F0E3072DE9123CCFC8
:103F50000C0B10F307F121ABF2DD0601141FE79300
:103F6000F7FE130BB3D64F3EFCF20A101F0C87B2BC
:103F7000F10324DBAAEFD9C003F70A14DC0239B439
:103F8000EFE3012DB70DE618EADF0200131525D87F
:103F90000E031CF11BE993F3F6DD0B24290C07B685
:103FA000F7E80328200DD908150918ECECE33BF5D8
:103FB000EBFE151007D49CA1F9DDFEFC161035B6FA
:103FC0000D001809F6FBF436F3E1FC2EE90716EABA
:103FD000F5DA010029161CA3F7E40712F6138EC0C8
:103FE000EBD1FEFFDD183430FEEE000C1B0EBDE5FC
:103FF000FBE70E14300D28CCCCE5CBD1DF1F02AB94
:1040000004FC1210A2FDFF00FD18FC1DEB1E30BDCC
:10401000F51CFAEA07252A4718DF0BB99895C6ADB3
:10402000F611FEAE9EDFC5B803280F1DFCEAF0A511
:10403000FA1EF0D12FC6D4B325C909A2CF94B30676
:1040400013C3FB27E287CE3B001DFFA5A226F6B5D2
:1040500015DB1048DDA8D366032717FBA2DDC09847
:1040600024C0042E37EA0225FA12FD42432F329D66
:104070001DDB06FC8AADBCD7FD12FFE09DE5F2F525
:10408000021DFF46E2BAC8FB03240ACCE62802B2AE
:1040900012DA11F8D6A993BAFA1A0316F8BC1BA5BE
:1040A000FC1AFB4721BC0C5718E00A9D23A8E0DA54
:1040B00016B907E9E4DAA8F503250D3924F6CA5D37
:1040C00002010650A7A5CFE0001F03349FF9EA24A0
:1040D0000527152BD437FE92F918FD111D06FBFAA2
:1040E000FD1909F23B2323A5F71CF924AC222BF37D
:1040F000FF180333F11FC69DEB18F0F908BFF2EE6D
:10410000040E0204C8239EB4041B05A718F3ED3760
:10411000F31BFDE84103D9181FDA18BBBCEAC4023F
:10412000F915FB0011E2128701240B0E321DF7581E
:10413000F21FF4490203BB021DBF10A4CF8AD91A93
:104140000CC1052EE8F9BF1BF627FCE298EFC34F20
:104150001BD511A08BD6E214FF270AD8B6DAFCAC27
:1041600024B21305E39EEC35FE1CFFECC8B0FF1231
:104170001ECF10441EF8C8A4F818FEFB11DFE4AAF5
:10418000FA23F9D6C134EFC8F8240C16B7C2CEC74B
:104190001DD60E1A2DA8E3CBFB29FD1CC4E516B3D2
:1041A000FD1CF8EC11B5D2BC14D712BCACD7D89D0D
:1041B0001DA813A4D200C49804271597F1DED617C2
:1041C000050904A71CFF8E2BFA1AFDD4BC31242844
:1041D000FE24090DC1B3C558F221F9FC27D8EA2BFA
:1041E000051402B6460610A8FC15F9AFECF9C7C6CF
:1041F000FA18F59AC9DF35FDF714F1B3D813E5398C
:104200000708022DE30AF8C00613FE9A973ACBC9B5
:10421000FC24F2BA48C7F5CB11C70D26C6F0B3FC93
:10422000FD12054C08B7AA1005220222F22606B795
:104230000117FB254C320D9910C30CC6A99EE9FD50
:1042400004B8FCB9D0B19D50FE25F5F5C3DF2B486D
:1042500017D513D4C78A9C29012305DD4935DF43CF
:104260000EB807B22F07DD06F813FF0FF8F506B0FA
:1042700012D115E23BC9E35D0115FEDBAC2F28EA44
:10428000FE20F8E6E537BEA7081E06E04AF1198EC3
:1042900013CB0E0530FCBB42041FFA14B839B8EB3F
:1042A000FA25F8C33008DD2510D0151206B7A5FA97
:1042B00018AB0BA21411A89D072208E61CEC2A02D9
:1042C00002010F18DFF89F4EF91AF7251CB8352C9C
:1042D0000B200816CAFFD75DF826FBC6E4C5EAFB2B
:1042E000061106C6A6CA2446FD1903F72BD3EDA96D
:1042F000F51BF1AEFC12F384F510E93E240BDBC58F
:10430000F612FD10CC1BCA2D1108F6CB36FC2B285B
:10431000FC1AFE41B82C1D150BCA0BEAF192ABC971
:10432000070B011A47AFA71D0E110A45A5C6F5C612
:10433000041002FFD9E2A71707D5122F0DDF0D2AAF
:10434000FAC3F9FC9F9CB358FE13FC03D1122FD281
:104350000BCB0C3CFFE1CD5902170419FB17F7EB0F
:1043600007C305D044E00C60FF13FFCCEAEF0D5B00
:104370000ADB129EF4E1DAFAFD18042A32EEC61EB8
:10438000FC1AFE433F39BBCF081808CC4712BDEBDF
:1043900016CD104CC4F795C1021A05B010B71056CF
:1043A000FB17FB9CC224F59B0BC911EDB2B0CE6884
:1043B000FEB1052D04F4986210110FD3A720C8890F
:1043C0000706064FAEF0BEAEFB1FF4DE490614161C
:1043D0000C150809E01D091BFC1DF3BAE632DC9D33
:1043E0001000F4F1A4D011D1FD0502CA1D2B0F8DD0
:1043F000FB15F59ED41DC250FFFFE4BEDE09110778
:10440000FA19FDB810DBE20AB8E5DEFCEAB116697C
:10441000F0F3E2011BC2132316010C26E535F62A40
:10442000B703F3041E45041ECAF0DD1307CC17952D
:104430009B01EAFA18B20D4388F8001DF6FCD92B4F
:1044400022EEF51205C9D8273EEFD6FB2CEB0ADA8F
:104450000B0E0A18E7B1E2BD11E9E01202FC176584
:10446000C2F2FC1B0FB8D8163700F20E19C1059C1A
:10447000F2FA0A2DD436E92BB502EDFD12DE101644
:104480003EFAD800234513FD3CF1D90D0E2C15BC86
:10449000E60D0728DF0CE9F0D1EFD60B24EA16FE73
:1044A000CBF1D9FB1B2611F82D0E0B1EECDFE9AC6E
:1044B00017F6F8211BA4CCC91BF2D006FDB41EA828
:1044C000000E051816C2FBA8F1FADDFE211E0FE151
:1044D00015EED61107ED1C29FDFBE901210909653F
:1044E000C1E8D40CF1F3161C22FCE5061D1A00AD40
:1044F000BFFAE6091F200A19F6D4E6DAD53B15AB58
:10450000CFFEF7120CC9055607E8D403F2E418638E
:10451000EEF8DEFD1F03101914FA0626D9F3F8ECA5
:104520000FFEF401220E043BAAF3D40F01B719F5D4
:10453000C6FBE50414E9084293FFFE1CF7E8DD859D
:10454000EEF1F10D0419E1B8E6F9D30629AF136FC6
:104550002716101EEDFBEA98EAF4D31401D4186272
:104560001BFAF5190945DAD4C102ED0118FA104B0E
:10457000A9FC0C2FDA01EFD2C604ED010C41059C19
:10458000E8F7D60622D70B231CECD50413FC191A26
:10459000D815082DEB81E61CF7F4CF0D144D19F555
:1045A000CDFBD6FC1D0A1022C1140A19E414E0C187
:1045B000E9FFF41813BDD95CD7F3CB0903C217B2D6
:1045C0009B0C051419D8FFFC26F8D0072A1F0BEE08
:1045D00017EACB150CCD244C9BF9E20122BF0CBC91
:1045E000BBF3C703FE1F141CC9FBE7041BAF0DC5BB
:1045F00021FFE00014010CE4F3D8E3DAD627184DCC
:10460000C808F4090DCE09F9CFEEC806043C11D351
:10461000F8F4DE0A1D1613F2C10B132ADBF1F1AA1E
:10462000E300EB000EED075425F2D009152611C961
:104630001D05EB0E0C20FE5DAEFB0123E5ACE7296A
:1046400048F1F60C08A5D45631F4CF0831171240C2
:10465000170B1525F5A0EACA27EFD2070DCE123C9D
:10466000BEF8051BF517D4CCD701E60D14BF0B1609
:10467000C0F61123D4F0E5A83403F200133B0EAFCB
:1046800006F0D0002F1714589EF8CF0F07D217143A
:10469000EC140E26E739EB9A9BF5D60C1DBC13FDE6
:1046A0000BF9DB072BFC14F9F01A1317EDC7E7E839
:1046B0002EF5F815111CCE2E01F8C61205EE0FB717
:1046C000ED05041119D804F7ACF7D6FC25FD0F3819
:1046D000D4EEC71612F613DBF3FCE208159C144265
:1046E000C6F2CC010D190540CCFEE30A13F007DD3C
:1046F0000000E40915E4130647D4EBDCE11B11C20A
:1047000029FEFA0723B1013A31F3D1F9021709BEA4
:10471000F8F9E10E21B911C3F7041228DCADF089D4
:104720001A00F30E11270194FEFDD11610DA095D6F
:10473000F406EA0A1F00F76FF5ED0E1FEDC0EC223C
:10474000D1E70010032FE4E3B100D60D2E95FF4E04
:10475000AA0E171DFBA5DE9E9EF3D7101D2617CFB0
:10476000E3F90C19F52BE322D0FAE8100D100EDB5B
:10477000BFFA1324D7E1F4881DFCF00C1EC0FF4ED5
:10478000D4FED1022E3C00AEA6FCD707121C0D9021
:10479000B719171DFA3FEB3FD1F1DD05202E0D397A
:1047A000E1F6D8071D2F08DEA4121911F0B2EF5E52
:1047B00007F6040B0021E8C9CBFBCA0C20430DA26D
:1047C0009E0E08181DAA03E59CF7DA052649094242
:1047D00038FBD10F13330FE9B9F8E2051B3D0F2168
:1047E00005F8D20820AB07B92704F10C18D6FC3223
:1047F0000E01DA06114E0F70D8EAE5DEE5F909BAC6
:10480000D802F30711D30BE00011FAEED835D4C764
:10481000F0FF18FFF32F1B2F9C12D3FF4C211ABD62
:10482000F3FBFF06E795D424CB09090406E2DBF786
:1048300039F80107CA9610C7A900DE063627BA9ACA
:10484000E5F8C9F92AABB2E928FB0B0BD2FBC8C2C9
:104850000F12DB113795A09CA30E140B2D0B2025F6
:104860002004D103CE2ACDC25B021202A2DAF6F8EE
:10487000B204E901B504E6AFD7031102DF2FFCF162
:1048800003081007B2AE0816E0041507CB240B0A84
:104890002010DA00178BFADDD406141038C1F42D7D
:1048A00037010C0032FE0014BB0DD70A9B35F6937E
:1048B000CEFBC402C936F6E5E3140DFF2719251215
:1048C0001C0A060ED0D2FCC912FD0F06F8CCCABDD8
:1048D000960E06064C4ACDFAB00016FEF4B6BA168D
:1048E0000F14F8F43102B8CA1BFA070EADC7302D09
:1048F000240111FFFA373A23EB09FADBF43B340ABF
:10490000020916050720D3BCAF16F5EAD526FF1419
:104910000F00080BF1AAEF354E19DFFCAA0ACBC72E
:10492000AC060A0AE6CDFAE021090AF64ECFF9C52F
:1049300057FF0A0DB8C1C203A2FFEAFA37321F0CB3
:1049400051FACDEE48B2AE042F030E0AC3C8D7E623
:104950009F0AE308FE1309CC960303FA0BC034CA7E
:104960001D05E4F7A30FA5AEB1FF0D0142400B1DDD
:10497000EA0CE4F74B42B9C52F060F0944A01C20EE
:10498000C0010D10DAD8D7DCE5070E05E399ECE09D
:10499000C416DFF8BD27FAAD44FB0D1001AEF234AA
:1049A0009AF90E054A02B9BC9F17DD00E7AA8AFBF7
:1049B0003F09D5FEF2351AA0C00701F6FDDAF4DE94
:1049C000F007FF09C1CFCDD5A8FD050FFBBEBEF096
:1049D000221301F6C59A24D227F813044D35BBF3F0
:1049E000B70FFCE4A300323349F9090CC83233F5A0
:1049F000E3FF080C20FCF1D7A106EAEAC045CFC4CA
:104A00009E060CFFAF0CBC02AF0DFCE54AC9B1011C
:104A10003EFE0A0D23310813E20DEBEF49C1A3FC62
:104A200035F903FDA8B8B0EFF60007ED070BDDFB85
:104A3000EBF90C09C0FCEDE08207EAF23CC3FB9BFA
:104A4000CAFFC8F2400AE8FF12FF090CF3E2B01DEA
:104A5000C616E8FDB29F17B36D010AEEA9CADA05C2
:104A6000B602D5F5F9A3BBDC9EFA0A0E02F000CD22
:104A7000C509F7EFD8EAA3A831F80603DDA2DAA743
:104A8000C2FE0A10EFD6CBD058050DFAC4C6C3E853
:104A9000B611ECFABDD90EACABFC0E0CB404F406A6
:104AA000B7FB0E071BBEDED51F0DDFFC0C35ABFBC5
:104AB000DF09D3FBF6DECEDEB6080BF1BA01C0B9D2
:104AC000820A070EA2F8B2EA4DFD0810410FEE2946
:104AD000900408F4A6DD3222A000070F400536C777
:104AE0001B0B02D7B0C3B0E05C030E00D80E01F779
:104AF000F2020608224BDDC05808F8F0DDC4061F9C
:104B00004B0307063049FB9DFF0306E814BED02C7B
:104B1000BAF50A0BDF2A1F28AD07E1F10DD2C6F561
:104B2000D20401FFF8C4C32C1D0801E9D12D31289E
:104B300049FBFF0223F339CAB80EE1F70A08D2ADE8
:104B4000B2F4D20748DCADE026FC0A109B3AD8F25A
:104B5000D80DEDFFFBA3BA93D90508F107EA1205BA
:104B60005012D0023FDDF5099FFA1106F4BCE306AE
:104B70004308EDFAC6C0D0C8F7FD100C3BE80C1492
:104B800004FA040645B9EEFE9F0309F7E51804FD93
:104B9000FB0EE202E5F0C7C1EF010709209FF00D0F
:104BA00082FC060D1913E025BE18EA00130AA102C3
:104BB000950AD1FF530A0BC3E30602E94DEF0AC57C
:104BC0003F0B050FB22611B43102080B403EE1D76E
:104BD0003C0603E022D1041DBBF8040EBAE925C847
:104BE000E50C07D924111E1233FD03FF3134F514EF
:104BF0000FFD0D0D0721D3EDB6FB02E5E9C312D57C
:104C00006AFC0C0C27ECC9F52B1BFED8FA10D80453
:104C1000C72EFAE01315FB0AFF0B0C0E17E4CC01AC
:104C2000442A01FF1011E0029DF7F7DB11170E0770
:104C300039D4F9F81909CBFF042AEC0F0AEA560017
:104C400060A8E703FAFBA0F75411FBE7172699FCCD
:104C500003BE171409F20DE8BA03F7E10F18A20911
:104C600033A4EE0B06FBA6FA57D4FBEE11184C0347
:104C7000331EF91717D8D9FFD61C0BF21415B8003C
:104C8000D212FFE212259A07CE10F6DE10104E095E
:104C90004907111012EB2DF690F6F7DD1529C70024
:104CA000FAC5FFE70C2745FD15AD1E0E10FD98F265
:104CB000FBB6F8050C083CF4A1E6FFD91520330D2E
:104CC000CA9E10031816AEFE40EEF7E20E2CA900A5
:104CD0006BD1FFD50E12D80CD33A03E30924D4FCD0
:104CE00018D9FCD7F9180AFD2AC6F9F91B14C6F71A
:104CF00021B701E9161FFD09F405F3EBD8F614F40A
:104D00000C1609EE101395071B0701DFF01C96F730
:104D1000263704ED141836F80D100B07FBEC2C05A4
:104D2000321DFFFF0E1A27F860B6F2E20A19EDFEF7
:104D3000AADAFCF20E0B07F788CDE514F5FFD801CF
:104D4000BFCDEC05EA0345FC93F6F6E71A221AEF0D
:104D5000E4C914140CFB2FF6AEDCF3EB0C189CFC2E
:104D600038D3EC08F8010FF967CF07F4101BD6040D
:104D70005A12FE0EF9EFDF01BC0101FD1010BCFD5F
:104D8000C8FEF7ED1924C8FDCB1BF4EC0C1F300353
:104D9000CFFD1008F9F936FEE93FFBF01326350187
:104DA0006DF000EB0D28F0F2EDC81B09FA0494F148
:104DB0002905E50BF80DAFEE5FCE01DE07124DFCC5
:104DC0001CE60AFF1C0B4C00CFE0F7E41A271EF884
:104DD000CAD8F3E50F16E9090901FFE81120960387
:104DE000A628FAE4FA0ADAF64D0BFBF41117A4F33D
:104DF000DFEDFEEB1A1038FF4DC9E7E6D1E996FC6E
:104E0000D0F003FA0A0FDC07C403F5EBF20A38FE10
:104E100033A0FDEB1E0E15F6B298F80EF8E448022A
:104E20004F1309F4170FA5FE1CE9FDF50F0D2C001B
:104E30001722FDF30D1BDCFE0E38F10CEF0828FCE9
:104E4000BFC9E006EBFD9EF1031DFFE60F27AAFA9E
:104E500059EB1008FCFB56EF69E1F6F4081CAFFAB9
:104E60005127E80DF413D5EE3F0AFAEE171624FE8B
:104E700005EBF30CFDE2AD05F3FE05F5080DC800EA
:104E80004EC6F5E61731D7FB23BDFBF11419BB065F
:104E90005AEC100FFDFE18FADDD9FBF1192BE1F2E7
:104EA0002CB3F6F30F2029F952D10E05FFFC1CF5A7
:104EB00041C8F008F40D4CF210F300F1060811019E
:104EC000BFF41201121DF00687A6F6E616249CF721
:104ED000AD12FEEF011801FEB7DAFDEB0E0B47F63F
:104EE000B4B8FEF0E900B809EA3707F51412A7FDD7
:104EF0009312FEF316101CFF3DBAECEEC1E665FFFF
:104F0000D51102FA0C1CB904E521FCF4DA041203F1
:104F1000B09D04F3190FD4FC0FD4F711F4E604028A
:104F20001AD008F40E1AB0F7FDC7F6F9131D09F7E9
:104F3000BAAA14F616189BF3F3EAE713F50C2BFA4A
:104F40000838E402F001CBE82FCB06E81A3499F2D6
:104F50003D980C08F8F6F2F50C0BF6F50C1DDDFC8F
:104F60009F17EA10F81902F005A801F60F1224FEA7
:104F7000EA17F119F8E33BFE550D07FB14191FFC66
:104F80009BA607F11730EDEE8BFBFCF912229AFE7F
:104F900086980E0FF0F01AFB452C01F01C303AF306
:104FA00011EA02F01B1CC7F3F9A21008EFF5E0F8B4
:104FB00020C9E80AFF1AD8E2E31F02FA0608FCFB40
:104FC00098DD10FF1B16400052A707E71C2445F58B
:104FD0004BB5F8FA04143F00D11FFAF01B0BA501E2
:104FE0002EA500FBE1034B03A4FF0CF21623D8F51A
:104FF000EE3207F41C1117F5B9C7EAEBBFD9BC02B2
:1050000013BB05F80A054204D8000DFEE734C3F9C6
:10501000E243010D0AF929DCF2540FE5FCEA9A1D7E
:10502000B62C05FB07E8AD0725310AFDF52BD62286
:10503000D31700F90AC6F8F6D92709E001C8E60037
:10504000DACCFDE70CB53202BBBAFD051CF933170B
:10505000DE3208EE0BCF43F7ACAB03FEF12ABE22E3
:1050600013320BDF01CAE19796E4FD0E05BE2BDD7E
:10507000173609F1FE10BEB1C94FFE05021E32EF10
:10508000C8E3FD06114DD1F027AD01F8FDF534D090
:1050900015A013F4FB08F11194C8FC0114D39E1E53
:1050A000D3B4F80219EDF2C40C500FEF0412C3A7E9
:1050B000060006DD07120103AD9608FCE4250D2568
:1050C000EF9A04010FAF269EBFC902FE13B902007A
:1050D000BF490AF6EC159D21E11401060832EF18CC
:1050E000DAA80CFDE00E9DDAC0C103000DA7D3C7FE
:1050F000C908F8020CAB0E2FE83D03F7E308E5F30F
:105100003247031105D24732EDD002FEF034AF2B07
:10511000CD87F9FD094DB3DF1B060EF9F91CE4FC40
:105120000558F902FF0B45B9ECA702F6F52AD92C70
:10513000FAFBF9FD0D13280C10B01CFA00DD021D5E
:10514000BB5F02031124C2A3D99F05FE10E4050B27
:10515000D29B0DF809E806B6EA1201F8FAA029CFA9
:105160002F0C19F1FFE64D1C04F903010B3DFDB8AE
:10517000BCB518F8FBE527F60CAA040204CDFB2603
:10518000005EFEFB131294BA17B30BF6F71707DB9A
:10519000DBBE18FF01DB2606C3E900F70C07B4E10C
:1051A000E72AFB0414C10FE302E310FE0A05CD90C9
:1051B000FC1813F307FFFDD6ADD40801EEFBF3E7AF
:1051C000205C050C072CA6A1D6920003194D2ED108
:1051D0002E110601E8E1D239BF43F9FC11D2AFF636
:1051E0000F4609F9E8220E3ACA33FF040A3A04F3DB
:1051F00029F2F9010FF1E3CE179EFF02EB0FC4E293
:10520000072BFE020EC11BB2943B0703E39D00D7A0
:10521000BB55020310F4FBEBC81528F3FBD33EED9E
:10522000BA46FE0D00FA97EC02FF0100E9EAF4022B
:105230000F56F809FD4EB6E3EB0B2FFAFF45C107F9
:10524000CFF51B011536A207F80FFB0309A33FC5D5
:10525000D9D31D0004C700C7B928FC03EC4AF30FDB
:105260000D582EF7003E17A8E31C04000E0ABCE8F8
:1052700014C82BF3F808C30CF30B04FF05C9EDFFAA
:1052800004AFFEFA0E3701C2C30000FAEF03F0BA12
:10529000F0B318FD06A3D3950C4206FC04E33118C5
:1052A000E9EC03040723FE14C48C26F50617EB0F64
:1052B000B7C42CF7051AAB17C96D09FFE7E10ADE81
:1052C0001727010A0F48120EB5F8FB0008AECD16DD
:1052D0001F98FEF8E9E0AAF00E5403FB0443E5F33F
:1052E000DF3903FCDFAADF110BE7FD080203223AD6
:1052F000F5FCFA0505E50A2AC0EF08FEE5ABFB055B
:1053000016E902080A1EB0F1BF350A05EA9ABC1A6E
:10531000C242F9000047ACB500892AE208AB17AFDA
:1053200002300105FEF9DFCDEBC5FFF9F81E0DEDEA
:1053300006B6FD0AFD504438F7E339E8073E14A9E4
:10534000F13A23F61722CBECCC39FAFB0ED4AECCD3
:1053500022BD25F60CF2C409B8C001FDF044A8BC7A
:1053600026993BE214CFA7B0B25CFAFE02ECAED3B2
:10537000308934E3044FC798F86BF705FDEBEA2852
:10538000E5220405092DE7DEE7CB00FAF13824B366
:1053900016FB23ED0AEE029DCCFCFB02FFEEE61DA0
:1053A000FDC7FE0408E3CA35E24924E812273E950A
:1053B000E01936E51339F302B5170300EDA64310E3
:1053C00031C3FF040CC412E997EAFBFF050B2CD58F
:1053D000FA1700FFEBD4BAB1ECCD03FF023E39EB74
:1053E00008B30506E2E1B00ABF4C020301C3D6D5FB
:1053F000061BF90602ACB22CDB9AFB07E8F7C1DB0F
:10540000D99D00070902BDF30B47E502FBD60EBD8F
:1054100002D91305F01A16DAF509F8F217F4E81CA8
:10542000012CAE09FD0916DFEF9D2C06FB0B24AD08
:10543000F1111F12EF131422F12ACEE1100108E43A
:10544000F323BBDE08FCFE50EDB1D702ED11359C15
:10545000F02FD6081103FBF1FE9C2400F80924D498
:10546000FB9AF7EC110B0B02ECF32401F9171BF478
:10547000FD2C1FEC1903FB45079F2702F30C17FDBA
:1054800004290B08EB123EABF0161B03F3112BE9BA
:10549000F894D0FB12F1F39B0114CF08EB2131ED0E
:1054A000EA9B1709EC1D2DA3F316C0030BF1EDD7F2
:1054B00004B5AFE20D0D174BEC050604FE0D24D02C
:1054C000FE42BA0C041D1A48F959010DE91B37A612
:1054D000E5FFC808F80325CCF9982503F21616FB5A
:1054E000F2FEA10AFEEE1004F5D0AC0EF2091D2961
:1054F000EFA20209EC192010FEAA3BF7E7B7E85D1E
:1055000007AFCD09F71A182F05C2E402FBE60F4ECC
:10551000FEDBD706F418151BF55FFEF51800F2ED5B
:105520000AAFDE0603090C98F55DAC0CF51121B845
:10553000F7900909FA090FD5F92903EF0A161202A3
:10554000FC27B5F20905032FF2FCB212F41C20155A
:10555000E4D1F7080AFCF2A105CE0F03F417171FD8
:10556000EC09F6F60B07294DED3A370FF40E0E4D08
:10557000FBB19CEA1109070001E1E30DFC090FA44E
:10558000F7AB2504F01535BCE1CBD604F2152E1B84
:10559000EED3FD070EF30236049BAD0AEB1B2995F3
:1055A000EB95B804EA17221FEE27F7030C03FC0A59
:1055B000043026F409101E35F02BDE0AFB071FDF2E
:1055C000F7F81A0E05150916FF951406F01320FCBE
:1055D000EBD5C704F8031AA5F5623105F116212FA2
:1055E000F651B10200F1170DF9069604FA0D0C2ED2
:1055F000F50BBB12EE1523A1F3E404F5E3B5F614A5
:1056000003EDA306F50D1495FC40140CFFDF06A373
:10561000F657EC09F30D0C23EBA1F9FD081406E78E
:105620000440DA0302110918FEE138FD03120F0BE2
:10563000F02721060111061EFE89FEF3011A1EE560
:10564000FDAD1EFFFB111A36E3E69B11F71223DFB7
:10565000F159D5080C08132807193908F9120EB3A7
:10566000FAF3F9FF04182F47EA40C812F1151DBDDF
:10567000FC8E1EFF0A17194E0AE2F20A000E19AD3F
:10568000F26BE310F01B2C19EF530F05FB201BC02E
:10569000F2342E0E08F80EA20429190BEF2025AEC5
:1056A000EF142010F815232DE719B517000019B9CC
:1056B0000B4EAF00060E29BCE9C43C0A02141400CC
:1056C000F417D10708101512030E360DEF19191D26
:1056D000E837F00105150500F1F8120CF7170F482F
:1056E000F2D23004FFE9110C010EF80DFB0E18C2C6
:1056F000FEA51109F50F1D9AEEA0B8FAE6B4E8B0C0
:105700000719D303FF1310D8F8CAA712FEE503EE5A
:10571000F9FEA012F40E1401EFB4F5EF111A1319EB
:105720000265AB0CFF082222F1BC1307FF171CF225
:10573000FBA9D009F30924DFFBADE0E804271FAD86
:10574000F03E060AFF182929DF420C16F71822C975
:10575000E945F914070B0D3AFE06EC0DFC2616C2BE
:10576000FC4CB4E6062733F4EB6DD805F51119DED1
:10577000FA0116E602260F9FF9AED80FF70918C8EE
:10578000FD02CE0AEE1F3016E9873D02F81A2BCC37
:10579000EA4AAD0B070508A005A9B607F62133B5FF
:1057A000F08E3612F6101DD8ED59AE0D00011CB169
:1057B00002A0BFEFFF232EC0EBE7AE0AFD1217BF1A
:1057C000F84C2710020C1CF00130090DEF19282CA1
:1057D000EE49EA03FF191C1401FFCA0DF50B13185B
:1057E000F1A1240803F02231F7BF0A15FD0A11AB1D
:1057F000F6172305F7111C32EE904BFEE0AD045274
:10580000075E9804FF07051D03EA000AFEDEC7F8DD
:10581000D80E1B00030418D1141F5331D70A3CA221
:10582000A0CCC4F80D05F321C60ADAFB08EC22313E
:10583000B41033FF0601C6E31A01313CCF17449F71
:105840000D0AE532CD1B00E7AC9D3F000806AC0613
:105850000A25A522EA16325CEC0FB20400E8EA4BF6
:105860002B26BD3FD6150412B5C92BF902FF409C6B
:10587000E1DEBA36CE0B2F2ACE10DE0308F92A4D10
:10588000F32A90FB0502C0EC05E181FC01EB4635F3
:105890003ADE4E2CE70B400E08EBB801000434FB57
:1058A000EDCF97F701064449B7DA822BE319D5E229
:1058B000D1EFA03BD117FAA0E8E91005FFEDB4073E
:1058C000D9D4CB0A0C10CC16F0FB09FE0309DB146B
:1058D00003243C0503E336CEC1F5A0FE0500CF202E
:1058E000E4DEF70501E2A7E5F1F1C4F80DFBF345AD
:1058F0001D2CD1010303333D19DA08020BE6CD0D4F
:1059000031D00DF802FCFD243BB8ADFE0BE3B3959E
:10591000EB0BC9000E05EB4C1CEDCA26D3083BD996
:10592000AC0DF8F710060BB40F0E4AFF04F1DB4183
:10593000F4CCE0FB110C22B83634A02CD41055174F
:1059400003FA4032D01E3EEEAEB293FC0B0EBD33D6
:10595000C2CA5D25EA1826D9A50DD9F305F003D1F1
:10596000F7EE922AD511C632A4E6FEFE0302B72155
:1059700013C71C21E006F050EBC3F6FD0AFEB00F82
:10598000B7C2B2F8050C2AF829FA86FB10F33AA43C
:10599000260F9024E10C19C9CCB1DEFC050CE01DEA
:1059A000C5F495000506D833FADD2B25E4102BA9A4
:1059B000CE9E3630D11952FA97A2C9FE0BECB3AA8B
:1059C000CBFF1202041199FBC1E4E7FA05109BC753
:1059D000252FBE0000E0CC0DDBE4B5F90F09CF9F09
:1059E000EE09B1F414DFEF4DCED9EBF90A06EA3136
:1059F000DC2EEB020FFFCAFDBFCAC3F60DE7AB49B1
:105A0000DA3607F90602E340B117DDF513E0F3AA31
:105A1000E1B828F60909A9A83A17921CDA05BE17B9
:105A2000C40899F70CFFE54C07CE94FC11F8F0E29E
:105A3000DE1B96F610FEBF97C019B419E506B1A695
:105A4000E8EF1922CA1B5845F1AE9DFA0906261641
:105A5000252C371CE117FE571EE608F311FDF5E56E
:105A6000D2BEA71BDB0C56EB1EF2AAF90904CEEA44
:105A70000F2CE113DF015221DEF157FF0404C13185
:105A8000F61385F20C07A8B7112DB2F90EFBC81951
:105A9000D2DDB717E206F7B5BABA19F50C0EF21C4B
:105AA000DE05A9F50F08413ACFC6FE1CE71007C96D
:105AB000D4B7B818DE173F1AEEA5C3F30FF1DEBE58
:105AC000B806DC090005B2CFF09AB3F6130B11E467
:105AD0000BEBE6F70FEB1B3801F6F6000F09C1C41C
:105AE00016FE37EC15E1C5B528F741FC13000A2274
:105AF0000FF11CFF080BABE506BBD3EE1ADE48D452
:105B0000493D35F70605FDE702DDCCEF21DAF4FC6F
:105B10001010C6000E02AAE12206FE0DC9F6F3C35C
:105B2000C8D9B2FD1005BA2D25295AF90DEFD41B9D
:105B3000D1D8590318010BB4C527241ACCF6D8D7ED
:105B4000CCA71413C1F7F5E610EAFFF41A04DD0739
:105B5000CC1E2E11DE0CC1F9D8A6A9F713EBB52384
:105B6000D2D4F615C0FE29CCE5FB25F60B0545D4AD
:105B7000FD07B314C3F729C3EACB14FA0906343579
:105B8000CAE8E1F51607D52EE2FA1EF411ED0B0F67
:105B9000D62BE60ED707C0E7DBB361FA19F8CB0BBB
:105BA000D518A7FE1405AC9CF0F03F1AD9062C05B9
:105BB00012C8B417C1F9E1C3C7CB11FC10F013220E
:105BC000B5E437040C10B51602EF9DFA1902B99C22
:105BD000B2EC87F111E718F4BD325BF71204C52867
:105BE000B90282F01FDE1E1705E91F060D0315E836
:105BF000B8F541F70C03B1AB2BFED2EE1FDBBFC9EA
:105C0000D2F94BFF0503D89BFB31D92F0DF5E222CA
:105C10001B04F1CB18F4071A98F840C4E80D3114AE
:105C2000F0019DB00DF80213F8F7E1C108FD102056
:105C300048F4822D12F4F820F1F6A432DA083E2658
:105C4000EBF838C70007252A4FE0AC0112ED05320A
:105C5000F7EE2A0B0703111430069B3009F51523C4
:105C600029F88EFEDE0F3E24F8EC37270EFB121EBD
:105C7000ADFD14E1E50D3321A9FACAFA0EFF0D18A6
:105C8000A6F58DDE12EF0A2E33E69EF509F52132D8
:105C9000F5F1BACBFE0F1D100109DEED0EF21C3539
:105CA0000BF1392015EC043343E79AC2080911209F
:105CB0000AF763C8E40C34301FEB08E20FFC192527
:105CC000DB01D9DF07070F119C051C1E0DF0062D07
:105CD000E1EF14F80A040B19C0FEF5F20AF40E24E1
:105CE00018EB25420BFCE6260AFC92F914FCFB1883
:105CF00035FD472316EF051EBCEB88EB0AE0A9092A
:105D00000EFF47A70DF8090EB3F2AEE30DF5E1243F
:105D10000809C8A715F106140FF63B93DC162C16DC
:105D200046F6251E1202040FC9009323FE05102318
:105D3000A5FFE6E60CFB001941FFAF0BC2084916B0
:105D4000D3F325E3E20A2D1DE4DEE6B507F60930BC
:105D50004FEF12AF050B1D1D25FCA2FD08FB1D24F6
:105D6000B2FFF8CBC00E4021D0EE9CC013F20C0D58
:105D70001CF516E6C20F400CA7FEA5B50FFC090ED8
:105D80009D04251408F30929B3F0454007FB1420AE
:105D900032FB4FA9FC0D19071FFC90E409FB1835D5
:105DA0009EF5AB2F0DF8042344F79B900908160DC0
:105DB000F0FFB1D1C40C3713BEEFA740FF01142090
:105DC00048011EAE0B0411114C0156F214F2FD2EC7
:105DD000F8F2300E0201111F3BFABB9B14F5041AB6
:105DE000B8EFB10C020CEB1F3A0308F009FB071FD8
:105DF000F4F9959E09F7031AE6FA26B2FCDBB7041C
:105E0000E30C4EF30AF90A0C1DF9F7CF0605EC0D69
:105E100023122B1F0FFC0126E1FB60E4D911250F93
:105E20003AFD26340605020E1B01322BFFFF151624
:105E3000D110AD1F09040A043603B90BC0082906A6
:105E4000C7F910D5D70A0A0C2ACD98AA09FD0D2A40
:105E50000FF60FCE06051614F7FC63D404021512D4
:105E60003305F7F0C30C1E1ECDEA37EB0EF6031513
:105E700005F6CB9ECD06250100FFAD360FFA031EB9
:105E8000CDF6CBF60AF80430B1FA4619060311250F
:105E90000202AD24F20B0E0FD2F1ACDE07FE0A2D8A
:105EA000FA00B3ED09FC032F2FFBEF2C0401150EB4
:105EB0009DEEF2ABC909211BF9E9D4DE01061711E9
:105EC00029054EFA0D041C10BF073FE00AFCFD3007
:105ED000BAF25F0BFC0B0412A71189CB08FAFB1C6A
:105EE000B9F1D7E5FB13EB16F817D5D10307050C6D
:105EF000E70B19CA15FB031CE8F21B18FDE9B701F3
:105F0000431423F50EFC011146FC5CD5F510F10994
:105F10001912D89B05000C1DC8FE5232EF00051A5D
:105F200024F263F404040CF3FD09F7B4F605070B3F
:105F3000DE0F429DFF070DFFF709B2F1D2030324E4
:105F4000E4DCF4BBED06DA2EBAC540F10709FD1317
:105F5000CE072A9C0C030D1B28EB9BB404080F0CE6
:105F60002710110AE5FDEE2B01D4DFEA05FA030E36
:105F70000F020104DFFC072EC5E8E1E90F010E194D
:105F80001F038B03FD060E23020495BEF6FD0D1BB9
:105F90002406E1ACFC09FF2813ED50AE0301081004
:105FA000A60996EE0C040215ADFE08D60BF70028E4
:105FB00032EEB7C7DD07FB3409D6FFA4F80C0E1983
:105FC000BE10E00C07071F141801570F090208093B
:105FD000A6FE1AB9F80A090CA00DC8F205010119AC
:105FE00095FDE2C30018F403281962EC03060AF6D3
:105FF00031013A0809FB0D1537025929F8EAB5E6CF
:10600000F31DA1AB0EFC081F18FFE100F31BDEEA35
:10601000031FDC43F51803AE01DB07C208C4EC0222
:10602000F0140CBD0A0A02E5F1E032C2FB14DC1CDC
:10603000002EBFAF0505049AE6DBD6DE09C5E2EC0B
:10604000A4D199440CCCE4BA28A0B143FE10F89D29
:1060500018B50B051AD409A9BDAAF800FD15E2B1BF
:10606000A8DB26C707C8E4CCEF05979D000E04C740
:10607000DBF6CF5C02CAE71BB89AEEFB01150327DB
:10608000B5D31304FB17F1CB13FFE6ABFC09E2CC4D
:10609000D8040E080BD3F8459FDFECB4F60FF31BC2
:1060A000D813EF14FE1201974515D6F60FDA020F3A
:1060B00015CFC1B00EC2E1ECF00FFA9FF617DA1659
:1060C000EED01AB509010C47A907C8CA0110FE3461
:1060D00014BFCCF7FC0FD812DB02E2B00015082F7A
:1060E0002B3A2859FA0DD7B7F5CBC2FC080B01F4AF
:1060F0004C11F13FF70E05973223F211FC0DD64CEF
:10610000DA0A1F66FC0D00AF95EADE0BFC0BD72008
:10611000D72A10E6FF14FCFF11E5CD07EFC8F8F40D
:10612000EDBFD6B40EF4FD3E192A0F8E06F6E640FA
:1061300015CF2FA914FBF91518020740F0D4EECDA6
:10614000EE109D3CE7D3ED22B5CDD4870C0DE7C40E
:10615000BC2ED65004DD0817F70BC2DD04FBDD1999
:10616000AACEBCEEEDDAE8B424D49612060F05A947
:10617000BACFF695F0D6F53A42C2AA4EFB0F07DF2A
:10618000BC340DB70207EAC0EA22325B03FFDCF53C
:10619000C7DC0005F5D903E4AD05BEF0030DE1BF92
:1061A000F932CCB60C08F82B44D9C73004E30C9E66
:1061B000DDA0D2A0F0DCE9033DB8D8470A01DFC278
:1061C000BF37EF9D03000638C0DEE35B0102E9BD87
:1061D00047C6E5EE0BFBDE974702D5F8021300CA6F
:1061E00049F52CED16F2DC22FF0D02170DFDFED154
:1061F0009C05241B060DFFFBFD2CFD0B05FFD32486
:1062000034E4CB19FC130BE946D621B81EE9D9DAE0
:10621000F5C1115C0E02F90220E4D92FEADAFC2D57
:10622000A90DF70515E600B5AEB4314227D7DF96C4
:106230004CBF099E1EE203D9DDEEBEB8D5E6EDD413
:10624000C3BEA09BBEE3F6DA48DEFA5616EEEAF5C8
:10625000FE0EC0FE02EC06EA120B01D31FE1DE4087
:1062600037062E86D3E9F531279AD04F0A08019FC9
:10627000A208D251E4E9F7F62ADFB5DB0DFF05D716
:1062800007BC06A616FAE4EEA628F0F016ECDBC66C
:1062900036D3BA11F0E40B1BC0A6E0D412F4E2AB83
:1062A000BD1AE4181AFCF921B3FD1A17F4F40AB662
:1062B0002D96E1D0CBE6EED2A6C2AB4615E9DC289E
:1062C000B5B6D03811000F31B5DC006319F7F09F77
:1062D000CC2AD3361EE4E14C00C2212513FAFBD6AA
:1062E000E133D3D237BAD43444311AE021E209423F
:1062F0003B24353A12FBFC9F1023069326D1CFC6D0
:106300002BF83525050905FAA6C4EF8E44B9DA4104
:10631000EC33E6AB1BE9FEFF1814109DF3F3FE3DD2
:1063200000C9D8E519DDF8FD070ED8463FB9CF1CE6
:10633000A007E9051CD3FB439EF4C62CDA03F449FD
:1063400009E207A6A9FAF5BEDBA4FC8B20D8EBAFC7
:1063500036D4B893F6FC094931C9A63435C2D5CE36
:10636000EDE3FCB1CD09F9FA3B0D0B4119F2072C15
:106370002B2E0145E8F4012DBEE2D50314F7020FE0
:10638000BF2809D81DE2E4D919331FA434C9D92282
:106390002307E8FDEFED070EB7B09DF625D3DD2905
:1063A000B307FA9722E2EC31F43928C8EE02149AC6
:1063B000DBBFDAD1C601F30AC2A5ECEE31D0D617A5
:1063C000F0CEFE3205FF08C716BFC44D27DEEF39F9
:1063D000C415180D45C0D2FE10E7223915E9029DFB
:1063E000C40B0BD15A97D7A909C5BCBD1EE0FEF856
:1063F000A5F8F04114E7FC06C0EC22905BA9CB0D98
:10640000C7E820100A060B42D5E2F19106F50DE827
:10641000F0D01587D4FD0A12FF96FCE60C05EFF0CC
:1064200034ACF006B8060513073202F81EFA07006E
:1064300003A9113B00010E11ECDFFC3EADF8F6E2C2
:106440003E02E9C4B500FBB234D9C9FDE7FE0C0138
:10645000009AFFABC419FC093021E937C0F9FF04E9
:10646000FEE515FB1DFCFED54BEFE2A9FA0607156C
:1064700004E1058E1902F6EC4322EFE0C7FF02109B
:1064800006C6032730FB080314280ADBA0F9FC0426
:1064900000000C0EFB09FCF03033EF4BC5050A0A77
:1064A00006A10843F0FC04FD03C5042BE11CF40124
:1064B0002A11EE68D4FF01C74823E16E9DFE0B0050
:1064C000029D0CD61A0B031A09DC0029CC0001FD31
:1064D0000B0803EDD8010B0603C41834E8070804C1
:1064E0000CAEFEBFCE0618EAF8D416E0BD030D0EC2
:1064F000F01503C6E5070204FFF3FFD025FBF5B94D
:10650000D150114B120604120FD70AD9F0040DDD39
:10651000E0050EF6B209080700FCFB551507F4E884
:1065200035D101BF1F060813FF20F1573D000DFDB7
:10653000F64B0162C00A0A0BFCB2F3009BF1FECEDF
:106540002FD503AF27FE089E24DAEF5C0907080465
:10655000F1B7FDD92C1EF900350BF948A006040847
:10656000F6D8FE9537F004BA2BF40AAF07080809ED
:10657000031205B0A0F4FBE026E00CF734050A0F87
:10658000F80304A5AF0007FBF922F7D4A4FE030A21
:10659000052F04A6FA14FAF52B9CFAB3FDFD0D079E
:1065A000F712F8E0AB0B0DFAF624F8490514FBF8E6
:1065B000302A0110A7FA08BA3825FD5C2503080126
:1065C000FAA5080F9C0A00151CDEF7E82B090C0041
:1065D000FEF6F049BDFD09F405CFFECF100B080F04
:1065E000F4D0F693D11314DBECB5EEDB340B0315CA
:1065F0000046F04AFC050C1002E4F64AEB02FDAD41
:10660000CBBD0346CC040B06FD3B03C0AB0F17D537
:10661000E5EBEDB40F030D0EF248F5FDCB0105E0FF
:106620002DA01C67F6130413F93AE53CE30F08FFAD
:1066300003E5E629EE150A19FCF3DEA417E813BEFC
:1066400020FB2AAF22E920A90AAF2653C60913016D
:10665000F4C6E95F9615FCF32B13034EE90F0D0802
:1066600005AFE4351DE715B90BE62DC01609081571
:1066700003FEF798D8FE09D022381CDEB5090611B2
:106680000D35EF9AAC100C03F1E4E724C00E0101C4
:10669000F148EB4E93190AE3264E12B720080D0875
:1066A000FACBEDB9D3070D01F63DEF24F00AFFF167
:1066B0001E0D126B2EE81BAA123C2D64D30510FE92
:1066C000FFC7EF40A60EFE1817C7FAE7B30E10FE7D
:1066D000EE9AE1E9AC130CEFF82CDDD20007090DBE
:1066E000EA04F0A2332914CF04EEC3D71D15031416
:1066F000FB1BD941B0060807FB0BEFA4091EFDA741
:10670000DBE7D739FE0E081313C4FC52B1370EC7AE
:10671000EDA1B23A2C11080CF036DD0AFC190BE0A1
:1067200026D92120AD14040913E6DA27311F08E821
:10673000FF1BC23EFE12060302FFD9951FF211CEC7
:106740000BDA3BCD0BE131A9ED4E3E57171B10F98B
:10675000EABDD124151604F420D314DC291905ED63
:106760000219CD2DEBF919C3FB053ED5280A0E0FF2
:10677000FAE6E52702120ED8112223B7E50D03121F
:106780000F18E1131A1912F8F1B2DB87B91703F5E4
:106790000B48CF2DB0230AE522BC181F2C1406F29B
:1067A0000210D720E6101000FAAAD70B071C06FF2C
:1067B000199416C4D6EC23BF082D352BD01D07F92C
:1067C0000C2BD8BB321600181CEEF5FF0F1C0DFB6E
:1067D000EA22D90AF8250CE3FFCAC361980D0E0915
:1067E000F4F7DF030F4404C3080E984DF91509FDB3
:1067F000FC4BDA18E60C070AFDEFD9BDF83FF99E0D
:10680000EC209CCE18120B1D04B0F45900678FCCFD
:10681000E9FF2323551FDEF7B6ABE5D0FCFEF918E0
:1068200005131EC6BA12F2E2B12DF1288943B0CE8B
:10683000C749EA223515E4D7AFE502DB23E10F0EA5
:106840004DDF0ACCA2B51A132C2204F9F520CAD9BF
:10685000B2AE1AE992FE07174FCBC7DC8B3BB5D11E
:1068600038EAFA2306D81311A901CBB92D1BE3FB93
:10687000F41D0A132AF40C1B4FE0C9D7B021E6FD22
:10688000FCFCFCE4C626CFDABE4BF7D6B142C1CF42
:10689000FAC3BFF5C001FB18433FE3083634CBD43D
:1068A000102ED029B124D6E5CE11B104ADFD0727B5
:1068B000083CBFF308D9220EFC20A6C51E44B2D75F
:1068C0009C9DEC05ED05FAFFE4A7D792BE21D0D937
:1068D000C7D7360CA153A3D3404117280E1BDBF6B4
:1068E0003DC9B4E9E5708DC923AAD0C5AE10E7DB78
:1068F000A72B37F64022D7ED9FE5D50EBB7E8AC584
:1069000050C90E0E1C1AF2070315BF22866E8FCFD8
:106910002F1BE614BA1BD6E239FBB034C202132790
:10692000E035DD9BFD0101E5D3992C1DE138C9CA95
:1069300046DE2C0815F7FCD812F7F8E45C011F249A
:10694000D10FA2AA9DE91E25EBA81BFDAE19DFD130
:10695000003E18C785070729D8FDC101A130C9CC61
:106960000025E903D2FA1F2ED2B895A30E17E3F043
:10697000A514C5F6CA071430B704EEAC0816E3EB4D
:1069800028471B080E1BDAC7A514202BB32DD0CF28
:106990002E4615F38508062ED7F998E1F423D5C6BF
:1069A000F61B0ECCD911E7D126B22A2CF2040E35F3
:1069B00040F4F6C326EE2424F7A6F4B0C748B7D3B4
:1069C000DA95FFC42E0B070342FAF8A61F1FD7D58E
:1069D000D23E36C79249B2CEEEFBD1C9221AE2DFCF
:1069E000D536E7065152BBD03216CC04C2FF00DDCB
:1069F0004406C003C31BDBDBD0D60F1D2A7B91C42A
:106A00002A4FEC19D918E7000FE2BE011C4BC5D480
:106A1000BB31C3E65903F2DDF72F003534120D25E3
:106A200022D1DCB6B1EF0EE642E6F9C81319F5D370
:106A3000D2B1EFCF21EE14D4C841CE0AFE111B21F2
:106A4000C6D49A00B3131221F819D0B1F80DF6CDBF
:106A5000AE3EE2F090070F32FFFBB2FF441DE8CDDF
:106A6000E42A1500C01613214900CDF3FC08F1E912
:106A7000B19A0BE88E16132BFF44C807A708F8E25B
:106A80004AE5BABD3E11F6CA42DD0E1FDA1CE8C760
:106A900040DA2D1737180D2E34311EA2C913F4C851
:106AA000D01FE21A9709F3D346422CB9DA12112FFC
:106AB000014AE49483161C27B34410F45228E1D011
:106AC000D3FBDAF13506040DE0CD9BD8BC11F9CA31
:106AD0004BCC25DD102CDFD1AA0EEACFA205F0D4D5
:106AE000C2F3F8C1CB27F4D1B827EEF135EC18E0AA
:106AF000D5A1BC0AC5FFF5D99FCCCECD354AC1CAB8
:106B0000CE551E26DA0FEAEE273BC7E1AC26F9D0B8
:106B1000B7ED1DDF090600CEC8F5C3DA470E0A201F
:106B2000C6F91901C00110F34819D9F1B21BFACE08
:106B30004D4CC8F611030AD1F1E5EF099E0E101075
:106B400021AD15E1211906FE57A80BE85711F8BE33
:106B50009DA4C2F506030424C4EDD4E6051CF7C6C3
:106B6000F2A0EBD0EF080B104048A3CD2DF402E1CA
:106B7000D39F28163804061FD206AA0DAFF903E8E2
:106B800022F6B21C1614FFC2D4A6C7F0F21400CA33
:106B90000EE9011DD1FD0F280FBDA8C0951701BD3D
:106BA000C0EE24DBF210FFBDC307C60006FD0C29B2
:106BB000FB0EDCBF93110D15E00B97A13E1AF6CE2C
:106BC000CE0E24E33E0CFC11F60DE9DA0718F9C1EC
:106BD000E0AF1BC8EA1AF7CF092F0C2AEDFC02D64A
:106BE00046D2BE175A1506D72B22DCE4AA0911DAC1
:106BF000D9FBE231990306CCDE2DD0E7F924F9C3A5
:106C00001EDB2122ADFFFAEF36C6F92E43F64E0009
:106C1000C00319930017120EFFF740D2C9D62315EF
:106C2000FE1EB524E7180807E90E41EF30C92E0112
:106C3000CD0447C6389F0709E4FF1DF1D8D10B17D3
:106C4000EEF9572F9EFCDF3ACCD5A94F2DDE140F5D
:106C5000DBFDA3DAB5C7170A0322BB1707BC270061
:106C6000D110D7CE94D6001FF7F3353D9F2C170CCB
:106C700007F934DD4FFD19180302CB2330BB0EFF9B
:106C80000D12BDD9CCD91608E0F4EDD0B1A2260280
:106C9000D90DAEC85F32230E08204C1400261B030A
:106CA000DD0440D085B2150AECF3CAD8B3111A0935
:106CB0001C16A41EA533F22CE8ECEB46AD1B2E07E8
:106CC000DFFEEDB996D711060C212CF84BE91E0E0C
:106CD000DEF8FAD78A2D33FED513C8B68FAF130F5F
:106CE000F9F643D35EB148FAB923B391092A0F03E9
:106CF000EC0A24E9D5AF170605EA49DB4A1C57E040
:106D0000931B4381D40D1C081809E1E752ED59F398
:106D1000AF1BC290E6E0120DE2FC99E4B1BC191D74
:106D20002217F2166730FD04E9FEF612A7F324FEDF
:106D3000CD162DDF2DC60113D3F6C016C3F8071EDE
:106D40001BF73424C201F431FEE4C032D920080C10
:106D5000C6F633F55808160C2920330F9031180069
:106D6000C80E49E60533041C1F0AEA24BF161701A2
:106D7000F60402DF8DE60F162B039E166D120FFE32
:106D8000F81015E92AFE1003CB0406EA842E1E0231
:106D9000C70A1BDC5ABD191A2811C10BC99C0E0A5F
:106DA000CB0749F3D22A0D0BD9F5C3EC9A151E0F68
:106DB0002907F8133825012209F4F9304B0A2B056D
:106DC000C90DDFC4BCE40F0113183CFD9CD70604B9
:106DD000CDFFD9EDD5A824FABB15B4CD959F0F0DE5
:106DE000E1F4C4EDF72130FCAC18C8CDD7CEFE0BD2
:106DF000DDFF4A0953B0150FE4F09EE804EB51E3C0
:106E00008A21108825B618FA0104E5D70C332DF233
:106E1000A90ECED4B0A60305DDE69C08D3EE191367
:106E2000211B53079B14F809F8F6F91A13EB0BFF13
:106E3000BBFDDD1224C5EB0EDCF9CC29A31F091024
:106E40002C0D0B0DA2250D170E23B6042BC7F3FD39
:106E5000C8F5E60787F02011361B610618200EFBE7
:106E6000C60BDF054D080A1424262A0AAA39090A86
:106E7000EFF339F6DBC0100B2E10020E3D0E0806A4
:106E8000EC061E02272EFEFCC8FD4A05072D010157
:106E9000C109C80841F020152D159DFDDDE9FF024F
:106EA000D406ED10CD9601FED002DD0F9BC8210A5D
:106EB00028135001A3BE0513261EE317ACBC1B020A
:106EC000BD0523FC4CEE09031313F9012F1FFD062A
:106ED000CFFF1B040EA30FFAB20B0102972DFB0587
:106EE000D3EEA003D1B807F898EED21494CEE610F2
:106EF000DFF3282A5626FC0BCEEFA005DC2534E66E
:106F00008DF0ECC847EB15F9FD074BEAB62F00FAF8
:106F100094E5201727FDFE00D0F4C60E58221B066C
:106F20001415DC10CD9CF70506F59707643FFCF7B8
:106F3000B703D70CD835EF08FB0044098EBB0C070C
:106F4000102B16176206050EF54A51FE6004E8F68E
:106F5000CA0BE8FFB1E9140F2B0CB5075C3F01F930
:106F6000BEF8C513E9A208070227AF14DEB3F30881
:106F7000E9EE191738381303131BB6154D03FF0A32
:106F8000EDEE38170F35F0F5C6FEFD0B3C0BFDEDB1
:106F9000C406B7154FDD15131F0E1006AB1FF7F40F
:106FA000CC031A1495D5F2F6CB07960AE9C3180656
:106FB0001D06F60E61DBFE0DFE31020D23F603F514
:106FC000B7FBA00F0D9612001808ACF88CFDF0F579
:106FD000D00D970411DB03F0B3F7AC0E9021F40051
:106FE000D8FC990EBEC0F8F996D00D23C7F5E8037A
:106FF00006EFB20C1A2EFD05D8F41B1013F103E9AD
:1070000085CC58036BD70804EBF903099500200ED3
:10701000CAB548DBFEDA1101C8B14D2D319FF60526
:107020000F0418FD0490010C00CACBB9E98F1A06B1
:10703000DD0BDBBD039D1007E10BE8B5DB46F6FB7E
:10704000FDD23FDDA805FD00E3B8B699AA90210066
:10705000A9EE32C1D649EE0D234F1617F4A0230135
:10706000DBB5C51913D9FFFFFFB1F51090E105039A
:10707000E2E316FF0F20F4020A2B37BDC9D804063D
:10708000F1E29AE4E51C19FBB73ACCF7EAC626010F
:10709000C70EEBBCD920F70B149BDEEAC15118F6E2
:1070A000B6FE0812DBCB1EFEB8AFE0CAD8A9EE0AC6
:1070B0000E20F2F9C786FE01FD12CED3A3151F07DD
:1070C000D71AF1361C970F020BF42F07BCEA22F9EE
:1070D000AFFAA53611D21B08DAE618C4C51C130492
:1070E000C13CD102E81D1913DC3A251DF3A6110697
:1070F000EB0FC6172F1D18FFBE09B124F29F130C0A
:10710000C2B95D1FF28F03FDEE08EDF3FA49130AD1
:10711000D62AEDE11B4814FAB5C5A6CFF50909F941
:10712000FE87B00DAB5DE81917F7C43A16F31C06DD
:10713000EBA139E4C0C7E61A092BE620FCB00AEB44
:10714000EED93707B6A20BEFD78A38F0E11C1EF54F
:10715000CCD4C1C2F308F3FF078D2717A4C01B06C8
:10716000E826E2BAECBE13E4EAA314E9FDCA13FD73
:10717000E0E313C634DD0EF0F232CBB09B330EFFEA
:10718000F74232360EC91FF8BD9DB900CEA426FCC9
:10719000E6E035EE1CB401FA06D7C40AE85B28F233
:1071A000D2A006D8B83514F5BCBFBC2D0D930AF992
:1071B000FFF03F02EDE216EDECA8BFF3830B1D0FCD
:1071C000E647B6E41896000411E42205E3E41CF84F
:1071D000C79CB0E324511A08EEBFFEB319D415FCC6
:1071E000BBA040E5EBB0F425F103D9080DE3E51DA4
:1071F0000D19E1FD1E9A1BFFC00BFAC606C70B0E48
:10720000CC3F03FF23431202FBDFA1B9DCC3F5200F
:10721000E91EDA15BB8405FDC5DA20C7CAFB15E4F3
:10722000FE864090BB82BC0CF0F8ACC5D683EF0D57
:10723000EDB5F42905DEBFFDDC0D48328B0F23E2EE
:10724000F82202E5A2CF24D1F3CA30D8EEAA02E494
:10725000DA16A62A2E4E13F1008E369BC31FF30DAD
:10726000F40D98CF22CD20DAFA27C98BB3BB0503E2
:10727000E3F538FA32C31EE100381DF60126F607A1
:10728000F83907251B4D15F0E827CBD005C2FC06C1
:10729000ECDBF935F2011AE60584F6F703DA08F2B9
:1072A000E90D381925DDFEF4DCB7B228CBA11BE8C7
:1072B000FF08F386EF0825D5F72A95C5E64BF71AA0
:1072C000F2C62C3ADF00F50A11251FA7943E08EC00
:1072D000E2151ED5C74CE81FF33FC612E5F7FB09C0
:1072E000D1EA12BA304AC21FEA19F4D2BCB4BB0EBA
:1072F000E4F3B9129245FD00C930C4E22EE0E81172
:10730000E305EA061FE011F9154398BED23FD30BFF
:10731000FDE50B37C950E9FBCE3020E82DF11AF11D
:107320000BE42504EDCCC1F1E3022C8EE658CFF539
:10733000FC11E0D406ECCFDCD032D1B496951BE63C
:107340000C0719B68E481DE0049AE000D2CBDDE0B0
:10735000BFCB9C1ADAC121EB079417A1F496CFF8A2
:10736000FFA4180BE8BB1FEE0AD7901BBC0BE01361
:10737000F303A8D2FEB419F5091DBB13B1ACDB1C95
:10738000FFE50CBEFC34DFE8CD8DDCE8CC01D4F6A3
:10739000F89093D31B0C1BF70DC2F7B8B009DAECC9
:1073A000CC9DA1B6E5ECE4EBBB3495E0BAD119F085
:1073B0000EE5E10DD1FB1FE102D2E0B3C8EAD90B23
:1073C000F820ECDE182306FE0842C31BE598EAE726
:1073D000C6CB0FC530FCD208041FAECC1A19E7F09B
:1073E000C78D2ED211ABD50DFAE41CF9DAC2CBDD74
:1073F000D652418D9527E6FCD01624C1EA15D01B44
:10740000FDF3CB29FAC9F51214C42AD32608E0F9F2
:10741000ED98D8281231B5F203E5F510FF3FE111E0
:1074200012F120432304A0F4080EF5FCEE62C2F32F
:10743000EDD6E6D002E029E40011E4DAEFAE141054
:107440000EE31B571E4CA2F80FCE3EED1CC295F06A
:10745000F7E201B5F2EB21141017071C160929F603
:10746000EFD2EF1008FA421109DE2BB719030DF61F
:1074700010FDEFA60B23E5110EEB17021EA93A0033
:107480000E07EC95021E11EBF6DA05BFF9CC3DF5BF
:10749000F1CFEFCE06ADB81916FD162B20120EE96E
:1074A000F2DDF7340290A4E8FAEB09A3EE4CB40B3A
:1074B00010FC0D07191F0C010FD8261D149908F890
:1074C000F5C6F1F606629611041612E5F2C52BEE2A
:1074D000EFE41202F89C09FAF1D4E3FA0151C6F97B
:1074E000FFE70D4CFC0ABDF5F5C1C5C914B1C3EEEB
:1074F0000008E6BFF40800FAFEE707C6F887D9E8F7
:10750000EB85B65D14C8F3FA09FAF2AB068928F0E8
:10751000F8C3C6350DC8A4EBFEF5FA3DE33DEB1B01
:1075200001E739DD0ECDE5E30806DEC702DA1EF518
:10753000FFF9CCFDF899E2D70B0BD3D60F15A42594
:1075400005D039AD04A30F1205B6462203A514E4F5
:10755000F4E7EA95DBDF1B170BFF26B70D68DFF7B3
:1075600002F0D13DF527011F05BF44CAFB0834FCDA
:107570000A07F0D0EE192E1807D4330205E329FAD2
:10758000070DF69FF81E2FE7F6ECFB2CE18E3AF87C
:10759000F7F6D740EA59A2110CE323AF09FBE9ED56
:1075A000F8F2EA01E8C91CE500EFF92BE6F1151F36
:1075B00003E5312907EF291707C53EB4FEB62FF1C1
:1075C000FDE6DE3BFE39AB14081312DCFFD3D1E538
:1075D000FDECE9AEE0B41CF203FED012FBC81BE8E0
:1075E000000202BCF0E60FD210F7A4F615B29BDA47
:1075F0001017CE3A0D312CE401FD07A0EBF614E78D
:10760000EEB4BA0E153BD10D050907DEF6CEDCCA85
:107610000AF8A6AA173ADBDE0904E82CF4CAD71A3E
:10762000FFF32A25F926C2D21CE5E2DB18A01DD5FE
:1076300018EDA1BA0A85E6CC18CFC89EFD0A281A13
:10764000F7DC3196F140171AF9B6411FDE3CD6E25D
:107650000AD3E5C1D9F1FC1CFEF43DFFFC041FD2A6
:1076600016FBAC9E0694A615FCDA3AE1EF9319E7F7
:107670000D0FE73FEF4DEA18F6EC258EF199C0F6B5
:107680000A11F0A50162B3F0FFE8DDDDD8A8F1E250
:107690000FF5B203F707050DFAF92AD3F930D9E14E
:1076A0000AF2D844E09500E804E0E81CE4E195180B
:1076B000F60641C1F59AD912FFD345AEE72D23D77F
:1076C00012F8AA2905872E10101406C106C612E961
:1076D0000AD9ECCDDBB32ED520069D3812A60CE0DE
:1076E0000004E49BF396DDB8250F8123114003C10C
:1076F0001ADFCBAB0B62CAE60AFDDEB6F53C22C848
:1077000008D99B28001C1805F211F7F3E458FEC6AF
:107710002504A2D905CBEED411DFE4D0EF01B002ED
:10772000F60216B1FEAE0DD71FF70545FADBF1CE16
:1077300022DAC0AEDAFC2BD318CC0FCED3A70A05C1
:10774000F6F11324F38E34FEF9D71F01F1DFE0CFF9
:1077500021A1CF21C731A316F50F2036F161FECC50
:107760001EDDB2ECE664CB03F3ED0ADAF69AB5DC83
:107770001407DBF115592507F2F61810F5B916E6CE
:1077800010FCDC9F1964F1D619B5C23ADEBCE7C91A
:107790001FD8C519E16994FFF7051344FE3218CCD0
:1077A00025B5BEA0D3C0C8D01BB6D146CF6D0F0340
:1077B000EF0B18B5F594C300FAED1C2AF6EBC8CA16
:1077C0001DEEAFE2F2239E210A142062F1D597D17B
:1077D00019A9DB26CE9AA6CD27F5B7AAF22FF9D2A2
:1077E00015D9E6B2EF3F26D413FFCF9FDECCA6CF4C
:1077F0001EDFFCECDCD89AE00EDFE8C0F48421C286
:1078000016F9A2F7F20A03EFFE04D9B5045700D81F
:107810000D06C9CDFFFBF0D9DBB53BD3EBA4F203DA
:107820000007D22D15A0DBDAF9D4C05800D887CFD5
:10783000FFDCB4E7ACAD4CCA08BBF458CBED930603
:107840000002BC9B331EAA0BFCFCBDAECC2ECFDECF
:10785000E3AD4BC8DEC2490B020A2038DB9BC7CD23
:10786000F9E700D8CEB0D60301FCB9F117C5FECABE
:10787000FDD6E6C08F96E1020400C43ACA15BFC423
:10788000F7EB0BFFE3CC4FE0DABB15E6CAEF9CD970
:10789000F2DE1CC4EFAE87070B08ECE1B3952EDCDB
:1078A000E1C6E6FEC1D9ACE2E5C0B2B4E3B04D0D2D
:1078B0000209D7FF0EC9D605FF0515C4F005F7D09C
:1078C000FCEB124AFF02380BF618F71A179A9EE3E0
:1078D000E8BAB8CCBADC40D0FFF0D1F7B892B1DE4C
:1078E000D1B6D727EEF5EDC8FAE2C304A2F54CD421
:1078F00001C1F1DA85EB92DDD0BDDD2496EABDD27F
:107900000BF4A69A24C034CF1BF591C4FAD29FC9B8
:10791000FBEAD3FBEFE418D1F7C009D8C2B8E804FA
:107920000BFA9640F6D737AA1BB1EBE1D4BAB8B838
:10793000FBD2CABFD5D3DA902A9D2D438B02A1FB7F
:1079400009F9B2D8F9D14D0114ED130A0ED4CAA326
:1079500014A052ECB6E724FD0C0506ACB010FFAC49
:10796000FED4DBB1E091FD010BECC33A1CD335DC56
:10797000E4D01F2997A09F0803FCBF4B033094DA83
:10798000E7E01E0DF1E4A4AF05ABAE23C3A62EB213
:10799000F3C8A6269594E4030EF7EAD0D8E917A217
:1079A00008A9D3BF93B8D0A9109EBA0896D4030EE5
:1079B00000F73CC6D10B29F80EED04A024FDDCB97C
:1079C000F8DEA724C0E90B0AF220DBCEBCE128A731
:1079D00007A8B5B28AB0EBB8F8DD2FF2BD9816D281
:1079E000FDBC3A1B018622BEE7D7D109E08EA897DD
:1079F00031A0FFC4DDA70FD6F9C4B765DC8FB0CFC7
:107A0000FDE6D8170E1FA9B401F33BFBBBE405C389
:107A1000F4E7B5D1CF9C289620A12F35FCB509FEFF
:107A200003F8069723FBBFAA1BCD2FBBA9F681B491
:107A3000EBC9C743B4F4E29924AF200C92E102F6FB
:107A400009F4CAF51C3343F20DEB0728BBF5CD8DC5
:107A500017963D1CD1E0A400060090BEF31BCBB1ED
:107A6000F0CC1600B9A0A1F409F535980008EAC3D6
:107A700013BAF0EBE3B4C1FC05F032E5062FB2C651
:107A80000FC0BFD90CF3829209A0D6F2C0AAE2AC13
:107A9000F4BDDDC3ADBC11020EF9273DBA20439CF5
:107AA00006A42C09BBB3B18122983FF6D2F62C0173
:107AB0000500D43BEAC3DEF70DF434E4C9DD48AF7A
:107AC000F5CD354403D23F13FE16AB12DFA22C9640
:107AD00017A3E05AB8A53CBCF0D1FB4BC7DCC7915B
:107AE00021AC281695CC3BB6E9DC1C2CE8E650A06E
:107AF00023B1FFDC09C6939620A9E11DD2CBAACF02
:107B0000FBE3E9BF01CB31C6EAF74C5BF8DC85C685
:107B1000EFE0FA11FDF9119D2B944106A090EA01C6
:107B200007ECCFCEC6B994C721F3BBA219F116C199
:107B3000EDC6FD31A4A9E9D80EB2C346E0CF35F8B1
:107B400003EB97CDF5170D000BE8322C2D1BF2B48B
:107B50000598D0E20FEFD90A0DF7DB9BBC1DEBB9FE
:107B6000F2C251F2E0B99E0108E690C0D1D1E9AB72
:107B70001E9DD526A7BDEDFF02EF30A806D09FC100
:107B800011A4FB4E93E282A80DA24C47FCFA3CBE26
:107B9000EDBF3534B4D3E3050AF227E6DAF14EAF90
:107BA000FBA42FB8B8880DA20E9DACCA0FA90E0772
:107BB0000BF7A1A02BE0CAFE0DE7FFF718FBAEB64E
:107BC000EFD14CC18FD1B40606153617CDD6BDA75F
:107BD000079DC002F1D544C1E9D2AF4CB302C19DAB
:107BE00027A5B0C9D5C0CACDF4D6DD23D8CF4ECB9A
:107BF00019BDCBC6F9DF39992499E208B7E80DD150
:107C0000F9E43902FD16A8B517B8A6CABBADF5C789
:107C1000E01D12DE3FE7D1E7D226D1F209B706B761
:107C2000EDFCDD032E11EAF5EA0A1E20D7D411037C
:107C3000EE0AC70EFFCF9ECEE2092930FFBF68C50E
:107C4000EFF4D6F2CB07E10FE6F6D3FFBD0E183105
:107C5000E407C12359A8EEB7F5F5F4F9F70E99BC7E
:107C6000EB0BD00C07D0B0BFEEFCD4FCD9071DD471
:107C7000D118EBF398FB52EEF7F8DDF7C4068A2F24
:107C8000D823FFE9F207AD36E608C108F8B2281696
:107C9000E60DB91139C11F16F2FBEAFA2A14BD32FA
:107CA000E706B6112FB70934DD11C707CAAEA9A47C
:107CB000FD00EF06BE07A5A8F4F4D4F9050F0DECFE
:107CC000E80DD001A8D55AC01D02221CC0EB9D2F83
:107CD000E10ECE10C7AB3713E80ED6002ED9A81B85
:107CE000DC25C7FBC7B203E3EF0BCF1426DC6A0E1B
:107CF000E907212ACCCB179FD21EC4FC00BA92AA56
:107D0000D3162CD34BFAA414E312FCE6CB1D35B9E1
:107D1000E514D610F4D9AFF8E6FFFE27CAAD322B32
:107D2000F3FDC9F11A07AC29D40F3813DDF8AE31D1
:107D3000E810A72335B629ECD00E3F194AE1E21628
:107D4000FA06C1FBB2140FC1F101CBFAD30B60E804
:107D5000E60ADA2D12B4E397F8FFE9F2BF1C0F260A
:107D6000E508AF23E4B1B10BFA06C2F6A709810812
:107D7000DC13080ECAC7FBB2F3FEBEF71A0AA5D978
:107D8000E2120B18A9CE1513E00CD0202BB12BEB6F
:107D9000F20FA3260CB967D1F8FBD4013511FBC44F
:107DA000E60DC3224DB64F1AE00D011CBEB3C5A9A6
:107DB0000000E300470C9FE2ECFFC1043B0EB91347
:107DC000E50EAE15E0C1D1CA0F062B23E7F5F1DAB7
:107DD000DC07EA2456B805CBEA10A71956BE5202B2
:107DE000EE06081CCDB3BA10F313A533F7C50698F9
:107DF000DD0A3619D7E6032CE509002519ABC8338F
:107E0000E2180BF832D7C030DE2112FCA71FBB1BD3
:107E1000FB12AB22FBC410DED307252414C8F112D9
:107E2000FD10CF0ADC10A230CE1E0D05AA256A2A4D
:107E3000EC0B812CA4B0F3D4CD132B02F51148B078
:107E4000F40DC3FE3C0DC8AEEA10CF05020BCF0DFA
:107E5000E20EC72ACCB5CC0E0504E2FCCD0E0BD841
:107E6000F00C8D30E9B3CD19F40FC5049E0DC60298
:107E7000E4092728BED1C9B9F90ACC01A50BB79DE1
:107E8000E50B381BB9DA13D3D808C23153B1C69EFB
:107E9000EB12893EF9AF55C8F70FDE011B0444CB46
:107EA000E411AE2DA8A8B022DB0EF92DCCC9B7FD88
:107EB000FA08E5FFD90BA5BFF70ACBF82607482635
:107EC000EC0C9C33DBBF43C325F91F1903F91C0DD0
:107ED000E00FE229DFBECAF4FD118F2C3AB514F38E
:107EE000D9082E2038CBFC0CFA0A8E353EC3E72A7F
:107EF000C9142413E40AFAAED00A2F14E7C51051AE
:107F0000FA12F20CA0DB4ED4DE1C2D1FB1EA5C117C
:107F1000FA0F9F31CCE0E4B8DC0624162ECE4737AA
:107F2000F715CC0EFB0889C8F2F2D8FDA7440F2C38
:107F3000FB12963DB4D3A20EFFFCAA0EF02410B0A3
:107F4000F212C80A0F02BDE2E915D806D30A3CD3E3
:107F5000EF11D9344BC89AAB0311E5F74A01C0D1F0
:107F6000F313953AD0CB9126F013D003E3FF2FF80B
:107F7000DA0E341CF4D824D1F210DA0CF1009FFD93
:107F8000D70B131116EA9806E010C12A0FC3CDB71C
:107F9000F210982D07C6B6E6000EE50C020922BCC9
:107FA000F311AE2F53C502FFDA0BF828F4D55AE8C7
:107FB000010DF50113024D09ED15CD002609493AD1
:107FC000F4129330A5BEEB201CFC1813F702340DFD
:107FD000E312E330F0C6222FFB0A8C385BC29419FF
:107FE000D7102014F1DB1DAFF61FA81BACF2BDF6B5
:107FF000F4F4AC14A22CA70FD50F2527FDD0DB1D60
:10800000F613E11A13E66638CF0A3B10C2EF1300ED
:10801000D2FCD0E403DB1145DCF28F2036A8B1FAA4
:108020000604EDF3CEFBA4C6D01D1D2D050ECBE539
:10803000F7EDD9E51A0DEAD6BB2228F4C1ADC70B7E
:1080400007FBE9BBFFFB0C220A03DFE3E7C01E329C
:10805000F3E3A81245B3D0C80207F744992F0510DF
:10806000E8F0C6133EF4EA1F0105E3284801C6DD27
:10807000DCFCA509BA9689160BFFEBE7C1D0CE54FC
:10808000CA0BC6E8B806E2D4EEE1B80BFD119F09B1
:10809000EBEAC7D5390EB1950E02FAB3961494AC3B
:1080A000EEEBC12534A8CF3CF0E5A102C8ECD01816
:1080B0000B05F71436A004D203FFE6F11F29D506FD
:1080C000DFECC5BC46C034F40EF9133A4CD7DE1FC2
:1080D000F1DFA6CFDEAE852CE7F1CE924E17FE295A
:1080E000E9E5940A15BFC783F4F2E79CC330D8973B
:1080F000BB2C29403EC0E82CDDEB9B2D1192BFEB41
:10810000DC07D4E91310354EC51AB5D2568B9A4008
:1081100009F0DE0DC6F0E351DCEDF52F31BCD6924F
:1081200012F4EB98A01BC24F16D7F642D01EFFE602
:1081300001EE1B3CBD1EDA380EDD00A4DDE8315730
:1081400017F6DB933AD5029B18F1D32C950AC3108E
:1081500003D43F98B409C9AD17F5F99549DFA221B9
:10816000FFF1171246B9D9FB19F4E82690DBAF9757
:10817000C405EF02EFDAF60715F5EC35D20387D91F
:10818000D01311B7EDEABF5BF4E11C1DCD2FD5B1C3
:10819000FBE71EB5D8D5D3F218FAF4D1BBF1C6115E
:1081A000F0E92631FF0F1552EAE23095B621353D50
:1081B0000800F88D30CEA9EC1BF1DBC4ACCEC44076
:1081C00005F6F9954339C4D80DF50B9729F8A4C4E1
:1081D000FFD832C5AFB72B0C07F3089AA8C4C6EE78
:1081E000E8E204E40B11944902EBF23632E6DC3AA1
:1081F00018DDFBD7C8242050E8ECFC02F2FFDADCE3
:10820000EF01E6A05D223E26BE17ECDFE0E0E2349F
:10821000E4FCE03124DBBC0FF1F02ED4C3D3FF1318
:108220000807FA36EFA5BE3D21D500C53FE1E58B35
:10823000FFE40719C3D2BEB016CD00EB31BD13FC6D
:10824000030D141E509FE79CF90421ABBBF7DDF52D
:1082500014CA29DDF8B7F4F114F7EF140C06FD3A4F
:10826000FAE818C922E7F7AEF40828243CAD02B3B7
:10827000F4ED1725B004C60CF60B0FC606CDC8C426
:1082800007EC0ED1D6D0140AF7E0449FCC2731EE8C
:10829000FBEC1C8F3317DB52070BEE34EE13BF9150
:1082A000FDE43802E42FF23F06D43224363A139E1E
:1082B000F51CF5122319C8F402051ABC10960837EC
:1082C000FBF30A90D7B4EAA50CF7021F01BE01998F
:1082D00004D63497F832280AF5EDFCB4CD37CAC974
:1082E000FCE52B320DF3D4BBFEEDBF0E2F2A05FFAC
:1082F0001CD1FBE09D0E17AFFBE127BA0DF81E94D1
:10830000DAFBBCC813DCFEDEE3FF09BFC2A292E9C0
:1083100006EAAB9C091D172314D4109AED19203AD4
:10832000E02704D322CA10120F00010730DCFC54EE
:1083300016F1F5A53D06E39705EEFFD8E805DCBE8E
:10834000E21C380ABFBCDC26E212482F55A61410E6
:1083500007E606A11D1A1937EE19E649D8CD03B371
:1083600014E8F907120DE491E61A47522F1CCEDAF1
:108370000ADA0526E91D2719E72220E5AD1AD8C932
:1083800019E3044233BAC9EF11DB153E4B300CDB65
:1083900014E6FE17CCF50CF8E12BF3B7CAF9AE19C9
:1083A00019E0121CD00CF8EC0FE412D0FDFF23539F
:1083B000E32EDB04A30DA7EFEB1F4CA542C0FCA4EA
:1083C0000DE5E5DB18E12B2F0A040DA1F4AD88388B
:1083D00008DB0BE6DBEDD5C00FE8DA46E70CC2C4DC
:1083E0000CCF07C508BED41713FEAE44981C30311D
:1083F00007F401FB2923BA8D17D70AE218C1C190EF
:108400000BF381EB5E4AFD4510D0022E393A0D0E7A
:10841000DBF316B911BAFFDFE8F302CC2D38C7F948
:10842000AEFB16EF0FA3F5B1A6E9040B0039274305
:10843000F90C0E972E9FE1AC31DF0E05FEEB3B10E1
:10844000ACF31AF6119AF4D9DEF024FA02F0F5B280
:108450009FF90E983031E9CB210418F8FAF4FAA20A
:108460000E0106A12FAEE8DEE8F31BEC0B99FD0C24
:10847000AAEB02F32626E2511EFB1CF00CFEFB04C5
:10848000F6E207E915F91A4DDAF808AE2B26D3B053
:10849000210E04A42DE6D8C4FEFC1CF601FFFCE866
:1084A000E6050CA2354FD80EA7FC09A83BAAE4AFFD
:1084B000F4F81609F7CC031B46FB1EEDFD3EFA2D22
:1084C000DC020CA923D9EA51CF110E181831FA1287
:1084D00015040BAC2C43DE67C9FD08A827A7E43DB3
:1084E00005EF0ACC3B9FD0C2D0071CAE14C5F48E5A
:1084F0001DDE0C0E00BD49F4E1EB07CC2EC3CD66AA
:10850000FCF019B11121F96FAFDB01FA0DC7F91AAF
:10851000F115069219EEF111D4F317EF29EAF213CF
:10852000E60C0BEB1697F632F20D0916403EC48EA0
:10853000D61124EF234302FD3B0E031E4C2DC9939D
:10854000AA0E0DD9122DF1A6CE0D12BD1315F24BA8
:10855000E2101A1636DEEA8CE30B11110AE4F59CE0
:10856000041626E01BFE11EA121214C611D9016589
:10857000B1DB16FFFF200CEDDD100EE205B5F9278B
:10858000C7F4020813A61227AB1222E937B4F93C4C
:10859000E71023E02401051A33160FFE0EDEF8F370
:1085A000BB0725F91F19098E9E0C171032AEE7B0D4
:1085B000B8090DF8011403C6430A14C5159EF23A12
:1085C000301412AF1F10F8371E1E0F1C2544E19CFB
:1085D000040D1F0630C7EDA39B1028C910D90BB29C
:1085E000F7F911F32405E833C31235E62EEBECD688
:1085F000C610021536C4D221D6F216F52141E72065
:108600003EFA1DB51131E7E602D008EEFEEE2BB0C2
:10861000EFEE4AE20FF1FEB923FE1B2E42F5E963AD
:108620001C110AD4FA07152D240C18222898C224EC
:108630001C032E394945F52DC010202A2F32BF17B3
:10864000031913E3004628FBEC0211F303D12D9F1D
:108650000F0A193C4C97CB28101E04E806D1FCB435
:108660000EFE32323A2A0835FA071BF7F9BA354FAF
:10867000140405172EB4EC42A31718E7F9222FF4BF
:10868000DC0A0C192EC5DCE5D4072845493EF281E9
:10869000A1FD2F38411B02C098130EDAE90D0EE23E
:1086A000DC022A464E9EF597240519305118D659FA
:1086B000F70808D0E1B82FAC040D13F7F6142A130D
:1086C000CF09341729080ED03718091D12D9F3FB2A
:1086D000EB0C1F374713D4F2A1FD3D263B090BC11C
:1086E00011FA1C2149BCDB1708FE41FD38EAE40CF5
:1086F0000808212B27E2B9231AFB192D489FE9C549
:1087000041F74CB7FABDFFE6E3FB020A2BD600F1B6
:10871000DE0133EF4DF1E41A0110172D41FCC7A71C
:108720001B0EF3DFFD183B20D21A0F130CDDF515DD
:108730002B101433359CF11007090D1C0D3DEA3E3A
:108740002F03E83014F43A5FF1F1EA1D17F7375EB2
:10875000A006163316BFE3880201FDABFC9430BFC0
:10876000E710143A51EDF23DE5FBDF32182D35925A
:10877000FA09141B3613DE31DD11E4FF13EC449FBC
:10878000120E130F2848D9AFF3030E3C37C7D93B5D
:10879000D206123737ADF10DC605F7ACF28D34288D
:1087A000990E113F2F08E1CA3504172E2DF2E2F879
:1087B000EF06E097F8B23FD1D407E7371AF13BEA6A
:1087C0002A131E264C1AE64E140E0719151C00C853
:1087D000D7FF153629A2E6BDBF12182D41CEF2BD36
:1087E000F60419213A02CF3AF20910F454B7F4A76B
:1087F000D40D0C1D0124F3D2A809192C2FD6D0F0CA
:10880000F91629A150CFE354EC111E0C32B3CADB88
:10881000000F03A7B727D9024A0EF207A4E4D30535
:108820009DFC09F13DE1FF0AABFE20060F3DE6DCB1
:10883000BE0610EC03BCE1DDC9021E06E6A9FCCAB7
:108840003DDD0D1EE4B305FDD3D3EB175624F50033
:10885000DD010EFFE13F1621B2F810D0453515A815
:10886000420A0AF5E94BC3FAE2DF06140AE806D623
:108870003407EFFEEFF435FB88FF06F75B2ABC9B5D
:108880009305F9FECCC2CE0BB5FF00FF9DCAB2FD29
:108890002CFF01F740AFBB2109000FD3AFC1E3F0BC
:1088A000DB0402092AE622278C02FB0A191CD4C029
:1088B000540212C509F294F81CD6061DBAFF0AE04C
:1088C000C30E02E215C514C31E070615151AE5F9F5
:1088D0003301040AEFA2EBE04D0A0ADAD73CCFC518
:1088E0001205F406940DD6D8BA0027BF13C705FAAF
:1088F0009FFA190A119A25F92D06EDFFA442211DB0
:108900008F15108AA7ED0910AD13E1F80F9E1B001B
:10891000D6102BB1FC3EF50D23040F0D1FC2FC1A1F
:10892000F10BFAB6C808ADA119F5191CDA0417B88D
:10893000CF0024F7A3CBE128DEFD1D223034ECC3A9
:1089400028E5FBC6E52F999D5DC7EBE5C343B8A9B4
:108950006DF61917DD0E1202D30308BB2B50C6DAD1
:10896000AC041AFC2AEEB1E357D2FCC62219BDF8BA
:108970009C020708D6BBF1B82704F8B207E9B81182
:108980001E04050DA21AD50317F51D129AC6F7BAD3
:1089900094FA19FBD5320CC309060CA437131AAE8E
:1089A000D8F81C0EA13FD1F88DF916123CC2D1C5E2
:1089B00084F718A44AE702E8ADD3F4D60117C5E559
:1089C000A2001BE4C9C911CB3CFD0513C636F596C0
:1089D000C0FB161416310ED9BCFF25E51C9DBFD473
:1089E0004EF8080B434415BF89F345E9D8F0B407A6
:1089F00030FB1B29B72B2C11C6FE1213F3E9CBDC7D
:108A0000550144B84FD6E125F005FC0402A72ECB52
:108A1000A2F848EAFFC9FD34ADF51A2441EAD0B8FE
:108A20004EEE0E931957B699D9F70E2902BE1F3193
:108A30005DE9301FD029C0BF29F31335FD38D905B2
:108A400045D90FB25428E3E198BEF9E93F181FABAE
:108A500063EC263795C5BA26E8EC1CA82819A1E5D1
:108A600095F12A1F3C3FE21CF0CA08BAD641A9D2B0
:108A70004BF90F1E98D723FFBCE9149A4D14210C13
:108A8000E4FF161DFF13D32989EC22293C00C412F0
:108A900024F7241F35CF0C1296EE1A8DB6FDCE1199
:108AA0006BEC252CB83C18C8DCF725291143072CA2
:108AB0004AE12A8BB823EDE36DC908C33B3200A617
:108AC00034F7230A1F09D9B9B6F90315E9F3CDB074
:108AD00050EC2332A51AFB238EEC3411281A3506EC
:108AE00025F41921A7A9E428A1D4501D0AE205DE26
:108AF0003EEE0F33B10AC1F8E1FD1F2ABC96C4F95E
:108B0000A2D773F3241C2E2E12060B0FE4A6D52435
:108B100015D5581CC84233D285E91E31BE48EA0932
:108B2000EFD62398AEB60BCDC8F6FE1E22DB361A62
:108B300006E52832A1DE3208CFF0FF20B023B1EDE8
:108B400096E111BB44371EE258CAF2E1CE59EEF766
:108B500029E91D3A9B0DBEF5B2DC3499DFCBF0ED6F
:108B600011E21F2FD3D227E3D4DE09C21439CB136D
:108B7000EFEF112AC0D0282B24E1249ED2A601FDBC
:108B800063EA13282CCE19CADEE51C372BEBBFF0A5
:108B900023E72038200708C614D23D96FE3AD2DDDE
:108BA000C3E91F3DEE1B05D85AE6173C2C2AE80AFC
:108BB000C6CB4484FDB0E8FE19D80BCA2DA69DAFE4
:108BC0006EE72E2C9AC7F9F6CD030210422CECB2B8
:108BD000F4E51639D5EDFFD021DF3032FC3A011E25
:108BE0002CEE1836D2BB3B26B9CC422CE10CC3F597
:108BF00017F20427A1A3FD1CBAEA1A30A6E9CF2177
:108C0000A9B07F11F437DFE7F7F11D2627E2C7C8C7
:108C1000FCCD15FFE94796FB84F511102B18CBEA24
:108C200099BD03B7EF1CE22256BC12FF06072421B0
:108C3000A4A90AF81724960DACC213041004321E1E
:108C4000FB08CBC016FFE82F2AF3AAD7FDF3AA2909
:108C5000E4C60E0B2309D30E47EE18C4A32E5D21E4
:108C6000BD0F0503211BDC17CDDCB5C412F3F32DBA
:108C7000E79809112113F2EC9124F0AFFC26591E5C
:108C800049C907071B20C1EC0B3103102E00AB00B4
:108C9000E61004FF251C2511B01211B9AA30A82333
:108CA00062FF0408270F180E5BF6000F260ABCFDB2
:108CB000622408A9AC2D361065F5B2CF18F8B63588
:108CC00093CE0A031D39B009F0DB0D061913DA0A39
:108CD000FDAC040F1EFF260B852D11FD132F120C6A
:108CE00034380A101B16CDF52F1A19DFE137A82CDE
:108CF00024381DFB0DFDCC1A37C500152915DBF4F2
:108D0000FFDF24F6AE64BC04C1ED130E1C2EA8DBFD
:108D100003E529DADA43BA2B5D180B041B03D308E9
:108D2000F30BE799DC23260BDC200E1206F142221E
:108D3000430815FE080F992AAF03201500E7DD262A
:108D4000F4EDB4ACEEFCC21643A381D3E4E51613F4
:108D500027A3130719FAEE1D25A6049DBF30AD0BFE
:108D6000F6EE16F81514C22200D59EB6EE05371899
:108D7000FC9910071C07F707F8FFD599ED11490179
:108D8000E5060D041107BC0CE10F0A0B18F2BE1A20
:108D9000D23117FA18FD142532CC088BC224D90A17
:108DA000AACF0B0C1B040423B8C7160C15FF481CD4
:108DB000C213FE8ACE13EC0F1ED492C0F1F4D50F6D
:108DC000E3EE18F70C1DFF28B6D0130B1B16BB05DE
:108DD000BED307051EF0E119432F17F3010E9920AA
:108DE000C99E15051DF50913FE1D26E9EC0B953CE2
:108DF00010A6120FFBF2C71950BD0D071E00BE0DC5
:108E0000AF4130D7C3424F3A06A50F060F15A9FC54
:108E1000C2B321E3F4FD083FD4D50C0F13E6161CB2
:108E200038A6CD9CD7130809E8F100220DE4BE193D
:108E300003ED0D1B13D2213CBDE9FB2813D90623FA
:108E400055379CBAEBFEA41325FC9CDEE8EC450BE1
:108E5000F9020B1E12CE4D2A36C8E690F312C81640
:108E600069C911180AEC29393620ACC6ECF8DD13B3
:108E7000AB1C110A1805E810C2CFBBA9E90AAC1057
:108E80007029070D06FBF40D0FE606120EE9ED2220
:108E90008AE8081908E0B2349DBEE28DDA0EA71008
:108EA000F0C507140EDEE03019C30D181AE4CB2309
:108EB0008223DC81E30ED3243929A9C4E9EE2808F2
:108EC000A23B180B0BF22738AFD605091604300762
:108ED0009827061512D7FC259EBD1A0907E1F9400F
:108EE000C4F00E170CF64D1AACEF051815BBC15F98
:108EF000E1F8FB2F1EE2FF19DD0E10100FEFCB1A69
:108F0000C6FE10F0FAD312604AFF14021207470897
:108F1000C9DBFA1B19AB1E5DC511012322D8402104
:108F20008BFFC3A1E6F43015CBF3FB1B0BECCE0B90
:108F300017B3013116BCF538D5C4FA2313E5E10C9B
:108F4000000FC4BBF3F2D00EEF1DE0E8E5E8E1FC52
:108F50002F36F92E24C21A1EC6FAE985F50E1529F8
:108F60000436FE2A1CB9092C3006D9CDE0F54A0199
:108F7000189D0F160FF2B01D4EEDC2ABE5FB440B72
:108F800070F0FD1712DC0F1D02D3042F19C1DA2473
:108F9000150C072F18C49E27CFF1CD92E7ED3E3078
:108FA000C81C002F21BF46238B3D093023C2F71D6B
:108FB000E6AEDA82E4F735355BFDDCDBE6F650033E
:108FC000232906291AC52842CAD00E0D1A074A00BD
:108FD000B2CBFD2D1FCC251CFB1FFE2F0FB00D4269
:108FE000893205291ED3032947EBF6302D9DDC512C
:108FF00039E400241EE04A0C5FEF092620D7002840
:10900000DC39EC0D309CF07B55D6061610F9E01CCF
:109010003700D0451809B830EFCAE70B381E9FD487
:10902000E008CD3AAC5C1BA6E06CFEF50A282333C1
:10903000FE22EC102498B513D82FF7F511E20DB7E6
:10904000FDA8DA1CCA58E9F5D62AE0F9EB0D28FD8F
:10905000A5FBEE042EEDEE3A082EC95494563AD7ED
:109060001220F10C24EDD81C25FCDE14D5FCB8E947
:10907000ACC1EC102ED3E90204F9DC2DB0B4BDF480
:10908000FDBFF00C28EEA925BB54EF053CE0B90B61
:10909000D3C8EF0B2F4141C322BEBB529CEF53F10B
:1090A0009DF2EF102E1CA434124AF10D2F18A9D8EE
:1090B000B9C7C2689BB42396D797D512DAB3E3E752
:1090C000B62DE121290519DB0F4D0601121112C23F
:1090D000C120EB05390CDAF8D19AE71D29E017F425
:1090E000ED33E8073339FB10004FDE2B0F1134EF5F
:1090F000FA0A03F31639241BCD03E90C3946390269
:1091000010FEB96F0D1E47311A2FEF1B2946D2D121
:10911000BCA0D5250FA02BE52DC6F80225B3BFDFD7
:10912000EAA1C345CC4AFFACF098FB0708DAD6DECB
:10913000FF1FFD0714E6D1CDCCD500FF09A0ACFF81
:10914000E6B7CA21E714DAE99D3BDC06F3B5E6ABE6
:10915000C1BAFBF51D2D9FE5BBB8B666AEB643E3BD
:10916000B2DAF3FD11142B150216DA20E82603F605
:109170009707F1021D9EEE1E1EC1BE33DB1257A8DB
:10918000D6AAFF0218D81C23FCA8FDFE1F02FCB0C3
:109190002AE1FBFD1127BED5DF13AE61BB0CB7FD85
:1091A000E82300011FE9AD2BEDC7FAFC28DF2C2EC8
:1091B000FE54B26CBFEF0F0D9ACAD412EEFE4CC72C
:1091C000D664EE0114D6E0EBD500FE040BE5F0D733
:1091D000019200FC1FE808DA1858ED06151B06C9B5
:1091E000C340FDF82AB0032FC3FDE21508A4B5CD96
:1091F000241703FD06C53AF80390F2FD28C008EED7
:10920000C652C04EF7CCEDD11AE3F4082619B1B31B
:10921000DED4E427FF1E1638CCC600011BA822119D
:1092200027F8B238F6EB1AAFE640FB0FF995CC35CC
:10923000FCF8FC0107CC032AEB4FF70A00B21C161E
:10924000E395C914F12E15BFA6BBDEFA03C4AE2008
:10925000B80B01FF05263707DCCBAB5FD92516B568
:10926000993C02FD0817E2FCC6BBD20BFD3200B1EF
:10927000A4DF02FC14DA10C2FAF8BF31F6BE459C36
:10928000F05DFC03112EAEE5265A05F410F1150D24
:109290000FF1FD03013E37CCC1259E57E2F22DC2EE
:1092A000F7C504010C2D1ABDDF4602F80CC9F1FF09
:1092B000062EAB59E7C233FAF451D90EF835F2C98C
:1092C0000713F1020A14B3D628F8F9040FCE02F8F6
:1092D00095D8FAF309FAC1BBDACAF902044809F4CD
:1092E000CEF7FBFC18A4CE3A1997EC10F6C6F70A95
:1092F000BFCD000CF7B83FF3EAE6010012F8FAE838
:10930000CFCBD13CF0A90736D64DF8FD18B63BDAE5
:10931000C017E517F6F94EFFBE44FFFF05C9091354
:109320002721C3250356E50FA0D2F901FFF4D32668
:10933000063CF701F6EB2F09CA8CF700FE36BB2975
:10934000C09BE600FDF6E3E0FBD1F0EA0601D49D08
:10935000F520FFFAF81418EFE51AB355F02EE402E1
:10936000F7D1F601FFF9FA07FC83E9FEFE3444E089
:10937000979E0202089BFCFFF4E6D21BFFE9B3C4F0
:10938000C4A603060500AFBFDD060501FA95AFBE12
:1093900024B6F9FDF5E4E3F4E531AA3CF7F01F014A
:1093A000A25706FEFBD90913CF3F01F6F8A9E0DA70
:1093B0001D85BD47F7DD1A88972EE8F0FF679DC22F
:1093C000DA13F707FFDA992D35EC0100093CB006F6
:1093D000ABAFFFFAFA340D2EDFE3FB03FD1FFACE2D
:1093E000BD4D01FE05E3F3121AB7F010F4C4E4BD5D
:1093F000DEB6FE0B011713153546FBF805ED41F3FC
:10940000C44ED92AE4A9F5EC3BC4FE070AB02EC726
:1094100028CB0CF62E23941C5298C2042C1EC9D2C1
:109420001DD33BC0A6D9DEBE2C35BE070A0910A548
:10943000F5532CFE3403B9B322D4AD02110D042D23
:10944000FA03D9D8CDE1E00E15CDE5F2E4E2CFF98B
:10945000FE53D5FF2D13D6C11241C0DB8BF2EC05B4
:1094600042E1B1FD2D07C2C11D594CE5DFE9DB0624
:10947000129CE8F82423D30C1B3DDDCDB3DDDF0FB8
:109480001C089BF71F1EDF4616E2C1FC3519CCF302
:109490001A48C602310FC7002111B6BC9DE9DA197E
:1094A0004746DBFB2E15CCD11230C7FD3020C9CA90
:1094B0000B3DF1C590EAD7284CCADFF5E5D7D609B0
:1094C0000467D5FA3618B4EC2D349B0F041610221D
:1094D00007DFAAFE2E1CCA4B134CBFF92C0EB6ABED
:1094E000304BDB022A26CCC114BFCDFA2301B14B8D
:1094F0003707EA021208FF3CF706CD032E23C91AEC
:109500001BFAABE41626863E75A61AFC1F20ECB3A8
:109510001AD539F31B0BA4A541F1F70C221EEC4D13
:10952000065DE6BEC8ECBF283B58D60B09FD00CE51
:10953000F817C5FF20FCD5D10A35B30908FE074945
:10954000F1ED09CFE9E3C5221C53B9EAE6E1C945CB
:10955000070DCC051703E5DA00A910C597FCD7372E
:109560005C4F3AFE1FF4D40008E2E2DDE8E6D342A5
:109570001C4FC3011C10DE280E050EC2D4F0BD0125
:1095800031303C051210F4470392D40E2409DC4814
:10959000010BFF081F00D03606A6DDBAB1FAC6518E
:1095A000514001092304D0E4FD29DC0E2215E4001A
:1095B000F8C81CBBACFFC7FB653A46E8E4E9C2D873
:1095C0000F3BC4042406CA3A1DCBD6100B1618EF65
:1095D00004DF23021D04E1F1F8E4DE011FF6CFCA27
:1095E0001261AE0A1A14E4CC082FA1071104BC9929
:1095F0002849C7100E0B0100FCF11C081F1CE009D4
:10960000003316EA050F9BFA5A1103FF1A19E91DD8
:10961000169AFCFA11F9B7C62E060F03180BF507B8
:10962000014301B2E602BAE43EB4050500FF0CD6E0
:10963000008DBC0A10F6D09EFFA7310AFFFA0B1C62
:10964000FB36C6D9FAEBCC0E1527BAEFEBDFCAB45E
:10965000FD52F90D0AF5EACAF602CBC2BE16C6D40F
:10966000615B10000DF2E014054336DCFAE7C60A30
:109670001AD93D03110AEBA7FF5ED1BEEA09C8342F
:1096800034C80906100AFBB301B3220814FEF01C0B
:10969000F68E400C13F1D30001FDE3B0CF16B9B143
:1096A000596FD11316FBF13FF946180F10FAF5D296
:1096B000EFC7D9B9C217B5F45F47EAE0F5E7D71AA3
:1096C0000BD5010413F9D8F708170A0B05110E384A
:1096D000FF30CD100F00F8E7F4BEEB030EF1C49796
:1096E0000F85D70B140EF1A0010FF5FB03F8BBDDBE
:1096F0001901050505F5090802EFCD061804F3194F
:10970000F6BDBFF4F4FCA126420DE30D1618F2BA23
:1097100008E7F3F9FEF3B84626ABA70506F9EF18FC
:10972000FCF7ACB6EF0AB1022D20B502070007978F
:109730000AE91C0001F2DD45F888300905FFFF1039
:10974000F8B808D901EFCA9F0AEABFECEFE5D942A1
:10975000F44DD30304F7F3EFF2E9EEBED018B8DA14
:1097600059C79FFF05EDE0A6FDE702ECFBE2CEFB4B
:1097700007EC0D070D08F7D6F9E6D1BDF408B9BE20
:109780001E1BC4030D08FEF207E82C0903F7F7F2CD
:10979000F1A0F00C03EFE8A7F32AC2C0DC1CB1DA99
:1097A00051B5C20704E8EE1FFC18E50E04F4F2A060
:1097B000F03B1EBCD020BBC3525C2DEEF4E4CE07C0
:1097C000F5C51AFF03EACD37079C3307011015EAE8
:1097D000082BAB0D00F1EB39EEDD050205F7C4985F
:1097E000FF8E050908FCF81EF936A3FCFAFBC50F2D
:1097F0001A39EC03000AFD2D01C0D80405FCFBAFAB
:10980000F3DB2CFAE7F5AB3D3B34F90D0B06072CE7
:1098100006CC00E904ECB3342929B9F6FE0629F890
:10982000E30F13E316FC08D0DAAA1CF5081019138D
:109830001FF4E0F303F4CCF106E9AEF8001044B3F2
:109840001F1CA3F6F3F91F0FB4FA0FF5D817B94D83
:109850000194B3F5FEFDC7D331FB8FBD41F0AEB02F
:10986000E8B7AAFCFEFC0B39B7180AF6F1FE45EC86
:10987000DCEDC3F80705A9C2123025E904F738C5A5
:109880000FF9DFFA0AFCF937B0E69F00FDF415EE98
:10989000C4D0B60004F99F38F7E02AD62BEE60B7A3
:1098A000E09F5DFEFDFA33F82326B600FAFAABB26C
:1098B000F0353DE024EE45F8B6B90DFEE904D6B525
:1098C000BDCBC0FA00FFBFD3EA1F3AF80A15241A2D
:1098D000DEFF3AF703FEE7ECDDD489F402FC45E352
:1098E00011D808F7F900CEDBF0C1E1F6F5ED25233C
:1098F0001C048DEE0A10BF25C5B944F4FDFC1143CC
:10990000370FEFDF17DC5927FCFDC0040DFEF6A270
:10991000E8FCC1FAFBED0ED42AEAE4F1FB0CB3E853
:10992000E3EC1908F6DDBA0BB8C860F9090F4BA0D3
:10993000BB19D3FDFE04D205E91FC4F6031C12FCBB
:10994000CBD9BCFEEEF1D2C2CBC543F1D003E3FECE
:10995000FEF892FAFD05ADCDF5F143E32BE7DFF517
:1099600002E839FCFAF9DC3F0BC4B200E6F469CE38
:10997000C5CDEBF5FF044015B3EBC3FFFCE4092CA8
:10998000C5BFE7F2040217323722F9F0F70718E4EF
:1099900020DB90FFF60415C91E0F4FFE03D115D52D
:1099A000E3EFA0FCF9042DA3D62AB9F2FC1035CAC6
:1099B000C1BE0C0113DB289FD8BB4E02E8F7E94D6E
:1099C000A6A2B6FBFFFE29ECD033E0F70415403227
:1099D000BF90FDF50104E31228FA5AFEFAFC13A524
:1099E000E8C603FBFF0B09D92DE71BF9F2F62E1E83
:1099F000F31ADCF70312FE311DC8A8F9020CA6C346
:109A0000FEC40BE805DABFDF1C21AD000502A20B86
:109A1000D42291F6EDEEE846371991F2FF132FA408
:109A2000F329D221EDD120131CBE56F70C0CD5BB67
:109A300016161CF8FDFA11E0D806B8F10616D0CDBE
:109A40000D11BAF8EEE62CACF395A8F7D607D3B70C
:109A5000C2F62CF9FE11203DCFE921FC14CD2EE6F3
:109A600006B3A4F2FFFE01D6EEBEE8FCE1EC1AADAF
:109A700011FFD4F7090A034508DFA90CF5CFE2F17D
:109A8000A2D0B4F402114CCF12FE44F1FA06BEB8D3
:109A9000B70EECF4FA031DB32FFE3317F3CA4507D4
:109AA000C7066DF9FD0245E001F8ABF5FF15AC2CDA
:109AB0002EF23A13FFCC48C5C0ABC200DBF23D2406
:109AC00017C43EFAF4FACAC2D7C0CF02030EABC421
:109AD000AB9138F4FA14982932E35AFEF7FAC2DA55
:109AE000371636FB030CB1F8EC0B56F7E1F0C6A2C3
:109AF0002CD93EF30217E4DCD3FDFCF1FF0E23FF6B
:109B0000F728EEF4F5E338F33F1DD0F5070C041108
:109B10001CE4D3F5E8E6C72DF6EE09F7F917C5BE44
:109B2000DA08B71FE4D8E8B21FBB34F608FB22A25C
:109B3000B3FBC0F7F6F21EFE1813BBED0009EBAE47
:109B4000240CBCFCECE366049B063FF7CD062FA378
:109B500017B747F7F90A9D9823150210FED92A1E58
:109B6000E1DA02F5F2FBAA380A303900DBEC5D508D
:109B700013CCF4FAFF0EDE41D7DB960BF0E746D2AA
:109B8000A3A395FB0B082E2D1A0359F7F40CCDDF78
:109B90000BD81FF3F8FE379CF901B716E1D1BD2FA2
:109BA000ADFB35F0F6FDC9A937BF49F0FB0C4719ED
:109BB000E4CABA0BF4DD31DAB494F1FFD6FBC3ABDF
:109BC000B4EC21F4EFF6FE2EF6F0C2FA0B0BB69CC5
:109BD0009F91FCEFF708E3C1DC34DFFDF3F9D64ECB
:109BE00024DF13F4FC0F3EFEDA02A9F5D7E0273F8D
:109BF000B60287EF0305E49AFBF7EAF8FE11DFA847
:109C0000D6E838F3E9DFAD66400B2FFB0B119B0C58
:109C10001716D72101F5F5BD4D0C33C80306080210
:109C200047F7C7AED7EB07C038189D2F09040D03BF
:109C3000E3FB023500FEFDDB07045CFB0BFB19F4C4
:109C4000C8FDEC0AF3FEEDD0E605E2F5EFF2ECE834
:109C5000B0DEBECE0EFAFEF3AFF7C7C9C2CD0FCB52
:109C60005450C72A02FFF4D29903A448F7FDDCD16F
:109C700000FB22F10809FF00D803CB41DDF8FBC54A
:109C8000C90CAF1204FF00FB0208F8140B03F6F82E
:109C900047FDF03C06FEF0E6E3FD5DECDAD807CFC9
:109CA000FC3402D00F04F9EFA3F929EE0BFC06FDFA
:109CB000B4FB5E9CDED4FBE7CD2F24D4EAF9DDD5DE
:109CC000F1EB0EB60AFCF3C9EB04899E0401150BF7
:109CD000E10735300FFF03F1A6F454B0FEFDF2CBDF
:109CE000F603E10001050000EDF482E101EFFBBEA7
:109CF000A90C50EF08FB1BF8AA05FEEA0D03FF00B4
:109D00004D0255C1FADFEFB9DB2BC3050D0AFEFA90
:109D10002303361C0CE6F7C395062EFF03000EF254
:109D2000D0FB0E28F5E8E3DB4DF76FE6FF011C02E0
:109D3000A6FEC31F0EF80BD531FE45F907F820FE2D
:109D400015F73FCDFA00D7D908F6B6B0F1F6D0E94D
:109D5000B1D5383000F60DF1DDF4AECFE5CCEFDC57
:109D6000B42CF0C90DF40AEAA9F6E70304FDD5DA2C
:109D7000B4ED5DD20C0802F52EFA37ADF7F8DDEA46
:109D80002DFD5310020207FD0F033B1302FC0BF4E1
:109D90001DF48BD307F70BDDD9FEBADB0DD3E3FA45
:109DA0002A0F4A0E07FC09F0F2F393E8020215F1BC
:109DB0003FF9B7AD0CCCD9F6EB1825D0F9F6DFEDAD
:109DC000B0EACB280CF304D50803032F0103180EC7
:109DD000E1073A38FF000EF01BFD60D104F402D415
:109DE000F7F3D0CB03020AEA45F454D412E801D3C6
:109DF0009803A202040121FBCD008D1504FC09FA91
:109E00000EF6F1C907D5E3B0C20A4B27FD020005E3
:109E1000A9FE92A113E4F7D2D2F85ACC0CFC1EFA98
:109E2000A8F884A212DCC2004DF48F33070115FD9F
:109E300033FE54F900F40EEB21F4B03904031BF1A6
:109E40003E00F32F02F7C7D91FF4F0B7FFF0C6F6B4
:109E500027D8B1A100F921F9F0F7A8BF02C6D4F2C2
:109E6000E91C1A2D05F503E3E9F50BD800F3CDDF66
:109E7000E0EFF62106FF1AF2FBFEBDC604EAC7ECCE
:109E8000B1FCB9C80A02170629FC190902F417E93E
:109E900033F583E1FFF108EFBDF992E523CEC61259
:109EA00024F72C1B0AF40DE332F19BBF05FE1BF3D4
:109EB00046FCEC231FCDC310F1091AED01F7C8EAE7
:109EC00026DE02EC0FEA03DA030047B60A051B1090
:109ED0001503FE2506F41CEE49F4EFD502E9FDD783
:109EE000EDF5F839FFFD18FD3900D52411DDF5DE5B
:109EF00035F994D500011CF047FD3FC502FB11FF69
:109F000043FA01D710C7E0C84D00D7CF00000B04BB
:109F10002905C60D0CD7F1D89DECC2F0000019ED53
:109F20009FFACCCE18DEBDF81BEC9FF0FD001208A6
:109F3000330385050BF0FDE9B1F9BDDB02FD0EF041
:109F4000B0FDD72005FCC1DBDEEE28CF06EDCEE666
:109F5000A6C7C9E90AEF14F30DF0E41B12CDD01027
:109F60002908E9FE04F202E913F99B09FDF7C4E7A9
:109F7000CCE2DC1403FB1BFD4E000BF8FCF3CAF132
:109F80003CF799B5080314039A041FCA03F511E3BB
:109F90004EF7D8EA08ED08E2C4FD41BF27D3B71554
:109FA000F3E7E1BA01F817DE28F29B360CFA21EC50
:109FB0009BF214C21DD6D60FD7FA8F0F00FBC1EF4C
:109FC00004DAC7D405EE02E345FD5FC001FE0E15BD
:109FD000D006F7E104FA16EA1AFEB51205E7FCE925
:109FE000CBEF02EC03FB17E9F7F6891B0CD3E8D99A
:109FF000C2EB4E14030014F6990730D402F81BF498
:10A00000C1FECFB210BFD3DA67F9E1A3080012FC9A
:10A01000DE042900FCD3E812FFBAB9E6EEFB104CCF
:10A02000FC0ADFF20FDFEE51AEBF0C53FC05F3FE6E
:10A0300037B93114F9F5E7A909EC1F4CEEFFF341EC
:10A04000D20CD903F4DFFCD127DB07ABF4C9112C08
:10A05000F2A80A10F0F6F40B211C33ED0DF2F336E2
:10A06000A9FA0C92F9F5F4DC3AFA032BF1D7FC4586
:10A07000A2D5BFCFFA0105C94EB8DFAB09E7F85248
:10A080005118EA01FB0101A2BFD4C9B4ECF701C227
:10A09000C42A31B8EFF8ED9C32F9D8DB1BD4EFFEBF
:10A0A000B9CFFB40F5F4F5ABD1B5C6F8F8F5020C25
:10A0B000EC00D18F0FF1FEC0E9E30F2CFACDFD6566
:10A0C0003EF3B5A7F5EEED1305D3CE2BF90903C387
:10A0D000C19FA7F7EDF9011045BFE51AF6EEEFE2D3
:10A0E000A2DB2737F8010BF4B3D418F8F6D8E33322
:10A0F000ED2AC5BAFB02FB14E3E10998F2FD08A4BE
:10A1000011DED5F7EFE2CFF1C42CCDFCFD0107A4A1
:10A110002122DAC6F4D6E4CE013AF3B6EEFEFD2BE8
:10A1200034C7115602D6034F11A0F9C9F6FDF2A7A4
:10A130000AF0BDCFFAEAE030FBE6BFE9FEF9F5111F
:10A14000CB1D1F8DF5DA030D39CFBBBDEFC020EC61
:10A1500035A2C138F9F3E3A838D6062501FC0FDE95
:10A1600000EABEF3F3F1E09802E63096F1CD09057E
:10A170004B04DEBCF3FCFD49DF1F07E9F3E7060CE7
:10A18000D197D44CFC01F6BD470BF7D4ECF4E4C8EE
:10A19000A106C52DF0F3DEABF4FDFF3A0FDB0BAAF1
:10A1A0000C01B2C8F5F7DE06B4FDE9C6F7FCF30F03
:10A1B000AE091EA1F9F21FB225F2B69BFBD20EB575
:10A1C0000707F105EFE2EC37DBE81E47050603C1A0
:10A1D000C0D40120F9EFEFD19DFADDD0F0E6D9E24D
:10A1E000E4C224F4F5FAF803D7EECD20F3CEDF99DC
:10A1F00003C0C8E3FDFFF339A332BAFEF20501A79D
:10A2000006D7F99DF3D8D2F02E4BEDDEF70609C440
:10A210001BBC2EBDF7C8DCE400050DC1FBF1F098B6
:10A22000CBC7DCD5F4DC1DC60AF89EDBFDF4F74E87
:10A2300097FE29F2F5DFD70EACEFCA8CFAFAEDC221
:10A2400046E309AAE0E21EED46C10C1CECBB252248
:10A25000F7B5BFBE00E6DDFBA1101A9EF80123C8CA
:10A26000340D0EE3F6DBD7B10CFFDB06E5D425BEDB
:10A2700012BEC353F105F1C6D0F7FAF1EAE321D3D8
:10A28000AD140605F6FAFA03F8CBF634F6F2E3DA83
:10A2900025051507FCE5D2AC33BA0793FDE023E8AA
:10A2A0001107EF05F5E6D6DD03FA1438FFF2E203F5
:10A2B00024C1F100F60229CB21E9AA4CE9CD1A1CF0
:10A2C0004AC6F824F4DAE125B7D3FCBB030A0C979D
:10A2D000C8FD9248FFF0E3B9FCCC251FFAD3DA3071
:10A2E000CFBDC6C2FCF0F52BDFCA1FAFFFBEE03109
:10A2F00004BD018605F5F0CF110E2048F3FCF501F1
:10A300004501DA17EDD7D75B1F19234CFB04FB2758
:10A3100027C81623F8BDD7FECFF22924FAF7E74C59
:10A32000D70EE28FF5E130CD42C1D70D05FDEF2EFE
:10A33000BACAC71FFBD6D102CE3AE5B6FEFEECA4E0
:10A3400021E433E2CAE332B9C6EDA220E7C62F5FAB
:10A35000141FA59001E8DF4F2D252C92F10E3241FC
:10A3600043BCEF5603E0CDB31ADF1BDDD7D62C1666
:10A37000ABC5E5B8FAFCF4FA96D31AA4E6E42B23AD
:10A38000AD9CE9400103EEEF22CDF3F1FDE9DE42A1
:10A3900026B30FDBFCDCD0FC0122C629F9EC36BC6D
:10A3A00099DAF804F8EDD69EDF0BF6F4FCF1E73EFF
:10A3B000F1E31994E5093BFFB618ACD4D5CB36ECE4
:10A3C000FFDF1128FAD3D9FB01C7C457FD0A0E2DB0
:10A3D00016E6F531FBE7DEF82F0EBF49FFCDCDB90C
:10A3E000F21DFCDBFDF7E89EE927E14B00B6DB320E
:10A3F000FFC7FE2A00FEE8D1A1D6F387F9EEEA40B6
:10A40000F2F80AE0F7CFDBE2F14826ACF803F8F700
:10A4100040EEF818E512CFDEE6C7F4E1DF03F61CE4
:10A42000F0B1F697EC05EAC80330E41DFA05F5F83B
:10A430000A49075C2905E4F7E5AEF7BF0903F4080C
:10A44000F5B607BAF7FDF9BDE325E0FC02FFFCCD48
:10A45000F1D9C9463A00EE0BF2F9FAA2D612D8DCCD
:10A46000FD40FA199DFFE4FDE7F4F31FF501FAC082
:10A47000EF4DDDFEEE0BFD10023E020FBEF7F6D1F2
:10A48000ECE3E4D2F0FDF613004A09AC0109ED0A51
:10A49000E6F201E63E08EEFBDB9DFDDAE61DE0D5C7
:10A4A00002EAE445F40CF208E3F5FF553005F71134
:10A4B000E9A7FCFAAE02DFE3FC0BFCF0A6FDF8C74F
:10A4C000ECECDCCABF07EAF7F0C0F0BCDC00041813
:10A4D00001BC053CDB04EF0EEA21FA46CB0EDFEFB0
:10A4E000E1DBF9E20B03F11CF042F9BDB308D5CD75
:10A4F000E2B1F7143009F3020437072BB107F91A58
:10A50000EA95FF1DC50AB7BAC7FAF1D0E505031EE3
:10A51000FC3AFA0E3F0DD4CDDA3EF154D90BF40DCE
:10A52000F8B301D4B1F5F2DDE811DED1A8FEF8F9F7
:10A53000FE2D05BBF403DFEAF2D2F99E3205F4F9F1
:10A5400003E7F8EF3AF608DDE8D8D9631AFFFBBC59
:10A55000EA05BE45390AE5F0EAE0F556B5FAE3F456
:10A5600006F601041603E8E8F6CEF62D19FDFED036
:10A57000E2F1DB8BBC06F10AF4B308DB29ECF7E56A
:10A58000E805E85534FEF806FE2903022C0BECF72B
:10A59000EFAAFDBDB2FEE1F3E115F8EB1008E7EB21
:10A5A00001D9E15DC70FE7F3E5D500AE2F0BEAFC5B
:10A5B00002B8010FAEF6ED0CF3D8F944AC09FBC2BA
:10A5C000EB4BD545AC07DEE7E7D8FFD19D02FF1185
:10A5D0000ABDFF0F060DE7F700C0FBF7DE05E1DF60
:10A5E000EB4EFBCC0502ED0BF2B007FEC001CCCE6A
:10A5F000D8E2F1DFFD02F7F0F91CF805300AEF04AC
:10A60000F1D6FA6101F9BAB7C8F1F6FA2F09F70CD9
:10A61000FADF060AE905D0D0D7E1E15F0D07E9F7D7
:10A62000F911F5A091E7F2FFE300E8A03406FEFD82
:10A6300007E1F76C1702DFD7EE10EF24E108F7F11E
:10A6400003E4FCB6F2F405EFD614ECD6B20401DB59
:10A65000EFD7CC84E90EE7ED042CF0BEF5E3EF1163
:10A66000E5010C58E40AE5E9F64EECCAD4F007F12E
:10A67000D607E3BAF006F7FAFC16FFB616EDFEFAB7
:10A68000E214F1580207FA03FEE205F32303E8F0AF
:10A69000FDC0F2F2E608DEDCE724F1BCA5EFFA0D1E
:10A6A000EAB1EC6AA802E6EEFC0BF698AD03E8EC22
:10A6B00001DCF997B8EBFA1FE4B71011ED0405E5DA
:10A6C000EBD0DAD1C409E4DDE3CAECFD06030216DF
:10A6D00006EDFA261604EDE802AAF9D60804DDD73D
:10A6E000E71EE668EF02F3F801C7FA670907CFCD66
:10A6F000E0F7E0D8F605F8F30D4AFC56B101F3FD9A
:10A70000F6D8F84DF0FDBCA5BFE8EDF9F90BF3075D
:10A71000F9BD0B9DD706D6CCD71BE7B60009E7F1EC
:10A720000347F5FA32EAF211D5F7F94D0C06F8F0C5
:10A7300000A8F9012C10DED3FBC6E7CD220DEBF902
:10A74000FAA3FEEFA5E00512D4CBF3A32BFF09F982
:10A75000E3C3DA2E300CE7EFFDC7F4E4B9DF001FE6
:10A76000D533190DFB0EE5E3F020E7E902EFFF0911
:10A77000D0CFF2ACF000F4F90534FCDA06DA0212BC
:10A78000CECFFEF9EF04F2F70EB4FEF7C011E9EBFD
:10A79000FF0AEA683808DDDBFB0CE7B814EE0414A6
:10A7A000E01CF347B608E6EBF82FEE38A004E5EF1F
:10A7B000F9E4EC24BCD3FF27E30215E2A9EF00FF84
:10A7C000DEB4EB84FB02E0D8EED4EA502904FD1499
:10A7D00014D8FC1B2204EBEFFEF5EF44E10FDBD8AD
:10A7E000F7FFDFE4BA06E8FEF7EDF513FB04D5CB7F
:10A7F000E82DE00EE006F1EE0A0FF8061904F1F07C
:10A8000006CAF53D35F8BDA1BACEECF7DC08F7FC79
:10A810000DDFFB1700FDC1EA3DA31B0225FEF6E795
:10A8200021FB2805A6ECD530013E15A313FD02F649
:10A830004E410AD3EF04DED5C6BD01F091F7FEEE1E
:10A840004ADAF0CE35CCD82807BAA3E051E6C02BBF
:10A850005FBCDF9C3FFAF1DA052103C1D0DE113E77
:10A860005F49FB0E9405DED1BBBDEDD606D0D827DF
:10A870001D43DDFCF8F7FEEFC91CB9C89BE0D32BE4
:10A880003F4DA2E9A905F6F0F6C0D804B7FFE6D31C
:10A89000203BBDE9EBFFD9C5D3D3B41CE1F1E735CB
:10A8A000DBE3F1E6A5FDE7CC12072A0DDCFCEBD9D2
:10A8B000F63B1CC081E40033D5AF19C1ECD1CE2EDC
:10A8C000E0B3F5DF13FDD2D3BC00ED3187050906F7
:10A8D000B7E806BAB0FBE9D7FC1FFCDF0502D2D10E
:10A8E00020E83B2A2201F0DE2B3A112B1402BAE2B7
:10A8F000F7DEBB0B43FF00EC43F7141C2EFEEFEA20
:10A900000016C927E2F7C7EABAFB11DBCD0005F74D
:10A91000E034B6D2ADFBC8ECB7F8FF2520F8FAE773
:10A92000F2DBF13019F3D127F5F7FEA912F608F69C
:10A93000CFF606D01800E2D348ADDF24A8F5FBF926
:10A940000ADCD5EBE0E2DB200EE9FEE031EDCD23C1
:10A95000CFA40ED609F8F6DA1DC1D92804EA0C34C2
:10A960000412ABFD1201DFD9D1B5CB1B29E6CF1BF9
:10A9700018D3EDB48600F7EE2D03B7BE93EADB19CA
:10A98000EAF79EE04D0101F7362DF5058BF5EBD585
:10A9900016121EEFEAFFE6C909CBCC079BF0DC2FAD
:10A9A00000100CF1D7F5EFD8DCDBE12437FAEEDD4F
:10A9B000BB21BC16DEF1FE2BCAA6BBBAD2E4CA1B71
:10A9C00015BBFEDCC5FCD5E4CCA21022B0FA0C0D00
:10A9D0001CD8A9D8BFFEF7DAA4070AF2E900D3DD34
:10A9E000D799CFBD1902FFEDB71103200CFDCBEABB
:10A9F0001E0CB5B9F1F5FDF94741C61B5300FEE742
:10AA0000369DF90ED3EEDAE537D2E8FEB7F900F05D
:10AA1000F8F1B4C6FBF7D1E4D249DE231601FFEC0E
:10AA2000AAE720E70800D71757CD94B827FD0AFEFC
:10AA30000CA928C70BF4E9DC22E5B132EEF203F8E9
:10AA40001D1421B92EEBDB0B32B39EF1F7F5D815AF
:10AA500020A1F9A111F1F9DDAE393304B1F70525D3
:10AA6000F4F3FF9C8DFCEDDB4920B3C602EBD4125E
:10AA7000E1241AD053F6FDF7E4AFD6110FFADD1733
:10AA800056F70FDAD30003F01BE3C0C49EF1F0DBEE
:10AA90009CD42833A7F8E9D29C18F2FCEA03E01F03
:10AAA00041A9E3E12DF7F5D5AC23BEF747F3F2E278
:10AAB00034F43BCB4706F6283FDFD08E17F1D70D95
:10AAC000BFFAC5AFCAF2DDECB3253807F8FC0406BF
:10AAD0001443DF0507FCF8E931B6C32D2EFCDEE296
:10AAE000053A331654F3F6E801DB110C82FBC8EC8F
:10AAF0002BF1F3F94FF5FDFC45FC3BF7AAFAFFF00B
:10AB0000D4FAE8FAAEF4D5E0C82741184B0108F4AE
:10AB1000353CB3C633FFCFE8092FBB23DCFDFDF383
:10AB2000BDB735E34607D60AFAB90CF4D00302FDE7
:10AB3000DFD526CA2EF5E3E2F5002BD0BEFB06FFDB
:10AB40000A10E717C5EFE40DB5D296E400F8DA0A6B
:10AB5000B9F1F0B308F8F8E90E0CD614EA00FE20BB
:10AB6000B31B9AF0F5FEEADC4AF2380C56F8D90627
:10AB7000D319FC0BA7FDFFF3C0FB0FD58205D4074B
:10AB8000EA4EB6E8C1F7FEFACB2506250BF2FEE643
:10AB9000D61117FEC6FEEADA0427E9E6860ADA1CB1
:10ABA000ABC9A0EC58F4F5E7461219F4E9F900F244
:10ABB000203515DC5205F315BB3DB4A2DDEFE20AEA
:10ABC00048B6BCA3BFFDE8EDD0160AC882FE0A0D48
:10ABD000C128A60132FDFEEF0A00D3ED92FBE6E5A7
:10ABE00001D1F8259FFAFCF4079BE7FEA001D6E609
:10ABF000B3BDD331B5FF00FCFA0825D24BF202F603
:10AC0000FAEBB2CB5BF7E3DE09DE36FAC7FDFBFEFB
:10AC1000C4B31CE15BC908D4BFE412E30A0706EB26
:10AC2000FB0429F2FDC3E40213DCAAF4D9C309F042
:10AC3000FF0DD303F20403E0DCF0BFEA59B30BF5D8
:10AC400000FD09FFE9CFEB0313DE23F0CE17FEFE74
:10AC5000FEE850E1B22D11E3E7FD1FE7F806CD0550
:10AC600026D6C41DD22105DCD7F3AFE6B0A3E70991
:10AC70000AE3D7EDE2B705F3F90EB9F8AD33E50114
:10AC800009DA3EF93A2A09F7EF0A3003063305DFFD
:10AC9000E70122E8692A0BE1E403FBE63AE8E60271
:10ACA00021E22200CCCE03E5EAF936EB39B810E612
:10ACB000E90F11F56720DB0A1FD74E1A9FFEF1FF3F
:10ACC0000BDD14E83CF20FDFD6F09DE9CE1301FE58
:10ACD00010143D08BBF60DE2EEFFA3EE94D20BDCA0
:10ACE000D3F0F6E3032904E9F20E17FCD3B70BD92E
:10ACF000BEE89EDBA8FD0AEEF9FB2700461608EA2F
:10AD0000F108B0F0A50CF7C2A9BF4CEB17F109F898
:10AD100005FE270138C70CD8C6E6CCE5C7DE10EB28
:10AD2000F9FB2EFA1310E9FA09F3DDF636B7FDFC4C
:10AD30001006BE00D0E608EDE4F60EE72FD30901B9
:10AD400005F941FFBC17EEFBFBE2F7F6D2C00FF7A7
:10AD5000F5F936D99EA902E8F20341EA3F17D6FE7B
:10AD60001DE3F71CD92C02EBE9001CEDB40AFB0231
:10AD700000E9A0F8C6F608F0FCFD3B005C9FEC0083
:10AD8000FDEBEEF790B106F2FBFA49F793300DE4D4
:10AD9000F803C5EC04EF09E4E5FCF8F10EA9F203B1
:10ADA00017F613FB08E70EEEEBF10EEE55F40EE985
:10ADB000F60703EAC8D4E8F911F8BA0A0502010057
:10ADC000F9E5C3F140BD0AE5DAE91AE3CDB10DFEBC
:10ADD000120E3CFDFF1711EBEFFA31F066B001E502
:10ADE000D6F224E412AE0AF3F408B5FBBEE40CE399
:10ADF000CCE635E36C0E0CFA02033AF7BC290EEEF2
:10AE0000FA064DF123DCFBC598C82EF312D207F4E5
:10AE1000030FD3FE50E402E6C6DABAE714BA0AF921
:10AE20000607E7FE3AC5F8F3F1ECDDFB0ED80E0598
:10AE3000080020FCA1DE0DF1EFF6D5EFE4080605D1
:10AE4000030AEEFE0AA006F3FBE0ADF8EC171AECDD
:10AE5000E8EA23E7432E05F40400BFFA9AB3E3F7C8
:10AE60000CEEC30B272C0CF7EAF70EEAB5B614FC70
:10AE7000ECD9AA00CAF206F600FAFEFE459B02F8DB
:10AE8000F7EB16FA442C07FA09FDBEF8F71806ECA2
:10AE900004F211F0A6F80DF3F8ECA1EB54BFF7FEA5
:10AEA000FB0103FD39B011F5F5F2F8EE400B06F9A0
:10AEB000FFF898F0E1B2F6F907F7B20C20ED14F7BD
:10AEC000EEE807F75A100DF4ECEFFAEF0141030634
:10AED0001607000845CB08F803FC07F045AF0FEE56
:10AEE000E5F0A4E566A10BF804FA3AEFA00412EB32
:10AEF000D1ED98E819EE0BFF0B08A4F71DED01F555
:10AF0000FE063FF1D80FFCC499CC10E664C1FEF9EF
:10AF1000FFFA11FF332316E7CEF945E1C4D40DFD46
:10AF2000060B19F74DBA0EF3E7FD08F6A3D60FFE90
:10AF30000901BA0418A810F3EAFAE3F342FE0CFE82
:10AF4000030737FB0B1E11F5EEE8F0FA8EBF16F182
:10AF500006E4E7F5E1C60CFB0E031EF7962BEBF5B6
:10AF60000CEFEA08E20B0DF6F8F5C3EC6ED917FB0F
:10AF7000FBEF08F5482907FD090BF901B93A07EB82
:10AF8000E9F209EC57D307FA00050DFE5ADF0FF876
:10AF9000FF00A9F8DCB20CF6EEFA3AEFBFFD04FDB3
:10AFA000F5F6DEF3BEA008FBFE000BF21D9C10FCC4
:10AFB00003061AEEDC96F8F5FCFDB3029A0E17FBB9
:10AFC000FFE03DF697DC08F7F2FA3BEED9F00A0411
:10AFD000190505FA32DC11F601F52FEF97AE12F3E1
:10AFE000E8F6ABEA51120BF610084DF22CAB13F356
:10AFF000CBFFB8DBEE1808F70102FEF45DDA06F9C4
:10B0000008FC03F900BA0DD1A2DB35EEC7D8030165
:10B010000902A2FFB600F8D2E4A4A21C23EF01FEAD
:10B02000F146AD13E59CFFD10DE4E7D6FA2BFB0208
:10B03000FCC105EACE32F4F1DDD01228EFA8F50705
:10B04000FF0DFDF8F800F2E607FCAFCBDCEBF1E317
:10B05000074540F7D79CF3FDEEDBBF2DC5CBFE01C6
:10B06000190142D9A312FDF1D9E6CFD21D1CF7E98F
:10B0700006BBF802DDE0FEFFFDB5DABE051CFCD123
:10B080000C4FA80896C6F907FB4249DEBA07FAFE3C
:10B09000EE2B02112958FDF1D9CBECEE18BB05D4EB
:10B0A0001413ACF0E026FEF4ECFFEFC90EC8FC016F
:10B0B000F3460CC0FA1DFBEF1D303DD8F5C3ECEA9A
:10B0C000046416B1DCBAFCE4EDBDCB1B2F4BFEFFD4
:10B0D00009CB270FAE3200F7F0C6DDB0CBE401E3B9
:10B0E000EA3F14C0BC0CFCFAF8B3D0C7BD5BF8DB78
:10B0F000E2B61EFDD802F507FFE4BEE00FDB01F863
:10B10000F50C340D11E6F8E5D91BC0CED4BFFE0313
:10B11000FB09C6EB00F9FCDDDEF20EDCBC39F901FF
:10B12000FA3EA3C1E3BCF7D705D9D9D2E218F70795
:10B13000F7CB282AC7ECFCE8E7B0AA27C2C0FFFF7C
:10B14000F6B2BFCA1AFEE7EE0CC94CD5A52CECE44A
:10B150000140AA0D9C40FDFCEFB4F81E2DCEF8FC7A
:10B160001D265DD9B908FDF2ED38C0EBED49EEF2D0
:10B170000C3C4C07EF320108FD20EA060540F8D5EB
:10B1800001E04DB50AA9F805FDEE1030E6FDF6FD2B
:10B19000F4A29AF105A5F9F5E0D902D0C65504DE6E
:10B1A00014DFB9B69943F8FDEEB428B71B09FCFCCF
:10B1B000F92A1015292404FB17BBCD0FAAECEBEDDF
:10B1C00002FA4410952AF9F1EA449D251AEEFF0A85
:10B1D0000EFFFE0CB6FBFE01EE9C97B5B9F9F9EA3D
:10B1E000E5F5E0FCF50CFB05F519DEF31F3DFAD69D
:10B1F000E6F213F81FA6FC02F5371424DE1701FC53
:10B20000F9C8A6D4D335FBECDE565F44EF5BF700FC
:10B210000201C22532B2F9DBE7B0EEB9CACFF803BA
:10B22000FDDF23E9F585EBDC083321B0982D02061C
:10B23000F73EDDB0D9F1F7F3E5262F1E139C02018E
:10B24000F03C981FFE4BE0E5091838C9B316ECE650
:10B250000459E69FD20AFD00ECE42F1035B3FAFF43
:10B260001DAA4FE20FBFFBF0E4F79C280BDBD9EFE0
:10B270000308BBA1D708FE040331A50F259AF0D619
:10B2800000F2F8F4E124010AFCBEDFDFEF1CF2005B
:10B29000F0E726C3DF35F9F7E14C0432EB97FEE81F
:10B2A0001039ADD6B447F6FDE2A03900F0D1F9006F
:10B2B000EDC5BA30BCB900F716E6FDDBCEF1E3F21E
:10B2C00006B5B3C2BC84F5F1EF05B009144A080411
:10B2D0000AFC1FB39445F501E8C2ECF2FABCF9F0A0
:10B2E000ECFCD8CE28B3F8FEF6F2BEBFD9E501E9F2
:10B2F000E2FE32322ED3FC04F011A5BE32BDFE02B6
:10B30000F5C61FDCF334FBF0DE175B4CD8F6F80013
:10B3100006341C2DE6CEFAE9E4B0FCC8FAC2F8FD0A
:10B32000F2BC9D3216BFE9DE09F0D8C7E6C0FD0BBE
:10B33000FB432DB81255F5F8E0EC3E0212D500089B
:10B34000F5ADE6E02537E0DFFBDC56A0E7C6ECF61E
:10B35000041DCCFFADF6FDFEECA6ECFA27E1F7FBF1
:10B36000155324F7B3E1FDFBDE35051D0ECCD9EBFB
:10B37000001F3EBD03BCF800F7E6DF1EF838E7DC2F
:10B38000FEB5C4989CE3FC04F849CC2CEDB3FEFA5E
:10B39000E94CBF03CDC8FDF8DBF80CF7320BEFE446
:10B3A00018CA31EDECEDF7FEDEC2E1DDD2BD0204DC
:10B3B000ECDEE3DA0ABFF4ED1A984C93CF41D8F6ED
:10B3C00004F24BE102EAF8EEF0E94016F122020342
:10B3D0000F34B0B0D0FEF907ED9DB6DFE3CAF8F147
:10B3E000E636F5C9F8C30204ED0BD9EC10AC04DF66
:10B3F000E3FBA60A041CFE05F0FEB10FED2DFB08D1
:10B40000F12BE6B9F1D201EAD9CB20CAC558020224
:10B41000F7AB301E101EB40EF2C3F138E0E6D408CC
:10B42000FB0303D9F15AD803E7ECFD05F0C5E50AA3
:10B43000050D1413FB13370BF9FBFEE6F26EC30682
:10B44000FD03FEA2F51BBA03FB0DE34C00E0161151
:10B45000F305ED17F11BA711F6030CF7F75F9DEF4E
:10B46000F503EE111134E208F9F2FC4BE944F1085E
:10B47000F70FDD1BF7CC1B06FE0304F5FC6231075A
:10B48000F0F4E82EEF22B30A0106FEA9FF029A0D9E
:10B49000F802FC0CFA61AF0FF1FA02E2F44591FEFA
:10B4A000FCFFFAE9F3A1B20DFB0C06F4F7F7E20D8D
:10B4B000F403FB0DF209AAEEF509F7190296A8109C
:10B4C000F903EFB7F7D21A0DF4E801E7E9EDC00E82
:10B4D000070D1BE304C20913FE01FCCDF408D70AD3
:10B4E000FBDFFEF8E3B63811F60D0306F266080F2F
:10B4F000F7CAF8FBDFE9210C030A0BA0FFBFC20962
:10B50000FA06FB47F301D710D39AEC1DE8C3D8071E
:10B51000FE06031EFAFAB911EFC4F7E7E8CFFE0DF5
:10B52000000609BBF4A394F7F2F6F1F7F9B3F506B8
:10B53000FF040C0AFE9AEE0DFFF5F4EDF6BCE404F0
:10B54000010615C4FEC031F8F613E90906E7C1008B
:10B55000ED15ECD7FA2CC406FD11FD17FA6689EB40
:10B56000F007F93206EFA50900F6F631EF09BAF94E
:10B57000F20FE03E0235F512FC0B0B2BF5E8BA0694
:10B58000EDFBE53DFEC72802010404E7FD121106AC
:10B59000FE12FCC4EDC3B30F00050121F43CABFE69
:10B5A000FEF6F941F74D350B000A00D6F903010FFD
:10B5B000F9110196FCD6C1F8F0FDF3A008E9C90223
:10B5C000F203ED500784AE0D02F1F9EAEB972D0A74
:10B5D00004120AEBFB4C0812FE110D19FBD2B81035
:10B5E000FDEBFC17F3A42007F8040507FC97C81926
:10B5F000FDD90325ECF0BC04FC0D092DFD489B0B87
:10B60000010810F9F7FE2A05D79EED24F3F23C0A53
:10B61000FA0A0240FF220211F6CA0C1EE8D9F80607
:10B62000F80E101AFE5DE6F8F0FCE31302219E0C02
:10B63000F9FF0B1BFB41CF04F9FAFCF8EFC4DE095C
:10B64000010B06F3F8B5ACF5F10FE8260BF2D402C6
:10B65000EA13F220045D9F0EFF110532FA41BFF597
:10B66000F002F2301090D509FA0102E7F131F3FC53
:10B67000F41AEAE20DB23B05FA0D0B11FA5B21F761
:10B68000E9FEE7F100E6EE0DFF0212ECF91A2110D7
:10B690000009FD33F406E703FD0400F4F9BE05F3E9
:10B6A000FBF7FC29FD00050AFC0701A8EF40A10BF0
:10B6B000F814FEAFFB3821FCF807F3550F09B1FF72
:10B6C000F211E004020AD70506FCF5E9EE5BC60FAD
:10B6D000060E0D24FF20E30EFC0AFEEFED67FF0FC0
:10B6E000FFF2F91DEF04180DF81305A3FF1EBA169B
:10B6F000FFD60EB7E917BD04FF10069EF698F20AB2
:10B70000FE0F073CF7C6D305DCA10145F92BC203A8
:10B71000050D13D604DEE315F7D002ADEA4F31076D
:10B72000F80E059EFD539CF9FC05ED1106B3D609F4
:10B73000FFFF0EC00604DE08F9FAFA27F93FA90355
:10B74000FA0A0F2B042523FAF11ADF4509272011E5
:10B75000E912F5F101FD980EFD0B0C2CF335D1FA31
:10B76000F40CF21C104BFD0FF802F74AF5699B052B
:10B77000F723E54B04883605F904123DFC503504E7
:10B78000F608E5FC01FC380EFC0D1312FD52AC115D
:10B79000FB0FF914FC93E709F507F6DCFA99EEF4D0
:10B7A0000205F0AC0BA3000AF90BFFC0F6B51313AA
:10B7B000F60A020BF8DC1BFDF70DFDD30BD1DEFD05
:10B7C000F826EEB70F04D60AFCFBF297F93EAE025C
:10B7D000FC120F2B07572411F40E0039F9C1230670
:10B7E000F7EB00E3F364B206F712FD35F5E8F91064
:10B7F000F9D50B22E9B1B90CFC030FC1FD2ECA0922
:10B80000FA0FFDB2FB9BC00AD6A2FCE2FD0EC707F1
:10B81000FE0A102602940007E2DEF400FFB9F501EB
:10B8200009F0F94B26F72EDED400D728A6E3D1FC89
:10B8300009FCDADA28E633FCF9E7ABCF14C53202AB
:10B840000AFAAB3CD6DCA7DDDAF4C8E4D2AD51EE9F
:10B85000EBFBFD55AFEE18FA01EC2D09E12289FB57
:10B86000FD18BCD2C89E1FF8F0ECF80DE2E546DEEC
:10B87000E00035A9DFF91D0001F43AEBC41CFADC45
:10B88000D2F8AE36B8C7BD0302FEF148C51C02F9B6
:10B8900007E8B29DB5E93AF7F9DE1D2C08C985EB3A
:10B8A000E0081BC6B6DE8EF604E3C1A8D6323DFF23
:10B8B00001EE9845FFFAC0F7EE0BFC9F9B8B2EDE46
:10B8C000E4FE022BC3B230F3F4F6B3D207271A0317
:10B8D0000809E6DF04BBEEFF03EDDF3E1E2459F34B
:10B8E000F0EE302BDFEF9CFD06F8E0A9BEFC92FFE6
:10B8F000E8ECC8DEED2AE2F50B0321FAEDD21AF7E7
:10B9000002F1114110E292FDF3DEACC717F8AB0271
:10B9100005F49B20F2FAE5FDE5EAB42DBEE5FFFC57
:10B9200003FC06C5C3DEBBE6DBFBDAD1E9AD830071
:10B9300010061ECD10F16CF9FAF727A531C86AF58B
:10B940000904F4D5E2CB5EDFD6F552F9C9ACFBE0D1
:10B95000DBF7DBB9150A3EF408FECAE9082AC4F988
:10B96000F812ECD716D483F7F9F9D9DFE22EB4DB5D
:10B97000DEFDDD3616CDEEFB0A0205490CDD11E4D5
:10B98000CDFE612FAFCE90FA0301B5BCDCBF2BF624
:10B9900002FA434DFCE70BF7F4EEB59D3323BAF7FB
:10B9A000DE0B363CE4922900F8E93BC1C7C1F9F847
:10B9B000FEFAA4CBF2D828F8EE0A9AA0ADF883D606
:10B9C000DEF60B43150618FDEEF50B26DE03E80543
:10B9D0000911DF3BA88FD700FCF7E10AEAC051F854
:10B9E000EEED104716F8B4F900FB052FEFCDF2F697
:10B9F000E6F2D145E8DA54F80EFE33F5E8C0E2FE8F
:10BA000006F60ED4FD0189F6EDDEB81715FA9BFF98
:10BA1000FF01C1FDBB0118F5E8E7421119169F01AE
:10BA200002FC38000EF43EDDDEFF2549A79DAEFC8A
:10BA30000E01A008B8CA5AF0FAF29EE72EF3A1FC54
:10BA40000B04C646CDED59E4CEF5BB1707F9FCE66D
:10BA5000E0F3D72BBDB48EFC04081BCB2ECA52F8E2
:10BA6000F40DE63EDCC18FF603F34C95C434F1E3EC
:10BA7000D5F3E9D1D9B0D0FA0502A320D4F04AD940
:10BA8000D5FAA6F3C78E15F90AFC07FFC602DFF543
:10BA900000FB9825DC05CDF402F1E8AAFCF5BDEE2B
:10BAA000E302BF07D202DBF406F9E0A134DE1301A2
:10BAB00003FDD71EF432FFF7EF0805A5F7C1D5DF68
:10BAC000DBFDF238BAF8D8F0F9F734BDD8C9AE03C7
:10BAD00000100300DAA609F904FDC6050CC192FBAB
:10BAE000F9F2F3B5BFC4ADFA0303E60DCEDFA8F457
:10BAF000FAED31F9CEDD9FFC0E04FBBBBE1C1E002F
:10BB00000D0323FCF01E06FAF8E0504DDF2539FF47
:10BB10000104AC041F25CCF7F2E81C1CE7FD4FF92B
:10BB20000704BD1B00DB23DBD9F22AB5E0C4D2FF3A
:10BB300006064422F5E4E3F8FBF9250603F8C5F30D
:10BB4000070422AAFCE4DBE1D0E8DB0BE3A9A9E3CC
:10BB5000E0F50CC403A5EEF30904F4AD14F9ECF917
:10BB6000F90145FD93AF49F200F937D5CFC344E061
:10BB7000D9F6E14FECA5E8F61104ECDBBDFE53E885
:10BB8000D2EC22BB91DAB9FC0BFE9D46DFE323FC2D
:10BB90000602B196022CDDFD02F5A4BFB8FE2FF11E
:10BBA000E7FE4EA410881EFB02FBFF13CAE12CF82F
:10BBB0000B0B48A5F5F09701F200EA1FDAEBF4D978
:10BBC000D7F21E0AB6AB9BF901F7E696FE066706AA
:10BBD0000506B81FAAB502F60005F03B250062F283
:10BBE000FCF5C5A9D112CEF70F0DE33504FDABF975
:10BBF000FBED0702B9BAE1F5080BEBB5BA0617F58C
:10BC00000B0EDA1EB1CEAEF3F6E5EA3BC133CE0041
:10BC100004032419BEDF379F17FAD31135F62D2AF6
:10BC20000EFE0903D4F95134FEFD04F9F5F8B9A765
:10BC3000080108FF97FC513206FDFEFFD6F514D22D
:10BC4000FD001702C602F7F404F80AFAD4FA0BC38F
:10BC500004ED10E8AA031BC704FA0901C0F366E764
:10BC6000F3FB0CFCC010AF270BFDFDFDDCF5B6A50A
:10BC70000A020AEB3704859B0A000B01FBFBEB2A47
:10BC8000050201F0C9FA48F105FD0A0DDB042602A0
:10BC900003FD140224F1CFE50AFCFA06EAFA1120AA
:10BCA000F2080BF0CBFF522607F70305E8F1371532
:10BCB00007F80DFBDAF531C1FFF70BF8C60B651875
:10BCC00009F713EB19FC4C2B0E03F3F4D1F7C0ABBF
:10BCD00007081111F200ADF207F611FCCBFD432A63
:10BCE0000E00EA03EFF2ACB301FE120CF0F5A0D1A6
:10BCF0000B0ED90C31F9A6A409060D0400FBCEA148
:10BD00000B011405E3FA970811DF9D01CDFD60E2F8
:10BD10000E02100FCDFACDAE07FCD109C3F4A9A8CD
:10BD200002FF0CF915051FB4EE0702E33CF9EDFE26
:10BD30000A05100CE208F6A6040AFFF6CBFE43271C
:10BD40000C020710B703C89F09F60DF8D8F5EEA747
:10BD500003F81DEEE0FE4E9303FB13F922FBD525FD
:10BD6000F0FB0DFD1709F2B50904F8F141FA550889
:10BD7000FBFF0FE1FCFDBE1E0DFD060BA9FD4838C3
:10BD8000FB01FAF836FC4232FDFD020213FCE20C24
:10BD9000090205050CFCD32F06FD00FA3DFAE3234A
:10BDA000F104FEEEE4F9CEE20D040C0807FDDF9D80
:10BDB00000FE130E0BFBF2D3F4FD050807FCA2E313
:10BDC000FBFA12E1A7FF601A0009FCF10F01410222
:10BDD0000AFF0F0695FC4C0A04FA1306F203BA0593
:10BDE0000207E7F63FFAC404010517F9C1F94C064A
:10BDF000FF07D50149FD44F407030E103A0AC1E9D3
:10BE00000A020CF63605522C05E29400DE019E294A
:10BE10000D01110E1A05DAE50800C112F6F815AC8D
:10BE200008050FFDEEFB9FE2EDFF02F504F72B295D
:10BE3000FD041007A60960A50202FDFAC3FE13A4C3
:10BE400001FF0D0622045D07FEF10BFAB1E13DF79B
:10BE5000FEF41AE24FF3352E04FF0E020404DABD9D
:10BE6000EFF904044F0420CE0006FE032F056B1FDC
:10BE700002F710F6BEEC00BD060613FDF101391500
:10BE8000F5000CE7F1F51FBA00000A00D7FF0DA579
:10BE9000FF010C01E8FB04C30303030515FB10E6D7
:10BEA000EE06FDF2F7FEFBCA08FB0802160304FCCF
:10BEB00000FF16F905FC3400F1FA0B06DD02CBF3A6
:10BEC00005F50FF43CF5BE12030DF0000D094B0013
:10BED00006FF1B0621FBA41D0CFF180B43073B2488
:10BEE000FD08EFF82DFC050906040A08CE08F6390E
:10BEF0000509CE050F08EAA804FE0D0DA90704B137
:10BF0000FF0014FF2902462C02E8A110310E1BCBC2
:10BF10000EFE100EC402F41E0AFFC91C98FDBDDC03
:10BF2000FE021D09020062A2F9F5F1F0FDEA8209A4
:10BF300004040D06950EDE340709FDF02D05E40618
:10BF4000FA0816F1C70D3E35FDF40CFD3ADCCEBD06
:10BF500004F61CF00CE043DA0408120146FEC31A92
:10BF6000EFF80001BC0089B9FD0803021E03C79D5C
:10BF700002F410ED3EDFE6F6FFFD100DA302EEE544
:10BF800003F800EFB0DEC3E701040C0D460DF8D94D
:10BF900000050D02D1FAEB21040204FABB07C01C14
:10BFA000FAFCF5F200FCB8E5040612014E062B0C73
:10BFB000000416FCBA0757A1F5F407014FF7E53660
:10BFC00005F114E616EB4426000CF70820FBBED75B
:10BFD00003011C12CB03932F09FE14022707AD0A9D
:10BFE000FE09F1FC020251B804FD16083EFFF1B44F
:10BFF000FE11D20F2AFE48FA03040FFFCB0ABA97AC
:10C0000002FD0F05E9FDA2FDFEE4A00FC9061030F8
:10C01000010506150B060600F8F2F11E19EDDC35D8
:10C02000F6040CDEF3D1F94AEAE2F6161906990F86
:10C03000F30507F5AAEDE5CAF4FCF2B4D2C820C7AF
:10C04000FB1008C3F702D197ECCCEDD42C05F3CB51
:10C05000E0DEF2C0330DFB4AF10A0AEF03C9B8D2A1
:10C0600005F700523FECD732F3FFF7D5F3C6E6AA47
:10C07000EACBF22E0AE0CDC9FF110611BD0A1B63FF
:10C08000E7D8EE4B179CDBDCF503FE471337BB1DEF
:10C09000FEFE06E1B1E12B3BF5FEF740D51F05069C
:10C0A000F3EC02082704C6E7FA01FFFAB12DBB64DE
:10C0B000FB060799ADDA2136FCF303C9B8DAFF4471
:10C0C000EBDEEE2ED8E1F5D8F8F8F500EBB2DF4E56
:10C0D000FF0C09DD3FAAE5A8F50B06A827182F4F8E
:10C0E000F1F9EFC8C4E725CBF30207E1DDDA31B29D
:10C0F000F9F3F84413E1265FF70D08A6C5311F4E8A
:10C10000FB0C07B3DA10E8A3F7FCE747BAD22BFF22
:10C11000F90C01181ACCE5BDF9F6F026FE002F380F
:10C12000FD0506C41326D520DFEFF1444892FBE35A
:10C13000FB0D011D2CEACAADF5FDF3DC3E0DFC093B
:10C14000F30F119131FC2893F1C9EBF5A3FEB24B2B
:10C15000E2E4F200A09DBE5AFE02050AF032072B6F
:10C1600005F403A956CDDBCCF607F7C8FB0EC403D4
:10C17000F8C9F014C8C8C906FB100DAD9AFEFDE061
:10C18000E5E2ED4CC014DA34FF0903CAED03DDAE7D
:10C19000F3FF08CEAE0B129AFC07F635E8C6EDD2D7
:10C1A000EDEFFFDAA4AAAF39FA0105EDC70F1D1DA7
:10C1B000FE05089DEC261131FDEF0096A7D6F2C9C9
:10C1C000EDD1F028A9FAD61DF101F8DEE8EC089FC0
:10C1D000FE060731149EF4BBF6030633F9B0C0091E
:10C1E000EFFAF4DE2E09323BF60D0D1AE92E069316
:10C1F000FAFCF1C3B3111194F90B0B12C113C64B26
:10C20000F40508F5BA3502B9F806E5D4DCE2309158
:10C21000FE0E059FC82A1945FAFCF61731EB240BD0
:10C22000F90D0E22C3F70E93DFF1F7EFEBF404B72D
:10C230000001FDDD3429076DFD08F32448F2159D4A
:10C24000020807ED2420C807EDDCEDF805EDF5D771
:10C25000E3F7F0D418C4CC07FE0609FC4DE814EC53
:10C26000FC00FCF2B713FEBFF607F40FF7EBD25356
:10C27000F2E1E9CA408CFAB2F80B0CD6A513D7E963
:10C28000E8F5ED0BA293D0BEFB0D04ECD110DA4E15
:10C29000F7010BE022E9E933F803FBFEF7E1120AAC
:10C2A000E9FAF62939DD0396FFFFFF2BAF36BE40D2
:10C2B000F90409E9FC16206CF9F706AEADA2E41208
:10C2C000F0F0EDB000FCCE36F902F5AAE8F7FDAAD1
:10C2D000080B11FD449FE8FFFD0B0DD0D8F8EBA033
:10C2E000F2FEECFCDC32C82AF5100EBEA3E01040D2
:10C2F0000003FABE01341001FC02FCA0BA31F4EED6
:10C30000F2110BE33219C8ADF801E322D22D175A0E
:10C31000FD110FF04C391449FE00F5CDC2B3FA2FD0
:10C32000FC0810D038C2C342E901F6C63E0E96F1B1
:10C33000000C04AC040FFA5BF701FB0E31C9F344A7
:10C34000FD011222A31EBF33EEE8F22F0589B8B516
:10C35000EA03F2EBDB13C82EFE060801231F1A5E68
:10C36000F9030345FEAD8649FE00F8FC16BFDE1A50
:10C37000EFF3F3CE08E9A0E2FC110703472F2B27C8
:10C38000E4FBF9AF2312FD0D030AFF2C112735330F
:10C3900003000941DA370AFFF8FA05C501DB301955
:10C3A000F103F74C0AF0E35AFE0706E6CBB0196A30
:10C3B000FD030CEA07F01667F90503AEE7CAC214DD
:10C3C000E3F4F43AD708ACA1F4FFF7DC2A3327D220
:10C3D000FF0411D104F2D131FE050C41A5F5C3D003
:10C3E000F6FEF81F0820E6B6FA060D1E0DF6FA5DF9
:10C3F000FF0104C717BEF6DAFA0609F947E12B4B2D
:10C40000FB0305AEF8210A49F40CEE2C03BF01E64C
:10C41000FF0607C2AEBCEA42F30A09CC09DE02A954
:10C4200012010913F30A086B1CF1EFF7F8E1E5DDDF
:10C43000B9FE0B0EFF300DDACCFE10F9F9FCFD0150
:10C44000C4FD090D022E09E8FAFAE9FDFF25CF31F6
:10C45000BBF8F119E447D823CE030B0DFB9800621B
:10C460001BF7EE0606D6F6F31EF70DFCF12D0804B9
:10C4700002F9E607F0AAD25331020812F5E708F1F3
:10C480001AF2ED03FAAAE55826FB090F06170BF27C
:10C49000D3070A0AF9F3099BAC040CFAF1E001D7BF
:10C4A000BEF9F7F90598F6982D070704F3DCF9C4EF
:10C4B0001E080C17030F0B96F3F6ECFDFCE0F126BB
:10C4C000C400EA10F043D59313FA0EEDF2F7000B17
:10C4D000F00A01191537FC64BCFD0310F6F9059D3F
:10C4E000F2F610E8F0E40BFF94030A0D03BE09C353
:10C4F0002F0210D611B8010B28FD061204FC07DC30
:10C50000E90A070DEFDD0AC7B7FFF49A02D30DD78A
:10C51000DAFC000E0A2802C60E070CD106130EF034
:10C5200019FC0B15F1AE080A28F5F7F2FBB0ED0285
:10C530003FFB010FFC060B67F30309F3F3160493AB
:10C5400034090315F5E40C21AA04EDF0F64CC68A73
:10C55000F901F8FCF2B5C5D099FD0D0DEDB803D485
:10C560001DFDF2080C32FA09B6020CFBF99E04011B
:10C57000E2F7E9EBF8C9C835B609060AF207025A2C
:10C58000C3F3EAF5014EDB282902020AFE240BB7A9
:10C59000CE000B0AF7B40BBFB5F80CF5FA04000097
:10C5A000D2EDFAF701E0ED5DB6080702F8F3FF27D8
:10C5B000F8FE080EF6C10808C803F1010630F6A718
:10C5C0000FF6EBFEF639C83BF3F814FAF23B06FE21
:10C5D000EC07071E0AC2FDBAF9FD0606FBEF06943A
:10C5E00004F911EDF3D010CDE1080A0FF83C0A99D7
:10C5F000FAFA11DF0EE908D8F3010916F8FD041E56
:10C6000095FC0C13FE020A19C905F1A90F370AF8A7
:10C61000A3060510FB2707C9BB0400CD14A8073FDC
:10C6200011020717EBD40ECBBAE9F4E8FCA7F25AD3
:10C630004402030C03CAFD56DB000EFCF436030271
:10C64000A607FF11F63A043E30F3E8EF06A5C5E170
:10C650000CF5F9EAF942CC5BCFFC0212FBA60CAC5C
:10C66000CDFDF4F50B03EEC6BCF80701E8F40B5E54
:10C670000DFDF0E8F927CEB4A2070C14F307094B1F
:10C6800035F2F4EC0412E759EC09010F07FD10C272
:10C690000500020CEE20029A29FE0206E9D1013EB5
:10C6A0008FF6FEF10C03F2CBEC04050AEC140A49F8
:10C6B000C5070315F2240AA5EBFDF8FA0DDFF0E13A
:10C6C00002F1F3F1EA1EC739EC0309FDF9EC0F2B77
:10C6D0000F0F001D0A940534CCFE0009FB0F05C4A2
:10C6E00000040FE9EF01110E0C04040CECFA0A1817
:10C6F00018FE08E80B2906C9080D031803BA05BE81
:10C700001F030D12F9DA0CE0F9FDEEA0119E1620C0
:10C7100031FC071103070D03290B00DE08EC05CAE5
:10C72000A3010210F44B0AF72EF8F4E8F90DF4D146
:10C73000AF000508FD0B010BE3010AFBF3E807D18D
:10C74000FE050A0DF8CB0B9523F4EDECF345CC3345
:10C7500003F8F4ECF82FDB53A703030DF6F3FA4CC0
:10C7600000F8F3FF10A4FAAF0D0704F9FA9706B921
:10C77000EFFCF2EBFFFFD12E3207021804E1024C6E
:10C7800097F1ECE60523E9FCB40C000EFCF3093D3F
:10C790000D030013F3FEFBA3EFFEFE04FB23FE904C
:10C7A000C3FDFFFAF8A3F538A008030600E202E390
:10C7B000B90A040FED29043A1C00F3F608030154EA
:10C7C00035F7EEE6ECF0D54CABFA0605EC1D021998
:10C7D000F703051012B3FA699C02FF0AEB9B04D21F
:10C7E00037FE06F5EFBA08B00902031BFC4000BC97
:10C7F000290305EC10CAFF4EE9FF0B0FF39B0AAAB1
:10C80000EB040713ECE2FF6900FCF2AE0D2813F213
:10C81000A6FE0211FAC50FF500FC05FDA1D0FEE64B
:10C8200029FF050F450EE3EAD0E9FFF1AF12B9EE9B
:10C83000ACFD0606A8DF07EF28F906FE2843DAF369
:10C8400056F80510BFFEC1CCC7F6F2F121C0A5F91C
:10C850004FEC10ECEBDDB2B125FEFE0DE9AB25345B
:10C86000140207FC0C1B0BEE23FB03FDDC3B1CFA44
:10C8700056F1F1EAE8DACAF234FC0E0E97F30DD560
:10C88000F1F004EBBDD60795E9FA030CE232B5C42A
:10C89000C101FC1009C5160C1A040702E8BA2D1CC8
:10C8A000BFE804FCEFD4D7B40003FE0830FFC6C8CD
:10C8B0002503030CEC293135E4F6040212B9C589CD
:10C8C000F0EBF9F2F437C0E22EFE01FF2DE621C3B2
:10C8D0006A020B0BB99EEAB74FFE0310F0A5BEB873
:10C8E00093FEFFF7CD1CC4301AFF0616A9B5C72F5B
:10C8F000C6FD06FB2642C7319BFE0512F921D5F580
:10C9000055030217AABA16C6FBF309F451D735E04E
:10C910000DFF06003CDBF5B8FB0108010624121DE3
:10C9200068FB0A18F6B4E318C5EC08F8B6DAFA950D
:10C93000F8F70B02EF27B600CCF402FB9DA709E342
:10C940000FF30A0E21C0BECEB4FDF3F1AFA5C5E5CD
:10C95000ECF316F404290CE213F800139B1BC41823
:10C9600050FA0CF7E15B1797F1FB07029DB4FA2927
:10C9700094FCF7EDDE35D3B534FC0F0E96CDE6CE44
:10C9800000F00AEB090CECE3A0FA0A0AD6A0F6B80C
:10C99000500409132CAE1E0F47FC07FF1424B5F6F4
:10C9A00057F20CF6372B8EA593000811B9192C0AF3
:10C9B000A0010A1ABFA30531B0FC06FDBC43B8C5EF
:10C9C00036F601E8C503FFE420FB02FDCAC0EE23F2
:10C9D00011070C0B362EFFEBEC040B0EFF3EF90B90
:10C9E000FDFB06F7E39FDF3194F8071EEFFE24D22C
:10C9F0009DFA0D022BA71FD418FC0A0E2B3BDFD18A
:10CA000093FF061DEC32FCCFACFE11F5B336EA11F4
:10CA100043FB0C040201D4E79AF40BFBD43E21BD86
:10CA2000A3FF0A14D321B11695EF14F6CDCBDBFE8C
:10CA300050FB050631C0F7EFA7FF0EF8C30FD9CAA8
:10CA4000F3FF090A0EABB8DC52FB04EDEE268FEDC6
:10CA50008AF911EAC8C3F3C12FFA0014E0F3B6163D
:10CA6000EA030EFBF724DC94CCF504003E462ECC02
:10CA70009B0001F019F9009720FC0912F4EFC9C2DC
:10CA80003AF513EBC0E7DC83F2FF090A3F0A39F9F4
:10CA90000D01041435B8DA1FF500FFF5E72F20DD8E
:10CAA0004AF20CF3B5C3BDFF3602070940CE1DE7BD
:10CAB000C6F909162D480C01DEFE14F7E7F2AED9CF
:10CAC00098F40AF1A406BEBEA7F810F5B4182EFF1C
:10CAD000F2030E0AAD3F039E1CFA010EBFD7B7D377
:10CAE000E3FB08EFB3AC201A27FD0F17172E0DCA72
:10CAF00015F60AFB8EC6EFC24EF8060DEFF5E4FE02
:10CB00006AF90C19C0B0CEE4D4F216EBCB4C37BDA9
:10CB10004B011006B600F21CB1F30BF9F837CC2824
:10CB2000B7F70C150BB5F0D144EC20F2999CA48C0E
:10CB300013FA0605363CF90093FF04FA372DF8D7AF
:10CB4000CC040906FDFEE4EFEEF106F7A5C1A1CF86
:10CB50002AF50EEE1A498AD05BFD0302C8F6BB1B0C
:10CB60000D020BF94741F0A799010AF3242DE5D6F0
:10CB70001BF802F7A2E6E585B4FA0912EBEB3625BD
:10CB800057EF11F1E1D8E99EFDF8070CF51C2DBD1A
:10CB90006CFE030D0699D9ED4EFC07F6F8390DEA47
:10CBA00040F416FBF0C4E19C49FC070BEBF6DF08F0
:10CBB0000602020F9B1EE7F61DFA0FFB084096FCCB
:10CBC000FEF906F5BA03E1F036F90BFC9D00C8D377
:10CBD000C8FD080919D21AD6DD02010ABC171FBB0D
:10CBE00008F40DF7EDF418E251F70B17984B3329C1
:10CBF000BEFA17F0F223B8D014FB0DFFC03D372169
:10CC00000FFB0412F519073260FB15EACDE9CDBA26
:10CC10002E02100C3301DBF7CF0108FFE0002F02DA
:10CC200050BE040513EFC9075218FAF0DF0A21EFCE
:10CC3000540EFA040FFF3C0DB046FF0BFDE4390320
:10CC40000524060E16EB4B02E4E7F9EFD40842CCBC
:10CC5000EE0904F9EB05A1DC4ABBFE0615FB400911
:10CC600003BDFEF2F219CAFBF5A90805FDF2980111
:10CC70004BA200F0D00EBBD0FB12080315044705F1
:10CC8000401203ECE400C9E2A33D0A060C062F0A99
:10CC9000D5A40A060CED42FAB044FE0404E8C80824
:10CCA000ACCAFFFFF10DF4FAB5B8040606FB0CF7A9
:10CCB00041D909021DF29D09651809F4FA0ADFFA43
:10CCC000CCE201EEE1FC31D03FFC050807FA0DFE95
:10CCD0005EED0F011814A808A0CB050A0AFCC5FCDC
:10CCE000F6AA000AFAE3E6026DE4020C18F2490B18
:10CCF0004F440004E3083608152BFB0910F8CC0359
:10CD0000F100FF061EFA0109B9C3FBEFB801F917DC
:10CD1000C1E6FF080EFDDF0A5E4404FFDD08C90618
:10CD2000BC98010A22ECE40AB8A402F7E00BC0FCAC
:10CD3000B048FE0815F3FC0B3DD3FB0AFEE0C5012D
:10CD4000CB3AF90A1EF71404F422FFE8D313AFD745
:10CD5000F0E300F7D906D5EB2537F70B1AE928FFE2
:10CD6000EDA608EFF619370304F7F90B0CF1CB0524
:10CD7000DB0106EDD6014AE5563B040D12FB2B0400
:10CD8000AB1BFBF3E10C0EF0AAD4FF0510020F0C55
:10CD900044ED000614F20E0660D5FC0803EADBFF42
:10CDA0003AD306F7F1042604B609040708F5BD04D2
:10CDB000F1CBFB0B17EA2C04D8CA06F6F712AB022C
:10CDC0002918FCF4CCFFEBE3F6B5FB0501E71C07E3
:10CDD000A2B010FD1F1AB208E934FF031AEEE5FCF9
:10CDE0005DBCFF06F8DC200694DE04061BEB230B7B
:10CDF000E008FA08EDEABA0DB445F90C1CF6230E6A
:10CE0000FA2A020C20E5E302511702F4C2075B1272
:10CE1000B7FA08061105FB0C2DF801FAECF2D11057
:10CE2000AFBEFC091AEED903D03306FBDB09A4FF21
:10CE300034F405080F07A8084539030103DBD001C6
:10CE40005D2B060213F70409ADF1FDF7D80D1CE7C1
:10CE5000AD9900FBDE05A5EF3A38020112E0E806C5
:10CE60000A1F0EEDF811B302A6FFFD02FFDE1D0240
:10CE7000213BFCF2C8FF3BE02AB1FF0C1AF2980FED
:10CE8000510CFCF7DA0BE6F2A1ADFB080AFF4C05EA
:10CE900049BBF80111F7D3FD12B6050808E1A1FD61
:10CEA00027DA0BF6F0021B0189EA060517F123FFCA
:10CEB00034C0FE051FE3EDFD4ACA0DF1F01AE90585
:10CEC000F4E3FDF2C707EDE6F7D905040AE8D3005D
:10CED000650F0A06110AD2F9E1F8000518EA3005D3
:10CEE0000E16F602F7D69A0A0AC5FE0C20ED96FF3A
:10CEF000EA080504FAE71909FD4A080713FAFEFFD4
:10CF0000C1AB030920E9E90626A9FAEEC0FB9E168B
:10CF1000E00008071804EB09B90501F5F3E91E0163
:10CF200016B909031BE63400282EFBFDE20019099F
:10CF3000B7C9FF010BF7D0003054FF0004E7170515
:10CF40006F48010016EFC7FB0D06FAF7DC0122EE71
:10CF5000DE2DF9FCE2FF44F0ECFB02FD12E7E4FEFB
:10CF60004ACF09F9F81BBDFDC8BFFD0105E4ADFFBF
:10CF7000C5D1FAF9D4F4D5F198B5FA0710EB3B0E08
:10CF80005320F4F1E7F9CDF6FD310207160501094A
:10CF90009108FD0114F6A1F6CD2403010CE41F0253
:10CFA000E51400FBF7092A0FB4C602040DF8ABFB29
:10CFB000C0E6FE0714EEF3FDA3D003FDF315D50A7A
:10CFC000893CF9F4D703C1E3901D000700DB04FCA2
:10CFD00021D10704110F12F9372E06FC0FEFB9F813
:10CFE000D0EEFCFDFAD90401EC09FA0522EC06FDAD
:10CFF000233AFEF5F7EF1B02A81B000415F4C2FE4E
:10D00000E3BA060918E9C205D6A5F6EAC3F4AF10DB
:10D010001DBD08070EFA15032500FE17F026BED029
:10D0200019D2FB0714EEF0B120FFEC23F81D378B6B
:10D0300088BAF808042A4DCDF964FE11F09DBD00B0
:10D040000EF9F70F0EE9281FFD2EF306F93FC78FE3
:10D05000C6F1F110FC43C3C9C14FFD0402D6022042
:10D06000F814FC1107E51B939EBA020DF4BD26D9F6
:10D070001D39F308F6D2B3F0CB2BFF0C0F0922D9E0
:10D08000E107F81DF6D5BBB9D3FCFB0309A61300D5
:10D09000294C01FF06B29AB028B9FD04F33FEFED29
:10D0A00029E4F526FB0ED7E6AED2FC0305F5EFC06A
:10D0B0001966FB050CE2C114EF11FE1603199991D4
:10D0C000A916F8FEF215F98BB20B0011F6E3FCD8A5
:10D0D000D746040A0B079D08C624FDFFFFC5ABF326
:10D0E0001150F411F2A922FCF3B101031092AC33F8
:10D0F000049EFA1CFFDCB9E52296FB0505900E2B79
:10D10000D0F802000D05FBBAF73AF511ED08FCE97D
:10D11000F6F404090522163931C3FA16EEF02DBED5
:10D12000FACEF60311C4A53425EFF125044AC1B3A4
:10D130008CABF41407AFD32B28D8FC16FBF209C72D
:10D14000C7E8F410080BB7F02ED40208F399A4B97D
:10D15000A2CCF705F54DB8C58ADFFA02F643C51A29
:10D16000F7090B110619D993BF2AF316FDF84510DC
:10D17000EEEB0207F64EAFA8C5C8FA0C0E3F102220
:10D1800003A4F5220006C005D75A01060635D3D000
:10D19000F7AB0309F8080EDBC8E8FF06F10AC2B8CE
:10D1A000F399F61A011F9D10B515FD0AFC34E1B183
:10D1B0000E64F7050414BC33BD1E021304C0DFCA9D
:10D1C000E902F7FEF64652F885C3F30DF5C7A6F45B
:10D1D000FB22010D06EBA9EDB9F4FB07FDF71818CA
:10D1E000F016F518FDCC44FFF856F80F09E6FC1BC5
:10D1F000C437FA1DF9F3D92AF40EFA0C0314A2F27B
:10D20000CF4FF906153EF9B20B5AFA19F63DBFF0A9
:10D210002639FD030324E6D72A02F417F2E8C536BF
:10D22000F04CF50F0EE19728C4FAFC1D00E9A7F6B3
:10D23000A8480108F7FDBDB8F465F714FC19A9EB7F
:10D24000FC990107F0002DB6F74DFEFCF9E115BE83
:10D25000C1F6FCFCFBD908CF9FB4FD03F4D2BEC4D9
:10D260000A37060703DEE0EBE805F5110111A1021C
:10D27000C82A03FFF63C3FB1B3B1FF1107FFC2EB71
:10D280001FFEF318FEA50A8BE20B020B09C60BE486
:10D29000E0ED0309F526BDB324D8F713F5CF2C39FB
:10D2A00016E9041704C63AC0C65CFD05EC2DEEBABB
:10D2B00017A1FE03F936A415C5E40F0B0ECEECDF63
:10D2C000DD210CF7F6461704FE4CFF19FE4246EA34
:10D2D00028AE050B0B4098E28F04FD04F1BFC9F5A1
:10D2E000E8D0F71CFFBBF2B10542F5070FB79C135E
:10D2F000D550FE1AFB8E2C14215CFF09FAD9BD1DF6
:10D30000091EF8050F1448B9BB57FF23F50A60C77B
:10D310000001F80A03D423E42BA6F813EF9DA5021D
:10D32000CFC1000E0107AEDEDB11ED250D023398F3
:10D33000DBDF0808ED0408B503E6FA15FD1207DA8D
:10D34000E2D3070CE120AD052024030E05E5DF90B4
:10D35000D38802FB05A44AD99C0D0000D1E3B0D1CB
:10D36000C4F209080FC15A87BA050212FCFB470C28
:10D37000FC1104FF01492ACABB15FC10022CB1D2D2
:10D38000DEB9F22308F155F0B697020FFA21B9CDB4
:10D39000E9AE05FFDAD3C6D5C6DA04120420F40DCF
:10D3A000F332FA1812A44101C5BAFC08DEB43C38C5
:10D3B000E700060CEC92EBCBD609080F162D3302D2
:10D3C000B2D402F5FBBCD3909F4FFD14052300019E
:10D3D000EDF0FC080FAFDBA6EAFCFD07E1ADCA09E2
:10D3E000DFBBF51805F2C613DAA4F903F5DB9501E6
:10D3F000F3530318F0FDB2FDC3CA0105E8C341F7BA
:10D4000031E30003F5304ADBDDB2FA21F2C8BE3D5C
:10D41000CB22FF0C061425C8F6AD53F8F6F4EF0343
:10D420000B9514FB061DF3CCFA62BDFAF9E7F9EF90
:10D43000063C2B070218F34F055E1FFCFF02E39921
:10D4400007CE49FC0111E6D406A03C00F9DB09CA6D
:10D45000F59EF7EF03E7FE43EAE62302FF1DEAF23B
:10D46000FF9BDE02F8F11A390740ECFFF909DEDE16
:10D4700003CBC102FEDBFD46F22BCA06FF0DFDC841
:10D480000810F803F5DFFEFEFDC6F506041400974C
:10D4900008C82DF80212E6CDF202E803FA00E1E92D
:10D4A000012DACFD02F709270820D1F9FB0AF14A4A
:10D4B000F99AC306021AEB3F0229A201FDF615F7FD
:10D4C00008C22EF6FDDB03BCEA5521FD0006D7128B
:10D4D0000918E108001A0EAF051D1206FB1CE3191E
:10D4E000F54E5C00FD09DDFE0AB8F506041EE6D126
:10D4F000FECBFCF8F1FDE2260AB611FB0013E6466E
:10D5000007132E0A011CE4FF046FDEFCEFD1EA17BB
:10D510001A68D60CFD160DB6FDCE05FFF0EEEDEB4C
:10D5200013C91BFE0124DC9F0AEEC10202E80DD8DC
:10D530000D01E602FD17ECA20ECFD9FDFB08C5CA0E
:10D540000FBCB401FE0FDDB610341A03F9D7110376
:10D55000F1D99CF205DCFAFCE03140F9FE19E7E76D
:10D56000FE62180CFE011DE107F1BCF5F905D618A5
:10D5700006CAE1FC00D9124FE60DE0050314F5D907
:10D5800006A5F9FEF7DF04DDF832EA04FE0FF5E345
:10D590000B3800F60213D71AF93EFBF8FA07DC2F16
:10D5A0000AC4DF0DFDF40CD70E4527FAF90ADAADEF
:10D5B000064A1FF40116DBB60122C11501FE1B232A
:10D5C00009E5AD06FBD00BB4E85713F6FD08D9B357
:10D5D0000668CA05FD1A0CDC090CE3FB0419DE9A87
:10D5E000FF90C8F4F607C53811672704041FEFBE83
:10D5F0000044BFF5F1FBC83A100148FB010DEDAA4C
:10D600000DC4EFF7031AE4DD075434FDEAD9D6520E
:10D610001702CB0300170CC7FD494EF3F3F2D526D2
:10D620000C26DAFA001AE0CCFF12A10FFCED030A77
:10D6300003091D06FF02F8E500DDE0EFFAFFCBF07D
:10D6400001FAB9F7F7FEEA08FF01BD0D01DE12C6C7
:10D65000E80824010CF10126E449ABF2FB0FD6AE39
:10D66000050CB01DFAFD2837000A03F9FEFAC318AD
:10D670000C202C0B01DF03DCED99BEFD0411F1A0A1
:10D680000ABAAD09FCF50CAF08FFD3FE050FEE3169
:10D690000D47FAF2FB10D308FD2B37F5F2F6BE4525
:10D6A00006DE9F0B04F9103C07E003FAFE03DA974D
:10D6B000FAABAAFFFE0FD3F40520A2160303269BA4
:10D6C0000BB69B0608DC0F51E700EBFBFBFECC2EF4
:10D6D00004A72309FC130F4105A831FDFE04DFAAAE
:10D6E000F927F7EDFB04C8D60E2A32FAFE0FE2FB4B
:10D6F00006AEE0F8F8EDC6E10A4DF2FD00FFE74E98
:10D7000009920BF4FE18E1F0003919F0EFDBD9FCB7
:10D71000206AFD05FB14F63F031730FBEFF5CE1929
:10D7200012F2FEFAF809E814090A25000700F605C6
:10D730000E89E803F6FB11EDFE0DB5F3F7F7C8E42B
:10D740000DD6D8FAEFF902A30413BE0407FC042A8D
:10D7500000A9D30A1602F522F3DB06F8FAFDDC0E67
:10D760000259E01303072BD20B621BEDFBF6B9F84D
:10D770000196B9120DF1091DEE20F1F6FB15EBAE85
:10D7800005C023FF040106A10AF1D7FAF809F2BF88
:10D790000245E7F5F3FAD61403F04AECEFF4B9F3D7
:10D7A000062BD2090C1012330C0C01FBFAF5CEAB90
:10D7B000FDBF22F5F70AE8CA04C3141A0C0D14269B
:10D7C000109EE2060DFAFEEFF35B2CECF9F5C8CEE5
:10D7D0000C68B71001180B0402E6F7F2F301DBAA9C
:10D7E000049751EEF5F3BFCA0C1C05F9FE07D6EA03
:10D7F00006D003F6F3F5BE470BFEC202F0FCFEFFB7
:10D8000000613BFCFB0DE3FA0339AEF1EBDBC99B96
:10D81000171A0A03010EF105010F00041CF70EF49C
:10D820002C0714FA0EF29B15D1E3A0F4280DB0D901
:10D83000DAE6D1FD07EE2ECEE5331FF919F795098B
:10D84000F0F9BF0309EC18EA27D61C02070DFDBE4C
:10D85000019F2902FF08B5F497DD530A05D3DC27A1
:10D8600036FC3B0A0A1727DC8CD543FB1300F3096F
:10D87000EAB9BBFD0307ACF1C2A4D5FA0DFAE5CDB8
:10D8800022CDC2F2290B9B50B8E991020BF58CDA3C
:10D89000EE24320209D2E529F3F503020BF69ED8F5
:10D8A0002DF3D2031611DDADA0C6AD0305DBA04DEF
:10D8B00030CCED0006DF1C250AB9A60B0D12CFBC3B
:10D8C000D3AA5800FE06DB38C0A0390019FA35C8C3
:10D8D000152C1FFD010CAABDDB8CC20001CBB4BB13
:10D8E00004F7A70019F38FF22CD5D90002E69BAEFE
:10D8F00033D5200414F6A9E6D027E6020CEAE0D2DC
:10D90000D7D51D060BF33BBB2E04E0081FF33602F0
:10D91000C2C3EA020EF781A41DCC140D14F130BA73
:10D92000B7E26A0209EBF4D925CEC3FA2715FAA9A2
:10D93000979E95FC05F2069B32DED4FB0BF5EBFEC1
:10D94000B9D3050306ED93F42907FFFB100DA6B923
:10D95000D89E92FCFF0332F6D8B3C80203D3DFCDC2
:10D96000FE28B50C0E1044AF92D5EC000BF00FF86A
:10D97000B71F36FC0812CE478AE7CA010CF61E2EE6
:10D98000CE07E1F629120916F2CF140306F484C07B
:10D99000FAF84F060BD8E09BFBD8E9FD15FBAFCF9B
:10D9A000FAD658FF13142FECA8B0A50206E3F8121C
:10D9B0000B12C101FEDCA5A509E7090F0711283CE0
:10D9C00099C42A070009F5F38F9508030BF1E4B217
:10D9D000F0C39A050A082D46BC962305FDD19CA7E5
:10D9E000CC02E3FF15F2BCCF38D6450509EA3CBFAF
:10D9F000D9DBD60F0CF511F61E03EF0503EA1B0267
:10DA0000D91D2DFE02F0A83CC803A20A10F600079B
:10DA100021DDFFFE0DF6EED7B4CCEC0C15F21201B1
:10DA2000391F420402ED17F328C7CFF82B19BE4562
:10DA3000B9C3830008EA1A3FB5CFF00508E7EFD66F
:10DA4000CDFD1F050ACDBA3E251EDD02111BD00AF1
:10DA5000ECD8B3010C0FA013E6AF8BFE02BEE610AC
:10DA60002B29370B0818AC47FD8F4CFE07E542B257
:10DA7000E03337010E1726519091D8030DF3322170
:10DA8000E4EDB7F41F1744A9C8D7BDFB0FF500AAF2
:10DA900012F2A50804CB16B2E5C90F0007E7A3D719
:10DAA000D2C5B2021120E2B085C28B000CCBBC1EE5
:10DAB000F3FC520009C9F507FDFF2B0A0920DFEB33
:10DAC000BACA40080416C945E2C35A0610F4A709A9
:10DAD0000C086EFD020E39B80DF1DD0906BE8F2C63
:10DAE000B82B160114ECFFC4DDD60C040CE5A12400
:10DAF00021FB27120CF600C5D0242B000BD188B7D0
:10DB000025FCD1FD0EEC9040B0081C0F12F900EE80
:10DB1000F22D380110030F38F9CAC9070EF1202F72
:10DB20000AC1170602DBB119D1CED9F6242009ECBF
:10DB300001D2A90A00E1F5A9241E6B090DEBAC4046
:10DB4000C213130D04CD1AF5CAF693031716B51AAE
:10DB5000D2FA8C00080C4EFA00A6110404A3B5F208
:10DB6000FB10500C091836430B8B220808E43AFCD2
:10DB7000E2EF3E0904180DD5B8E035010BE7B90A0C
:10DB8000E3159CF4251A4A17B0B1B00409EFF7EA7F
:10DB9000E02EB00A04B2130A1A2FAE0710E10627CE
:10DBA000EEEDADFE171EDD3BD59F4A0109B41839D5
:10DBB0002E33C60305BAAE24EE1D3F07102105190A
:10DBC000F4E158070315DA4A86B8BD080FEF0614CA
:10DBD000322D47FF050B0C1A99E2480C00A6BB44F6
:10DBE000FFDC45FE13F397472735B0FC07D7B14A52
:10DBF000C40B941011F9C3F82813F102FECB3CC9F1
:10DC000012E10D0607D23900B12CA40B0BF49C6D68
:10DC10002D0186F90CFDE5C639D8181CF1EDE9CDCA
:10DC2000AA10CDA5FAF3FBED30FE97B0070910015D
:10DC3000D219AFC608F502032502F550F2F7F3CB6F
:10DC4000EC105FC5FAF406EB27044E2A0A07FB0026
:10DC5000270086A80D12F5F426F7EE35F6EBF7D778
:10DC60000EFDD2C01909181A030A8BDAEBF0EFCBBC
:10DC7000D10390D50D11F7FF1EF6D3E907F7FFE8A2
:10DC80000805EFEC07090EF1DF0EFD1E05FEFAF4A4
:10DC9000EB0ADBD2FFF1F6E806FBB403F3EBECC9C9
:10DCA000BB07D0EA0B0E150A3D0E144AF9E9EBD575
:10DCB000E2FE0CE6FCF0FCE799F80AA6160F112329
:10DCC000B50D3D200A0DFD02A3F72D19F7F3EEC4A3
:10DCD0009D0BDB2C0D001B0ED3F95FCEF8F4F6D8AC
:10DCE000C6F793CCEAF7F3BEC808BF39F5F101ECEB
:10DCF0002002410EF3EFECD1F3066E07FFF903F5B6
:10DD00009B039D0BFBF505DC2F04AC2BEEEAEBC867
:10DD100018124C4601FA0BFBB0003F4CF1F1F4C174
:10DD2000D30CD4E004F604E518FD97EA090801F6DF
:10DD3000A918A0E302FB0DF027F8D1D9F1F7F2C53D
:10DD4000F5082B32FAFF05E39503AAFF0F0AFBFF44
:10DD5000CB0DE7AB0E11F9E93AFEB035F1EDFAD192
:10DD600017FA9126160A1A25B009A42BECF1F4B57E
:10DD70000E05E1BD120BF4FCDA0A3E2D04FA01F3A4
:10DD8000E0FF161E0B0602F6FD14CAF0FBF908F6BA
:10DD90004904204EF0EEEBE514FEA0E1EDECECC6FC
:10DDA000FD0054C10C0E180F3E13553CF3F3F0D098
:10DDB000F700FCD7FEF4F6DAF1024CED0F0D171464
:10DDC000B813A5B10A0DF40211FCCB16F2EFF7CC93
:10DDD000950BD1F20703150FFE05BCECFAF4F0D752
:10DDE000D7FB49CAF6FAF5BCD60E0F22FAF1F9E1D3
:10DDF000CC04DA10F3F9F4C5EE0CA83F03FA0FF1E6
:10DE00009BFBBD07FBFA05E9D00708CDEBE8FAD18B
:10DE1000D31742E6FFF9080B16062008F4F2F0D5F6
:10DE20003B0CEFF200F206D7A30568D7011004FD02
:10DE30003524250CFBFCF7FCB7FC083CF2F4EEC7DC
:10DE40002707930F00F3F9FFBCFDDD190406FFFB64
:10DE5000C90ADB9A0614F6F5A7031AB6FFF6EADD3F
:10DE6000D300100414081517DF06B1DFECF7EBC67A
:10DE7000CA01213B0B02F504A80421DB04F7FCF8DE
:10DE8000A0F9C8FE080A09F9F61F2A0C01FF01FFD4
:10DE90004B03D237F5EDE6DFB1F3FE17E9F0F2CB35
:10DEA000EB036AFD0B0A110C9C13D61BF1EAE4D5B7
:10DEB000F7005D3700F6F3DBF3FB1CC411091B11FF
:10DEC000F40909DB0701EE074B000F4CEFFDF0D022
:10DED000F209672A0BFD161BE4F8320EFFF1F0D7AA
:10DEE0000FF3EAF4F1F9FDBF1E0E3336F7F607DF44
:10DEF00036FD3EE1F3FBE0CFE10B5D18FEFDF105E1
:10DF0000D9F9D51AF8F6FEDCC005ADA5EAEFFBCCD1
:10DF1000E50C3FF1FAF50404E407CBDAF2F1E8CFBF
:10DF2000C4024116FDF1F5E1DEF7BFC9020E180289
:10DF30003F21BB2203F6F408FBFCF20EF2F4DFD41F
:10DF4000E3056C16FEF3E7041AFC20BD12FEF3F1A4
:10DF5000A5155C35180DE4EE36102E11F8EBD4F74C
:10DF6000CBF270220E0813120610420BEDF2DEC245
:10DF70002B044D331004E8FF01081FC605F900E922
:10DF8000A803A5E008080BF7D31E3CCD03F401015C
:10DF90003705F0FDF4EADDDECDFBA1FAE9EDDFD3D4
:10DFA000A30AC2A216111F0DCA10B14DF3E7D8DDA6
:10DFB0004BF7DEEFFFEBE6E5D6F8C8ED150D2018C0
:10DFC00039152D340EFEE3F2CD0A3A4AEDF2E5D3CF
:10DFD000C70D97BE0A011011D2022EC0FAE9E2F273
:10DFE00099FB44D2F2F8F2CE3E0A98E8F3F0F9DF5A
:10DFF000C2FAA8BAEAF2D7CEEC030524FFEFE9048F
:10E000004B006FD6FEF0F7E995046ED9DFF7EFD33A
:10E010002A0ADF4904FBFEF226FA9B001512F31DC3
:10E02000972EE40600FFC38641BCEAF2F42325A440
:10E03000A8CDAC59010FEAAA31C7D44A0D0FE71D8C
:10E04000ACE5C8970208CD3BC8CFC7CEFF0921EB8E
:10E05000C1A1D9A9080A0E0549B2F2FB0209970924
:10E06000E1BFE697050722AEBBC4BAD20109EDAA0B
:10E0700007C6234204031D26E1C1A3FE040BDC35C1
:10E08000FABC1D0BF622222620A3ACA20305E53B19
:10E09000A8DBCFA810FF95FC22FFCCE00809E6E33F
:10E0A0004D3AECCFFF162551EDE1D4110E04A0AE90
:10E0B000992506BA0801A234970719C507061F3724
:10E0C000F9CD860304071DF6C20AC0F10810E73631
:10E0D0001729D49B010D0E18A20CB1A50604949823
:10E0E000FC0410FF0509F70843F5D31B0C0BC2CE47
:10E0F000A2E405FC0E09EE090F06C1230507CEF6C2
:10E100009E1AEE530707C4BCF3C5213C0F0BF3F373
:10E11000FACAFEAC0301F0A33021E6AC1204F72FDB
:10E12000A7C91E49040AB3C8D406E3A5060B27FFF6
:10E13000D8BA97F70608E5AF08CFA6450B05E3A9BF
:10E14000EE3B33070405C921E8BB0B460EFD222236
:10E15000ACC5D6B910FB080AF48ACFB5010A93E022
:10E16000BFC604C90C021F163D89C9AF0E05E5F0F4
:10E17000ED04D33C0DF518D5B9A5BAFE0909D49123
:10E18000AFBFD8A30B0E2043D3ACF94B0205E4ACD0
:10E19000E1E11A35010595C0F313E757090AD9EEF5
:10E1A0002ED4CEE90DFD1DC02C9BAE910A05A2F127
:10E1B00040FF2BF009089DEFEFB4DABD12FB1CCB3A
:10E1C000A7AB88B603F0111D49DCE7A81007E624C9
:10E1D0002C101EA7050C0FF2C389C9F10C07939BE5
:10E1E000AE141CE81009EC13373A1ECB030AB69F95
:10E1F0004406F3E01304EDAAD0F8FC2B0703CAD4BD
:10E2000011BDA32B0509B3E606CEFEB70F0DFF33F4
:10E21000D5D3D62BFD03ECA90CACA2B21BFDF32E7B
:10E22000FBC2EA6C0702AC08C1FA1A940802213F4B
:10E230004F8FE131020DEB3AE303C3E70AFDE0BC87
:10E24000B2EED6A80500C21C202A1194070620228F
:10E25000288AB1E814040BA21ECCE98F080798A203
:10E26000D8BA312009FD1F0DFCD6C5170C09D7D728
:10E2700044D10CEF0C09131D4487FF90080BD51BEC
:10E2800098B90EE90F0522DF2DA6C818050BE6FB8D
:10E29000BFF9B5600302A097C2C80DE30F08D0977D
:10E2A0009E2E223510FB2201B1A1C85C0A03A804EE
:10E2B000B2C802540C019BB2FE031EE10E011923E9
:10E2C0002ADC9A2411061343568FD75C0F03E6EA23
:10E2D000013922F2090C0EB23993D9FC0E049EE1E9
:10E2E000A00FDB0D1300E3E8FE06F7B50D0AB43C02
:10E2F000CDEBD66913F9E29FE2FADF4A0402C8A91E
:10E30000C524BBAE090DADBEA1D5303F1508F9BB84
:10E31000BA1AE60C060FEF9BA922B23A19F8E4DB11
:10E320003EB332B70C02A3DA22C7D3270FFC1FE299
:10E3300050EEFA95030FE72BD627A7C21702D8365F
:10E340003DC907F0010BB53B062CC3AE070D1B36CC
:10E35000D2B8BFC01009033951D7000606098A0E8A
:10E36000FD381D590702192240A8B7EC0C09D60543
:10E370004AC003F70E041117C3E39F360109C7D241
:10E38000CDACBC9E0D031E0FCCBFEAEB0806DCF93A
:10E390001EC0A2A3090594A6B81931311005CEB943
:10E3A0000E18EF3B17FA1D0D0C8BB1D20F01AC22EA
:10E3B000E6D7B8AD0A0A97C0B4B1E4500DFB1B30E4
:10E3C000ECACF6930F0314B24E8CFC031600D5BBD5
:10E3D000C3C5314E050D08A308A08825040895D7AC
:10E3E0002216BA090EFCE511C8E0D1340608A33E96
:10E3F0000817E2E31DFADF11432409CA0804C7C65F
:10E40000A505F2E50A07A516390925421406F219F1
:10E41000401E1723040DE6F32CC88F4CFBEDF3E2EE
:10E42000DD9708EBCF04F0F1EC34F8A923051017C1
:10E4300002F41A5322FC0002082E040845E7EECD30
:10E44000DA120930F1F8F7EFEBDB05451109F8EEC8
:10E45000EE0D1023B31507DBE7CE0F5040F4E7D0E5
:10E46000EF1BFBDCD30C051D09380EA2F2F5EBD037
:10E47000D9DF044CBE16FBECEDD508AB3C04F5012E
:10E48000EFCE02482106040EF01A19FEEB05FA023F
:10E490000133019AE7F4E8D0E636FA171DF0EFCC25
:10E4A000D712FE9F080C0F160FB114B718F7DECB6A
:10E4B000EEE4FAC6BBFCE3D1ED08FFFDF1110B174A
:10E4C0000BEF0B32340EFEE0ECBE0E6225E7EFCF11
:10E4D000CEC6FFEF130EFD1308F50216E901E5D1D4
:10E4E000F5D5F8B716ECF8DAD42E0137BDF8F0E11F
:10E4F000EDA70041E0F6F6D4D2EE09FAB803F3FA3C
:10E5000004ECFB6CB304EEECF24B03ADFCE0030057
:10E51000CF5A0A67BA02F507FCE7FC1917E9F6E3D8
:10E52000CAAC02F1C8FFECE0F14900491410051132
:10E53000081E0819F4FAF7FCF4B5FC63C6ECEFCC3E
:10E54000D502FDAE37F6EBF0F0D7FD22B812F1F6AA
:10E55000FE020EDB001DFBE0E0090DF813FDE5C730
:10E56000E4F8FA250E1002191FC109FD10F1E4C2EA
:10E57000CCBBFE51DB1AEFEE06BC09542202F0FBC5
:10E58000F9DEF9263414FE131143134706FBF3F7A3
:10E59000FC1C05AA41F8E1C9DDB4FBC4DEE9ECC806
:10E5A000D03307C52C18091C17380D162EF4DECEF3
:10E5B000E024FB51C6FCE6D0E4B1FC2B1416091F85
:10E5C000285605D20116F4E7FBF70DE111F7F5CA5D
:10E5D000CD220B6BAE07FD0D0427FDA8B7F7E3CEE8
:10E5E000DFC0FFC0E6EAEFC7CE3B004808FDE9EA1E
:10E5F000E2BD01E31CF7FDCDCD4403A753FAF8F4C7
:10E60000F8A7FA370B04EFE1F1ECF929D7E704EBAF
:10E61000D23905AB1F08F80908E3F9B8BFEFFFDBF3
:10E62000CCAEF655E3FDE4E7E004FFF22314FE1C54
:10E630000B2205A0ECFCF302FF9EFC1FCFEBE3C313
:10E64000D6F90047BD07EDE9FAE7F9C8F21CE80280
:10E65000041DFFD8081EF0E5E820FFC2BCFDDDC4A4
:10E66000DAC6F44CE016031B1EE503A1C5EEE3C2B7
:10E67000D7F9069F3F1CF0F206420F4A3AFBF0F230
:10E68000E9A7FCDE9B1DFB0B16160B3A3AF8FBFEC6
:10E69000F7E7045E1FFAE1C3DFE6FF004EE7DCD1D7
:10E6A000D2A5075ABC1A021A23A5034B17EFD8C1EB
:10E6B000D7A1FDE9FFF7DFD2D8DFFF68B415041F4B
:10E6C000230AFCC8FE16EBF1FF1B08BAE1F4E7C908
:10E6D000E2E6FF97370CFC1406AE01A914FAE5CA6E
:10E6E000DB13F61842EAE9CEDDCC05A00AFEE4E52C
:10E6F000E8BBF80659F5FCDDCA20F4FBBEF9E7F2E9
:10E70000F4E2F70CF002E7E3DC44F9E3E1DD0AEBC5
:10E71000CA150608E6FBFF01FC9906A418EDFFEBFD
:10E72000C3CDFAE7B5F7E3D3DCCD004AB51AFF163F
:10E73000151102154307F8F60C33FFA3C7EEDBCF24
:10E74000DB36025BB40AECDD01E302B0BC13F40A71
:10E7500009DA04DCDE1EEDF2EDE70CB2EBF7E5C5FD
:10E76000D43100169E190B2527CB0A550EF7DCC8AD
:10E77000DEBB01C8AC0EEC0003B2029402FDEEF267
:10E78000FD410499BC19FA17132002BFDA01F2F611
:10E79000F5E1F8DBF1F4D8C8DD3AFF61FCF2D7CE41
:10E7A000D4ADFD62AF15011B1AA6FD0F35F0D7BD24
:10E7B000DBCCF7B629F9DFC5DAE1FD5B24100321D4
:10E7C0001608014CE710EDED02310B3AD7EADDD621
:10E7D000D13CFAE8FC1007170CBCF826D800DDC2C3
:10E7E000DC39F70959F8E6D1CF1FF6ECB802E6D9C3
:10E7F000E5A1F7AAB7F1F1EDC320F1493707F1ED33
:10E80000FBEDF9C5C100E2D5F00BF749F5E613F6CB
:10E81000D9ECFD38DEFCF3070515F9F40021FADF29
:10E82000C907D3C0DE0704AC94AF24BD3720F51769
:10E830000CF50D8EAC070FEB1DF7ACFE241506DDB5
:10E84000B815DFBE3C070BC73AB4E9D54011F90A49
:10E850000BE1D4FF3B140B0501D6EFC2120104B942
:10E86000C04314C5050D021639529A96831705D96F
:10E87000F43103D75B0FFC0A9FB003C8C8040CC671
:10E880009B9BB8EB1819E919BE22C6AA4BFD0FE6EF
:10E89000EAA4C4BECE020AAECBB71C34B81108D26B
:10E8A00001D5080AF713EC150E40A691A0090ABE7F
:10E8B000A9BA052B61040EAAE6F22BBAC912FC17FD
:10E8C0002310F8CE9D0D030D095AE3A4C21106DFF3
:10E8D000ACCCB5ED1D050507D9D202C01C0A0DAEA2
:10E8E000942ACBFBC01BF8DFD4A1FEE50F070DA3D4
:10E8F000C9141000BC2100E33BDDBF1ACF000BCED2
:10E900001C410ED1FB0D08A2264BFC24361505E652
:10E91000E1DB200B4A070BEF8EE1EA8C251BF7E3C6
:10E920003DB3CED6FC080FB9BB953526B21FE90B17
:10E93000C426C9C8C5FF0CF2CDA0AC044D1300E33A
:10E940000F9A38CAB20A08CCCAC628126207EF0C5E
:10E95000ED41C6D4810B02FC21F9A9B4AC0504D069
:10E96000EF0CFD2CBA0FFA1AC1528DAA4B0F02DD23
:10E97000B425B81EE20BF50626C0BCDDB70B09CBEB
:10E98000AB13BDB5F31AE90A9FF3B29CAE0612E7CA
:10E990008CB2D4AD040A09D0DB192705120CFEE0B5
:10E9A00013BADEE9B919E60EF4D0F4B8BE060AD4FB
:10E9B0000D2D00DFFC020AC4A20210C72F12F917A6
:10E9C00006EEE4C5DF04F709FDBBB2BC241605DF83
:10E9D0003A99B2F0A7070907A5C4ABFAD50908CB45
:10E9E000CDA41D05B910FDDDAC2BCEF15D0A09BB30
:10E9F0001B1B18CA9F1701DDEBC21C1245010DD469
:10EA0000D2AACEEBC30708BEF2FF2AEECA17FFE870
:10EA1000CF53E0EF540805EAAFE3B5EEA319FCE7E6
:10EA2000ABCE33C8AB020FB9EC2A3914421EDB0A55
:10EA30004A5ADFED87FF09F3D4F72F30BD0B02DD13
:10EA4000CC0CE4F39F0411CAB69EF7EEDE0EE80884
:10EA50009D49A694CE09FDF6BA3F00B8B4FE0DDA82
:10EA60000CD312C93E0DFA0E125DFF8C190B09E48E
:10EA70003E062725AC07F7FF05BDBEA1EFFF0FCA75
:10EA800040150E166711DD0CF9BF8CD1D40608EEC7
:10EA900010D7EFA0F1060BEAA73CDCEE010E06DD75
:10EAA000BB41C0ED411BEA0AD9C4E7E5B9080BE751
:10EAB000CC1F1BFB650907C91637D006180FF308D2
:10EAC00043540AB52FFEFE01DC4DE4DCF00909E3F6
:10EAD00022FDC0D3C4060D0FD2A9A7FB08FC08D69F
:10EAE000413BF6CDEF1007E12AE3CCBB090A06BA99
:10EAF000FBCFEE01551A00EA06C4151A100207D81A
:10EB00002B9A2629FD0712B8360615F3240FFDE4CB
:10EB10002B5BEC17FF020AED86AEB9A5D618FFEB0A
:10EB2000EC1FE5EBCB0509BB87A1EDF69D1CD707D4
:10EB30000FC5ECE81D0506FECEB6C5311A11FAE484
:10EB4000019C2903C800FEDC1ACB1D1AEB02EC0164
:10EB500021B3DBF902FF04F8C7BDA797F10009ED67
:10EB6000C9BCC712A50EF00AB836038BB413FCE774
:10EB7000A0CAD8C5E705EDFCCBDAF8AAA9080FD6DC
:10EB8000B803F8CF3913DAFF222EF1EBCBFF0BF1EC
:10EB900000460AF8330503E8B695C71B470405EAA3
:10EBA000D70EF5E44E17EA0E51E9DC8C910605F21A
:10EBB000101CC1FD3D010BD98F1F36BC2D16EE1068
:10EBC000200A89B35805F7FDF419E388990E02E984
:10EBD000122CCC0DE6FD0410E9AC05DDB2FA04E51B
:10EBE000FDD70B31AC0EFCE9A6C3101C980B09BE77
:10EBF0009BB2CE2EF612F8E1C6AAF51E3EFE05E740
:10EC0000F4DC28E7930806BD16981ECCB70BFEE28D
:10EC1000ABFA1426B1080DF839FB32AC11C5F3FA82
:10EC2000F0C8EFF4CB2A05E4D4F225FAAADE1DF8E9
:10EC30001E17CAF8DE490002F804C4090150F9E3BE
:10EC4000D3E540FF583800F5E4010C00B9B90FEEE8
:10EC500006FA1004F2320FEDF5E4210B5EDEF4F05B
:10EC6000CFD8C40458F01504251C2608513FFADDFE
:10EC7000D7D4F2F8AF0C0BEAFFEF4900ADECFBF292
:10EC8000F5EAE5FCD41D1CEA111800F88A0900FD1C
:10EC9000FEF737FCFE45F0ECC4CB9EFFA1CDF7DDBF
:10ECA000D2E021F9BDD21DFF201A9BFE22D4F4E749
:10ECB000CECEE7FCDEA9FFE6CEDF0FFEE7EC1405C3
:10ECC0002C154F0129E610F1FFF9E402EF59F9E1A3
:10ECD000DBD6E90202F40DFE1305F104E6F9F5F0C6
:10ECE000C8DDA905A9BDF0E5DBE4B1FE924DFDE26A
:10ECF000DCE60DF7E5B9F3FAF0C71FF128CD0AF805
:10ED0000E90100FE98B402E3D2E9EC05381EDE0EFC
:10ED1000F2D01FFB060603FC0601BE050ADAF20864
:10ED2000F5C3B0FFBF0B06F1CFF2C2FEAACA21F1B4
:10ED30002A22CAF0940E02FFF904DF01D357EFEB49
:10ED4000E1EC3905414404F4E605470241FF0EEACF
:10ED500016EEDEF40ECF09E804E6A70CE0DBF8F7C8
:10ED6000D2D2BB0AAE1716FF282018004AE9F1ECF0
:10ED7000DBDFF1F8C31B0FEC0EF241F7B112FAF52D
:10ED8000E3FDBF02B7E217E71A0CEEEC840CFF02BA
:10ED9000FC041F04D2E4F4F4D8CA26002707F3E4E5
:10EDA000D4E1BAFF3FBE1EF52824B8F1B635EDEB2D
:10EDB000D8CBBDFBE8D1FEF4C9DCC704E4EA1601F8
:10EDC0002318B900650901EC14E6F5FCD91CF7EC31
:10EDD000DCE4EA0196F30B02170F4B05B3A6F9F535
:10EDE000D2DCC801C42CF5EDE4E1C7FEE9C002EFB6
:10EDF000D4F024083DCFF205F4C1F4FC1DD504EF96
:10EE0000EE06C5001FC9FEECD4EC32FAF519E0118C
:10EE1000FCD91DF508FD06FD0808DBF5D1B8EA0BA5
:10EE2000F9C3FAFCCAA906EBD7F43D02D91820E6CB
:10EE30002218E5EEA802FB080405CBFF54B8EFF357
:10EE4000F1DDC800E2B8FFFDEBEFF90396F40DE247
:10EE500018F5F0EFF3000BE602E1F8F6BF06EF005D
:10EE6000E5D80801C11519F62C1BDDFEFAFCECF7FC
:10EE7000EBE1BFFB17A305E50FF0D6F7A2DD01F329
:10EE8000E2FBABFF20C618E21E0A45E9CBE607FF0E
:10EE9000FD001505D6ECF6FFDFC53F0613CCE9F102
:10EEA000E9D407FA4AFB1EF92D20E5F3AF24F4FC60
:10EEB000DED3E4FE4FEA00F2E0E12AFF0F1613F77B
:10EEC000252DAAFAC72BFCEE11E10E0006DFEEF6A7
:10EED000F5DCBF01ED420E031506EEFA9BC6F2FF0C
:10EEE000DCC8EF084B0CEFF8EDDF240226B3FAEC98
:10EEF000D5E7FF043207ED0A03D0AFF5B61DF9F8E8
:10EF0000F9FC3C009CACFCF3DFE4FDFF98E7E70E66
:10EF1000F9D8C002BFF602FBFF0327F8D4F6E705D5
:10EF200005CABB00A8E704EFE0EFED0364F417E1C6
:10EF3000201948E8A504FB07F4F439FBD4F5F8F9E7
:10EF4000FFD9AAF72B17FE00E5EDF30002C304E496
:10EF50001AFA5AEB07DF08E002E62CF3B01EFA0AB1
:10EF6000E0D0CEFFC4CE0FF21D2D2DFCC6DFEEF992
:10EF7000FADEFBF66E0AFFE818EA02F19EF406F5E7
:10EF8000E6F8E1FB9A260BE8231F2CE19B4A0101DE
:10EF9000F902E4FF59BEF003E7BE0CFECDE8F80429
:10EFA000F0E048FB43DC15EB2434A7E7540EED08F2
:10EFB000EDCE33032FE4F103DED638072EF316F13E
:10EFC000212739F8F2D0FCEC13E6F0ED94F9F2F9D0
:10EFD000F5E4A2FEE03E0708160ADF00EC03F1FFAD
:10EFE000E7D036FEFF0FF1FEFFEDB3F6F8DEF9FBDA
:10EFF000D7F1B6011C43F104FCD5EFF7C24E02FD78
:10F00000F3F6E4F5E1EBFDF2DDE522FDACE0D80737
:10F01000FDD4C5FF2E420403FD0DBD03660011F9AA
:10F02000E1BD24031BA7070CD0C4B7C4C9A81BE8C3
:10F03000060505FDA3EF030504140DCDD8DF0AFC7A
:10F04000EC32A4351403FF03EE0445EF17C709E6BD
:10F0500004285BC0BEB303F2FCBCE7E0D12BFCFD8F
:10F06000FCBE26E711B210F40502C8C3DC140B0184
:10F07000ECC12223E3D007FA031935F4EE97090611
:10F08000D2A418CF13A717ECFD1904FAD228050B48
:10F09000F093EDD81A450306FC090E10CB5A07FD74
:10F0A000F83246F222991DEE07504DD7D157FC0693
:10F0B000FF4123D21D270204EC270636BBB415F905
:10F0C00006262EFB05CC09F40235D6B6F50309F960
:10F0D000E7CC2AF80E1806030EAF0D15BDB8FB02DB
:10F0E000FBB1DB1CDE9B0FF6EBECD9E7C1C30705D8
:10F0F000CEBCCAE5E39C12F4E51F4B20D5B308FD56
:10F10000ED1029FAF0C4010BC8AD30F8F02607F86D
:10F11000ECF9FCCACE240510F6D931C3E76911FB1E
:10F12000F0272EB812D40100DC2A3713BCCC19E02A
:10F13000FE28C7DA03C2FF11078DE0FDCBB70EF83A
:10F14000F20FD616D3F1020AF7F10301DA320AE917
:10F15000F8203FADC6DA04E2F8012FD4F711FC0223
:10F1600015AE97F2E0070FFFFC48CC82F5100AFCC1
:10F17000F8A9E5C4BE3D03F3FF49C291B79A06045E
:10F18000E1AA3720261D15E4F4163CECE8F200084D
:10F19000F19330D80D3DFA05133CCBFBEB5E090132
:10F1A000FFCFEC38139420E2FE4501E198EC00011A
:10F1B0001CE8190F2957FF07FFB2491E2BB510EFA6
:10F1C000FD2F288FDF4007ECFDF36481B2560BF76B
:10F1D000F34443EA1AD605010F151E979353FD0118
:10F1E00006E1D9B01FE110FBF134A5B1DA3E00020F
:10F1F000E49A0ED8EACC0FF4E9A6E4291001000F36
:10F20000FBA8CF3719FD0200DACD26CF1BC80701B6
:10F21000F1CDACEF28320502F826B51EFFE613F952
:10F22000EA9FE7CE06F9010DED8CD2E3E21F1CDF69
:10F23000F53812F9AD9BFB08033D3ACE0D0901FCF0
:10F2400007A13EBD0B92F808EBA63337D4D00EDBF6
:10F25000F53405DDEDF814CEF228419ED61CFEFDF6
:10F26000211DEA21218F12F8FAC307F5CB0E020007
:10F2700000AA4DCB12F311D8FE255DF5B414070991
:10F28000EDAFB237169614EAF5EF54EFA6F8FE0B81
:10F29000FD142DCE318EFF021F2935140CC9020436
:10F2A0001601220408A721EBF92E3BB3DA5BFA031F
:10F2B00022C04BEB03AFF7060C12F822D75417F617
:10F2C00002CED7BBECEF0FDFFEBAC48AEE0B08FF0D
:10F2D000FD04B5B720A7080B073825C499B1F90A72
:10F2E00013464ABBEB0D04F6F804F2AF2CA4FE0360
:10F2F000EADAEB11310D14F8F00BB0211DB8FA0663
:10F30000EDDF12C2CC0AF80EE538E53BF4F8FF0752
:10F31000EEE314DDED57FF08011741FE19BE09FAAF
:10F32000F4AEDAD9EAF1FE0CF2B3D11526161AF6CC
:10F33000F2FF22D5A6B70002FD241B2FBF850201D4
:10F34000FD371F1C02B20001E6A0372DF44705EF80
:10F35000000DE2FEC0C511D8F59F3EA1D38DFAFF86
:10F3600026329FB22F491EF803EA680DA7F0FE056A
:10F3700008C6CBEF18CE0BED0128CA06911EFD0A78
:10F38000EE2BE6C50C210EF7F3D34AE7D71EFF0597
:10F39000FCEEADEBEB4CFA0027E7C43809EBF507C0
:10F3A000162AFD0F1CFD21EFFE29AE9AE69BF2FE08
:10F3B0002430DBFFC915FAFF1530E8CB0F4E1D03D3
:10F3C000FC370EA5C49D06E2FBD227CDDC5A0AFC11
:10F3D000FD1712BAE7DCFE0C0BB529B88F24F7FE37
:10F3E0001A9E3CCBE0EC0903F2E6B6CECCF6F90C63
:10F3F000FA0B05ED205D0803EDE7BD3121BEFF05E9
:10F40000EFC1CC23DBB8FF06F894C82706330C0401
:10F41000F221C93CF089FD100596D902C05E08E8CA
:10F42000FD0DD2F2FA2AB6F7F6DBDE45FDD8220B47
:10F43000E51D1DC5E24FFF010702050FF8A94FF2B8
:10F440000B04E03EF7992F08FDF5F9A0F715BFF37F
:10F45000EF14031CE444BE05E507E5EFEB1617F3D4
:10F460000EEAD22DF4B6A00AF31C2CE0FC99C1E9F7
:10F4700005FDE3FDFD9D3EF3EE20EC34E65B4DFC27
:10F48000FBEFF1B805A3E50FEB291D0EE6E7380306
:10F49000FFF50219FF5918F70EF2BFFDF6A822E991
:10F4A0000EFACD0AFEAF2E18E32A2BC6EEDD43EA94
:10F4B00012EECD31FB1DFEF404E8DD4AFA102213F2
:10F4C000EE1E2450F72A25FDE811E82FF2DDBCF8E6
:10F4D000FEFFE8EBFBE9210E06180649FE3629EF90
:10F4E0000CEFCA37FB5A05F1070AE325F5B22CF9F0
:10F4F000F4DEE41A0335D9EBFF10CB09F9B6EAFFC5
:10F50000FDF100A2015538F5F3E0E5BF00F838DD64
:10F51000FF01CFB8FCEC220502F903FC07D348F049
:10F52000070AD1C8ECAFAAF7FFE4EE30F762FF118B
:10F53000DF261A36E1E3C3FD0E02FB0F042737F581
:10F540001312E9EBF52AABFFFFF6F0CF014640EED0
:10F55000F01D03B4E1FE3CF7E213F515ED13C2F71D
:10F560001AF9D53AFE60DB0FE9212AF6F682F5F0AA
:10F57000160FE439FE0EE8FAEF22FB40E241B30633
:10F58000FEEDF9EFF92BE3FBE71E0EE2DFB93808D9
:10F5900008F2044DFF08A5EF16F9C3E10014C7E80F
:10F5A0001E05D047F9672412E81E2307EDFBBAEECB
:10F5B00018FBC34BFBA2DCFC0AECCF00FE592F0E5C
:10F5C000E121324AEDBE27F7E417FAC0DDADB7EA14
:10F5D0000315E5E8F9AA2E07011716CEFCABBDF01E
:10F5E0000CF0CD04F50906F31114EB3CF9BAB1F9AE
:10F5F00001E7E2D8FC0E38E90514DBE4F66A38FDD1
:10F600000803FF370CA3D800FBE5EF95F8EF34E0D3
:10F610000207D9F5FCBFF4060906003503ACDCE7A8
:10F62000061AEAC9EF10D7FB02E9E2B902DDB50418
:10F63000E2281CC3D59FB6030805029BFEB0D4ED9B
:10F640001C22EA34FADD1304FEFCF647095EE6F8F4
:10F65000F51C0943DA1E24F8E011FD3ADB99C4EAEF
:10F66000200DD9B4FB67B214E4232641F44AEEEE30
:10F670001E1AE5A3F7EA0BF1F61B0B4ED9F2F807B9
:10F6800001EEFEA306433C05EA1B13E3DA2739002B
:10F6900010F8FFA107F6BEEF240AD499FD9DF3EE02
:10F6A0002723E33CF993F816E31833F7E3C22AE77C
:10F6B0002911D430F7421DF70CF3D80A02C8D10E35
:10F6C000DA1A2908F265F7FEEA19F63BDE1CC4EEE9
:10F6D0000F27E7E3FA40180804131831026FACF261
:10F6E00017FDCE0303A0DAE71725F134F90612F966
:10F6F00000EAEBA208F040EC0621F027EC60CC0712
:10F700000500F3350A49B9F706E1DFAAFF4EE1DD4E
:10F71000F90EE8F4FC47CFFE0CFC0A9703B6D0EBD9
:10F72000FB1B01ADEE3C43FC01ECE0D10538B9F721
:10F73000EB281BB6E6D5E109FCF900B5F9C5F4E8FC
:10F740001B21E60EF6EEB800FDEBEDC001CDD8E6CC
:10F75000FB1DFB34DEF5ABF0EF0AF3E8E3BAEFECA8
:10F760001B09DF97FF19BB12E4192610EED4BBE189
:10F770001C23D6D4FB9B15E1FD16F8AFD635D1027C
:10F780000CF6ECB600303AEEF1261636E3C524014D
:10F790000FF9FC40FD5AE0EC2408D331F25B04E49D
:10F7A0002119D103009AB616DC2328BCEDE703E447
:10F7B0002212D1A9F56331F211F2E923F8280E08DB
:10F7C000DE1D2740ECCAA9E7FE1501C1CE18C1F124
:10F7D0001431ECE8FBED0E0F09190A2203BCA2F666
:10F7E00016F9E7E7F961D5EB0F2DF0A3F217D60074
:10F7F00008EAF0BB06E6CCEEF91EF42CF9C9380491
:10F8000002F6F5DEFEA1A80109EFEB0702CE0CE23D
:10F81000EC0AF006EF3B1CFD0F0CF6450A0200F265
:10F82000C7DE3800A820F705F3FE55053CCC10EAEA
:10F83000EDEC1AFEB102DFFE07FD9D01E5F303EEDC
:10F84000E4E5A3FE018CF9020B001EFE87B0FCE389
:10F850000CFB28FD492EE2E9F21C92FC4AC70A0281
:10F86000F8FB1BFFD5E803FBEE05BD0B13E3FBEE36
:10F87000DCE7F1FA2D29F3EBF907E8FB2A97EA0612
:10F8800001FF0C042B050DE2F8EFF4FBB7FFD608DF
:10F89000FD0AD301F0050DF801EF9201A71605F25C
:10F8A000F3EB05F8FAA3F1F2DBF726044AACF6F81D
:10F8B000F7E7FAFF65CEFA0701F8FDFFAFA90801E7
:10F8C000E20D360B20430AEBFE0632FFC644F1F789
:10F8D000D7DBF3F93709FE001207120297D50702AA
:10F8E000F5FBF4FBE1E107F7D6DB34F84684F407D7
:10F8F000FFFF120489EA03F2CCD424FA41A6F9FFEF
:10F900000BFD3400C9E5FD01F604D005B43609024B
:10F91000ACDFFE04D3FAF5090D099409E7020BF8F0
:10F92000D0D8F2FB6590F10604024DFFC4BA09F18C
:10F93000DBFBE1058B5AEF0110FCE1011A1400F02A
:10F94000E6E7C8F7BD88F8060E03BDFC1E1FFFF0F2
:10F95000F1FFA701F21CF0F0CF2713FEE98B14FE94
:10F960000EEB0EF7E023FF05DC0D470F22D010F160
:10F97000E5E31AF86CB1F0E8F308D4FD50EEF502B7
:10F980000807CF0065A80BE8DAFA10FDEF9AEE0041
:10F9900001F6E2FD5CC2FEF9F9EDA0F830EFF9F2F4
:10F9A000F1E3ABFB6F06EFF8E00D5006074A07FDE9
:10F9B000F6EE33F7EA2CF8FB02FE3F01FD55FB049F
:10F9C000D405C70A63410CECE20BC5FEA8D206F8C9
:10F9D000E1DA9BFF06A8F70A130F9006E8970AF8EA
:10F9E00001FA20FCEFF0F9F6D6DB3AF949EAEEFF2E
:10F9F000010254FBEB43FEF9E5D6D5FCA907FA0456
:10FA000006F7B9FC46B5000205FDB3020418060A64
:10FA1000BDD63B046CFBEE040A059700BBDC0DFB76
:10FA2000D6E332FD4E07F1010100F3FE431604F068
:10FA3000D501DF00B71FEE030501E4FE3A2006F60C
:10FA4000F8E5F2FF91B6F8060203C4FCD54908EDCB
:10FA5000E80C3305A83DF9E4E121CA00F90411FDE1
:10FA600004F3CDFAC825FE00E104EB106E9D0DF9FC
:10FA7000F3EDB3F82736F4F1F10DC5FFB404F80047
:10FA80000EF7520112EE05EFE7F9B6048B97F0007E
:10FA90000CFC0D002DB600FFFCFB55F7713AF6F497
:10FAA00001ED38F9FE4CFAFED702570DA2BC04FF57
:10FAB0000EFAA9F92037FA010EFC53FB68EB06FE9B
:10FAC000D607B70BB30712EAF111280137C303F8C1
:10FAD000F5E842FF164CF50A140B9D04CB290B01E7
:10FAE00003F8F5FEB05401F3E3E49DFC4A02F3FC95
:10FAF00007FEB6FFFFC305FAE8E442FBC0C0F80703
:10FB00000A06D203BC290600FC04F4FDF4C3070373
:10FB1000CFD92AFD1F9DEE0507024302A9B905F6BC
:10FB2000DEEC120160C0F7FF0E05B9FBBBFB0AF566
:10FB3000E0F92F07ABC0F4FD060515FCBDD20CFCA7
:10FB4000F8ECCFFFE5F8FFFF04FA55FF0BD404F102
:10FB5000F5022F05D952F0E1DA15A3FBC4B30FFB70
:10FB600003F4C8FABEBE0206EE01200E2E250AFBE3
:10FB7000F7E90CFE9898F6EAF40444075ADCFD0114
:10FB80000E069BFE472D0AEBF5EF8504A528F1062E
:10FB900005070B031BBF00FD07F11DFC5EA802FA61
:10FBA00005F290FB5DF1F6F7D5060C0A8F3604FBE3
:10FBB0000DF6D802388DF60103F91EFA1A3C060636
:10FBC000D5FDDB0FEFBD0BF1FD0C9B065D66FBF970
:10FBD000EDF14EFD63CAFB051C03DB0303610CF969
:10FBE0000BFF9DFEE4D701F3F8E4BCFD61D4F505FD
:10FBF000FF0202FE229409F6F2EBE9000985F906FC
:10FC00000B0817FCE527010202039FFBF24D07FEDC
:10FC1000E0E29AFDA2CAEFFF0E04C0FED2F205E1B7
:10FC20002FF6B905010DFC241827E2DE06F6089C24
:10FC3000E121F612FA0AFDC9FDCAFAF803FC000F29
:10FC400018D5CDF90411FBE4F40E00ECFCF7029892
:10FC5000C83BF703F8F700EAA7A4F8EDFBEDFC3684
:10FC6000FD41E6EB08FCFDFAF9DEF5FC02F304B514
:10FC7000129DD7F5FB1301A3B88701FDFCF6FBBE6F
:10FC800021E3F8E709FB07E7D517E50EF9FEFBBE10
:10FC900025B0F9F100F9061C02A3EBE4000502DF30
:10FCA00006A3CEF9FF14FA11F744E20FFEF6061987
:10FCB000F8D7DFEEFF0402EE0BC5F1E509F904D435
:10FCC000042EF1020BF10A9FB690F3F8FEF9FCF94D
:10FCD00017CDD3FA030D02F5264D19EF0607FFDD08
:10FCE000F7ACE5E608F603DA198DCF06FD0EF9E369
:10FCF0001050EDE20AF203CC23E4BB06050D01EC43
:10FD0000FC22FEEF04F8FD3209F6F6E706F7020DD5
:10FD100017E5BBFF0EF503272DE7FFE908F702B64D
:10FD200022C1BD070409FDB404AEF0EA08FA041DBF
:10FD3000EB41FD0EFB0600ACFD4B04F304F2FAC7E9
:10FD40000C88D1F70107FFD0FAD0EEF5FDEEFDBB30
:10FD5000E69CF601070002EFBB2AF6F4FCEF00D7A1
:10FD6000F545E3E9FF02F8F109D204000BF40EF0C7
:10FD70000647DCFDFA13FF05D0DC08F805F9042A74
:10FD80000D94EEF102F20122F41AF208FF0401BC14
:10FD9000163DFCF1FE0000EDFECAE2F30202F8326D
:10FDA000FA50D2FEFA0FFEE508C9E90504F905BCD0
:10FDB000F222DCF90009FC2FF4ADF4EFFCF6FC0BA9
:10FDC00026FDFBFB0EF009FFC9D8F7FA03F101BAD3
:10FDD0001348DDFD0212FC011F030CEB09FC072098
:10FDE000F89BF3E800F7FDFE1745CF04010FFF2E47
:10FDF000FEE7EAE4FDF5032816B0C7030401FDFFA2
:10FE0000FB4FEEF1FBEE022BFE00ECEA00F0040CDF
:10FE10001FE8D3010CF503EF25C207E6010303F247
:10FE20000EADCB01090A032DF13DF9E602EDFAFF13
:10FE3000099E090AFC02002001CF08F1FEF805CD59
:10FE40000648EFFC000803BFF6A701E500F7FDF147
:10FE5000EE9C17FA060505F8C4B60DFB00E903F998
:10FE6000F1E6EDF4FDF800FA16340AFB0EEF0FB5DB
:10FE70000728ECF503070209E20F060100F9052542
:10FE8000034FEEE706F5FD0F013C140D010101B52E
:10FE90001199F1F502F5FDCFF4B8E7F3FDF3F7F0B2
:10FEA0000448E600FA08FEBB1846070207F6092ACE
:10FEB000F3E8E7F902FF0023F1C6EDE701EEFA9857
:10FEC0001DE3FB070BFD0DF4EA0607F203F2002029
:10FED000123ED8FA0807FCD8283A06E801FD00BE11
:10FEE000F34BFCEBFDF7F82C12F8D4FE030BFAB140
:10FEF00002EFEDED03F400CB12F8CF000A03012E60
:10FF00000124EDE508F3FFE0FAD0F0E8FEF0FD098A
:10FF10000007CD0B06F0052412C2F4F00100051C09
:10FF20000DBDD60A010401C3FA11F0EB06EDFFA0E6
:10FF300009CC2012000303F901B6FFF20301FE35DC
:10FF40000126E8FA0508012CF61DFCF1FEF1FCC4BF
:10FF500000181F0108FC059AD2CC22FC07F1FFFA19
:10FF6000F028FAE8FDEBFA1421DC02FC03FB0AB6E8
:10FF7000F902E7FC0801009CF9B715FB06FE062E06
:10FF8000098FF1EA04F4FBB00AB520060209022B3E
:10FF900007F201F505F1FDB6E23CEBEB00F5FA0ED8
:10FFA000FDC5FCFB010903F926FD0C0103FC0BD583
:10FFB000F323F7F206FC0024EDB1EFF301EEFD9020
:10FFC000311808FE08F90EC4F14F1F010B0004B1EF
:10FFD0000FB6F0F9080605B817910DEA01040123E0
:10FFE000DE8CEDEE01F3FCC90232F3FC010AFCB336
:10FFF000E821EBEC05EFFACC08ACE7050409FFC6F5
:02000004710188
:10000000F83D00F203F6FEF9F5C3FBF1FFED020047
:10001000F6B0DF0302F6FF1F081302F205F5050034
:10002000FEECE7CAFBB3EDF302140124FE029E00CE
:10003000EFE3F683098804EB03FF0B1005D40702F6
:1000400000F5EC1E012028F7030E09B9FEC7180AB7
:10005000F205F51B083FFFEEE1EA06D9F936EF039A
:10006000FE16FFFCFF1EA0FB00DE0ACD0A53BB10EC
:10007000F807F1C701A088F9ECFEF723034122F04D
:100080000303FC3B0101C204F7EEF6BD09E252ECAA
:100090000605084D00FA4201FA07F1D7FC56F5F9BA
:1000A000F602F9CBFE6A17FBF8D603D1090BCE0393
:1000B000F903F243FED29EFE000BF71FFA2F9006C3
:1000C00003DD05D50C974E03E9F5F9EE01DE04FBDF
:1000D000F8F6E9D3FDA21702061D10CE06DD0B0EC1
:1000E000FC0D03A2FD9592FAFEFBEAC10152A7FEA8
:1000F000F902FBC8FD093C03F7EDE524010410F902
:100100000603051803189B0001050455FA23FD0595
:10011000FEDEE03FF9A4A2F40014F8F20085BF0A65
:10012000F7F4E7C1031589F6FD040251036CE7FFFC
:10013000EDF4F3F80031B9EF0400099500CB280382
:10014000FA06F8B704BDBC0305FF0417FFE6F5097E
:10015000EC05F60D05C6ADE1E4F7FCCAFB5BADF9B5
:10016000040AFEB803F6C10402DF01340E2D490172
:10017000FAFEEED7FEA6BBF7EE14F69D025E04E093
:10018000050803BDFFCEF006F2FFEEAA019DA2E630
:10019000050F0714036F05FFFF11FEF203B00D04F6
:1001A0000109F0A3001046F5F5E4FC4306A70F0390
:1001B000FA11F53D039912F7FE11FD2C0324B9FD48
:1001C000FAE6EFC8033DDAFAE70EF6A7FCCBD4E86F
:1001D000F8F7FAF90285BBF9011D021C0B3A2C0A4B
:1001E0000413F8E9FDD9820401FCF894004F40FAA9
:1001F000FE06FB9BFC8BE7FEFCFDEFA102CDA8F702
:1002000003FCFDB704B6000BFD06FF8FFFB25706D7
:1002100000EEE5B3FEDEA0F40317019002B5C9FEBF
:10022000F9F4E7E3011CF2F6050A0409FC5A5D0142
:10023000F4FCE4C005F2B5E40008084003345701BB
:10024000FB04F702FFAFA1FCFE0709EAFEAEA10521
:10025000ED26E69401404AD8E40EFB40FABD10ECCE
:10026000FA16FBB302D2ACFDFCEDF69C082DB003F0
:100270000105FB43FCDC04F7E824F09AFF64E2E4A8
:100280000303091FFD62C109EB01F19F02DFADE22B
:1002900003050628FEC685FFFA0DF60AFB44AE02EA
:1002A000010CFD12FBD7FBFAF4EDF6E909D0CBFA0D
:1002B000FF15F7DF0058B5F50009F80DFB9855FF5D
:1002C000FFE6F3030B5C06FDE616F8DA01E390DDCA
:1002D000FDF8FBB5051ACCF605170CAF09D4E610EE
:1002E0000509F63BFD3937F9FC05ECB6FC6CEDFC75
:1002F0000010FFD5FBC3B802F3F7E711FFE8F2F7F0
:10030000070407E800CADC060312043BFE44960516
:10031000F8EBE6D5FAF399F10700FF38028AD2022A
:10032000FBFEEBDFF8309FFAFB1002E001C45E0237
:10033000F4F3F00301AA57EA0710FDF6FEFBEE0006
:10034000F60DF6BF00FCB8F3010BF636FD571105AC
:10035000EA1DF89F0689ABE0E002000900C747F5F7
:10036000001301C3FA103400FFEFF6090A640F040A
:10037000FD04FAD80064F8F9E81DF5930297FDDF53
:10038000040F07BD0008A904EC03F5BA01053BE71B
:10039000FC000A24FD2F8E0BFE0AF5D6FC282BF854
:1003A000FB14F9BF009DA9FDFFE6FDF106AB9C051E
:1003B000FD18F6C1F9A82BF30314051BFCA1F604E4
:1003C000FFDE06040817F40BE61EFA35FDE82BE6FF
:1003D000F905FA9802D9ADFA051105AF039DF30DA1
:1003E000FA0E034701AFC400F7FEEADCF9A80BF5EB
:1003F000FE0D0916FA274E01F4FFE498F917DBFC0D
:10040000040701E1FFE7DDFD060D091AFFF3E20134
:10041000F0F3DDCBF3AD41F0080C0D3C0332CF0D12
:1004200018FFCBE409010500DBFA45F8EDFDEE010C
:10043000E00CEF1D0D041206D00B50F6F706F1FD8F
:1004400021F73AEEFB00050319001FF9EBFAF3015F
:10045000C9F9A3180109050906DEB41FFA03F7015B
:1004600032DF2705F302F3FE9A27300B0207F60B63
:10047000CB052AF30005FE011DFF061D000600073F
:10048000FE08E4E9F004F5FF131736250B0B1108FD
:10049000FB0BD9FFEE01F9FDADDE01F4EB08F20034
:1004A000EE00CBFC00FF0AFD132C0D080B02010B24
:1004B000DEF605FDF3FEF5FC15E700F6EEFFF1FDB7
:1004C000E024300B010EF80C07F34C23FC08030862
:1004D000F11105F5FD010902A228FD05EB00FB0164
:1004E000FBE60B01EE00F5FCCC044CF701050B0616
:1004F00009E5A8F8E8FBF3F9F50110F0020D09038E
:10050000DBF79BF2F700F301CFEF96FEECFFF00074
:100510002FF432DD0607030101081700E804F3FC9D
:10052000BAFF43E3090804FF18E5F0F1EF05F3FE15
:10053000A720AE0A0D071704FC0E4C01F402F100CF
:10054000EC001B02FE08FF00D4060FFEF7FFF1FFD0
:10055000C3F3AD2805000C04D0DF1D260900F7FF0A
:10056000ADD81B09ED02F500FC2016FEFA0CFA07C7
:100570001AF348F302080003A5FBF61FFF0705FD69
:10058000D10190E9EB04F402BA11F5250B060F072F
:100590000DFCB9FBF8FCF90024DFEB09F305F8FBCF
:1005A000DDF03702F8FD0701E12C031309060E0404
:1005B00023E92CF9F906FA02EDE4ADF4F100EF02BB
:1005C000912201FFFD040701A6F2E635FD0A0B04A6
:1005D000D20DE6F6F90903FF071AB015E901FF0489
:1005E000F9E2D80AF1FFEC00B90058FFFE050A064F
:1005F00010F1DCF9F505F1FE33082CE800040505DF
:10060000D6FC9CFBF205ED00E7E4CCF5F5FBF1FC34
:10061000E0F5A6DF040006FB090EBCF1F3FDFBFCD0
:1006200012FBBCEE080011FD02E8C108EFFBF1FB74
:10063000D915F50B0A081001ED04E309F4FEFD03DA
:10064000BEF3B2F9FD0612FFFEFEAA07F8FEF301A3
:1006500099F69722070B1004DFE252260503FA02EF
:100660001FD8FC09F304F2FE941D4B06000300059D
:1006700029F017FEF8020F0421E9D13D03080B050C
:10068000190421F9EEFCF404ED0FF9250B01120415
:10069000B008D1F4EE05FAFFF5DED0F9F2FEFCFD6C
:1006A000D7EBB506FAFF05FB932DDFFE0B0B0B0C0A
:1006B00011ED920DFC03FFFF0BEE400BEC02EBFC87
:1006C000FA2FA10B000BFE0819E4D637080B010323
:1006D000B7FB0104FE070CFEB52AFF0AF1FF050275
:1006E00022E91B07F805F1FAACF498EDFC060CFDC5
:1006F000C5E424F4EBFEEBFB2FFCA1E4020409FAB1
:10070000EBFB91F2F0FFF7FF32F8B6F1ECFEEE02F0
:1007100035F6C7E309FF0CFEE013F706F007FB040C
:10072000F8F35AF60EFB0AF7F3F058F9F304F3FD69
:100730009A1793100B0A0E02EF0FC9FBF4FDFDFF91
:10074000B3F74C09FF0507F9C0FBC405F202F60137
:1007500006FC0229000D0D05C2E88F31030AFA03D9
:10076000ADD83207FA00F401CC22EEFDFE0B0608EC
:100770001BF79DFD01FD0F019FFEF63704100709D1
:10078000C201EDFEF8FCFCFCA2085328060C08048C
:10079000CE02BBFCF7FEFA0035D8310AFCFBF3FEB3
:1007A000BFF1BC14FE0008F7BC21D3FE0804020D03
:1007B000FEE1C7FFF8FB030000EA9902F9FBF2FB38
:1007C000B82EF7FDF90AFF0A1DF3912DFA0FFA056D
:1007D0000801900804010AFECA24AA16E6050505C8
:1007E000AEE6C5FCF604F0FED0F546FC0BFC1801A5
:1007F000F9ED58F5F802F6FC1305DDF30AFF0EFDDE
:10080000060C3209F4FBF6FDF9FAB203F405EC022A
:100810000EF190F809000CFB020CC7F9F003FBFE87
:1008200000F8F0E5E5FB0CD3F20112FEFF019AB4EB
:1008300003F3F9FE1B033BE2F6030BFA5208644490
:100840000BFE0EECF3FDF2AAFA0408FDB0FFAA9528
:1008500001F20509F807E80AECE6F81CC9031DDCFB
:100860000EFE0FF7B4FEB42DFEFDECFFF90CCAE14D
:100870000AF807F4FDFEA3BBFBED0D099B0853F539
:10088000ED0104FDD400B097FDF40200AD09229201
:10089000F30001FCA401C1F00A000AF9FC01B4F163
:1008A000F9F80DF8D300DA4DF301E20CC00BF91999
:1008B00004FC0EF0C6FBF3DDFB0109FBA3FFECD744
:1008C0000101E40C320D93040FF30609130747AB43
:1008D000ECFA0BFB17FB1C2EF60411054B04C09120
:1008E000140016F2EBFBFCD5F8FEF9F21DFFE9034C
:1008F000F60013FD0EFA3905FDFAF1EDDFFD4FF3B9
:10090000FF0104F92CFF2EFF0A040B05C5011B8C07
:10091000FEF1F5E362F20D0BF0FF0E07CA039BD266
:100920000BFEF7ECE7FC53B902020F019102CBCEAC
:10093000FFEDF509880AEFE6F50009022E03D7BCA2
:1009400004FFFFFEB3FEF788FA050B01E704092355
:1009500008EC07041E06384EE9F0EE173900AEF534
:10096000080510FA17FE01D8FCFDE70F430D70BE15
:100970000D0103F8EA009256FFED050DEA02DB884F
:10098000F1FD10FF1BFCE2AD06EEF205BB0311BA50
:10099000F6FE0E02EAFE15CDFF010DFBB6022DE8B4
:1009A000000102F7A9FE17D0FDF9D8134D0994B440
:1009B0000DFF06FFF4FC3698FF0703FDE6FDD5A505
:1009C000FEFFE10F1B0ECD8913EBF9133E073993A0
:1009D000F5FFF9F09B03F84F02061C04BD05C8D2D1
:1009E0000FFF06FDFAFF40BB0002F2F5430318A01B
:1009F00000020DFA08FE5F9FFEFDF9F4EBFFF627FB
:100A000006FF1203560597210301060291FC035DC0
:100A100005FAE0E29EFA6EB2ED060BFF18FF1B5BD3
:100A200009FCF6F1D6FEB948FD0403023C042C0093
:100A300002EAFAF993FEEDCFEA060AFEBE0522EAC3
:100A40000403FFF11604AD2F02061608B60429A50B
:100A50000EEA01041D01422ADAE2F41C02FD8C5464
:100A6000FE060805F102A03DFEFEF00AA10BBF4103
:100A7000060207FC0C05B5AC00ECFE07AFFCC78214
:100A8000E20301FAAB052C3400E8F605AF01E99862
:100A9000E4FF04001C040E5500010902C1FF658239
:100AA000FC030EF1F204EBC6FEF3DE08A20467C3FA
:100AB0000BFF10FAA202FD52FE070308EB043DA94A
:100AC00001FEE10DDC0194ED09E9FB11420036491C
:100AD000E808FA00410241EB00080E0B0908CAE2DF
:100AE0000F0103FCA5032C020205FAFB900065F739
:100AF000FD011401C70121D10305F7F2A6FED516A9
:100B0000FD0D05052D0ADEFD08080E063D05A1B008
:100B100001FBEBE749F81120EBFF04F99206BCD387
:100B2000060000E7ED013F8DFD051400020546C8F3
:100B300007E3E9FF23FDB931F1050C070F02A0F629
:100B400002070CF240013983FF0219FB9007BA90AB
:100B500007E8F80105F84FD1E0E2EE241AF7C25A8F
:100B6000FE030BF8E903DD0200F7EF09B303663378
:100B70000A0505F7CF02A558FFEBFA05C3FC995CFF
:100B8000E30503012600639406E5F6FDD0F532DCAB
:100B9000E40608FDE30909E2FF0B13F7F3036C2AEF
:100BA000FBFF08FE09FEFE94FAF4E6073F0195C438
:100BB0000E0318FDDF005314FF0A0EFB41073543F7
:100BC000FEF7DC09520038930FEDEF169CFBCDC108
:100BD000E906FCF40A042A8D040A1B054609E142D1
:100BE0000F0411041405928303FF0CFF5700C4D3B4
:100BF00000080C08B904C3B707FA00F5E703BC4EB8
:100C0000FB021EFD36050AD8090505023404AD1B9A
:100C100007FAEADA00F9A3B1E70602FEC704B3F166
:100C20000A0801A3010DF90CF62CEEBA08F4FDF444
:100C3000FDDC10001D0B0F040CAC151AF6FC02FFB6
:100C400000B70149FE000207FE130EA500F7FFFEE4
:100C500000B9049F27F411000A17E39B11FA10E46E
:100C60000AE2F600FAFF06F4FBD43125F9F910FA8E
:100C70000A07FE8B0207050FFEC9F85915F713F294
:100C80000A12F9BC05F0FFF9FF1C0DAF2007110592
:100C90000BB7024A05FB02F603ECE1D30E02FDFBA3
:100CA000FE22FD110C01FB0A019F2C3603FF1202EC
:100CB0000EB0F4A20AFAFEFCFB1CF79503F2FCED61
:100CC00001FA2696FAED0CFA10F7EF2917F311F74F
:100CD0000ABEFC3AFA03FE0B03E521B604E502FF67
:100CE0000120F4CB0C0106F3FC340827060D050A9D
:100CF000021DFCB9F9F9FCF100FF12FEFF070A1111
:100D0000FE1906E0EBF802FAFF17F2BE07FBFEF051
:100D10000043FAE6FB15FD0DF3E713FAF4F201F5D3
:100D20000321071CFB0F0205FE29F117F5F000F760
:100D300002EA1821FC050F0604E81657F1FB08EE3D
:100D400005AB0F9CF5FF010404C81050EFF305EF4D
:100D500003A0FFFC05F514F7090AE34703FB12E3C0
:100D600009B6E6F9FE03FFF4FFB92614FEEC07F915
:100D70000BD7FC2AF703010CFFB600DE18000AFBB4
:100D800007B408ABF6FAFCFDFCF90B4606FF0A02B5
:100D900007F20CACF9F7FFFF01D3E73B02F908F2C9
:100DA000FC0B03FAF60CFD0E02E323A9EFEF0E0095
:100DB0000CF5F786F900FFFFFC08E9C3F2FC05F526
:100DC00000FF27EAE6ED0CF707C8F1AC01F411F9D2
:100DD0000CE7033201020906018F21F80DEF010132
:100DE00006C3E74BF3F603ECFEB90615F40D040950
:100DF000FE0D00B8F0F2FCEB03C419D6E5020409BD
:100E000006B51433EEF902ED0701EFE3EDF6FCF35E
:100E10000145FE49E30D0304FDC805DA00F304FCB7
:100E2000FCF606C3EE0E030802C907E2F2F30AE875
:100E300001D013A3F20B0406010410F910EC0DF716
:100E40000810FCB30C08090803270BDB02F410F4AC
:100E50000AF1FE470405020305C7DE3706F60DEE6C
:100E600004EAF687FFF90FE806B521E7E8F002FA91
:100E70000A1E04C80A03030AFFFCE6260CFC07FA54
:100E80000323104E02F407F1FD180FD606050309DF
:100E9000022E14AEFDF109F80404EEA8FAFB07EFE8
:100EA000061308F60300FF03050B1855F7FB0806A9
:100EB00006C9FA4C070009F40533F047FBF60DE8C4
:100EC00009E1238CE6F705FA04CEF32B02030DF9B2
:100ED00005BF09B9F600030AFFC524481AEB09FA51
:100EE00004DAF711F6FD0BEB01E30FB5040D040472
:100EF00004CAFA0AF8FB00E707031319F604060B05
:100F000004D618BEFCF208EE06ACFDB4FCF807EA05
:100F100001D5080DE30BFD02F9B50F12FEF407F23F
:100F2000000F0E1CF00D010703ADFF3102EC09E7C5
:100F300008F510FBE60AF80E01C31252FAF30BF3A0
:100F400006DCFC09F6070D0700DD0F0403F90AF9BA
:100F500005D8F48A03070006FE05D73002000BE22D
:100F600001B8FDB809FC0FEF03002545EFFCFEFBBF
:100F700003EFFDCEF7010B060509EE36080107F178
:100F800002AC142A01F40AED09B301C2EC0CFD0510
:100F9000FF1810EF01F508F40615EF0B0A0108F031
:100FA00009B4FA3D0309040604C61A2AF002030430
:100FB00005040097FEFE06F9002AF38DF5FD0EE507
:100FC00007F8298CF0FD02FF01E5E320FFFF0BEF9E
:100FD000050B0254F1020A0305D122AA13EC09FE03
:100FE00003ACF613FDF80EED05FD08F0FD0A0A113D
:100FF000052DFD2806F205F10B2C11BCEA0D090F99
:1010000005B30BE400EF08F509E40C08F8F40BEF66
:101010000619F598E11BFA06FBCC0DFB00F600F271
:101020000400FFFFF336FD0B20F5050B09410336E5
:10103000D500EBEA07A3FC34D0F3050AFC340242E6
:101040005906FE0EF5BF0120E9F8041706190249FA
:10105000CC0ADEF30702F6280DCEDCF222A1F1C1A4
:10106000E9ED061800250307AAFFF1EC0BC4FCA26A
:10107000D1070717FE5301375AF9E2F305CFF1996B
:101080001CD10417025509D3940BE4F80449F26308
:101090003EEB0103FBB802A2C3000A1DF64C046636
:1010A000D5FC0016F543FC1487FBF2DA0837FEAFD7
:1010B000A7100324F64EFF00C30003140442FF955B
:1010C0000400F8DD0D0DFDA3E405E5FD09F6F59C32
:1010D000C5DC0608F21AFED1310405100C1C0467A9
:1010E0001607071D01A2049759F90302FD050148DF
:1010F00094F9071B0411FFBC84FE0306F8C3022306
:10110000A00407140A0008CC9C010B1D004701280D
:101110003AFEEDFAD1B5F5C4D8E20A06004C0986CC
:101120005B05FF0AF0E6FE1243FC0C1805DD050E18
:10113000BC06DEF3F806F2FEBEE90A0805A907C6FA
:101140000909001CFD51FF0C5403061E059A07DE19
:101150002A11D8FCF813EC0FEFCEDDF91E0BE9B71E
:1011600016E20718FE39035E4302F2E702B501D02A
:10117000B10A0613FF9F034AAE05D4FC0243ECA15B
:1011800036C602110922012CB90AE1EDF60AEB205C
:101190003AE6030607C70858C30B001D05BEFE53F9
:1011A000DCFD031FF4DC025D03F7EAD9068CF9F1DC
:1011B000FB01021EFC56020DD8F7081C053F035D1B
:1011C000B302F4D7FBF4FCDF0301DAFA0DB4EB341D
:1011D00041D30710F22B04F40903021004BF0927BE
:1011E000951303150A23065CAC020214F7D8FC70B1
:1011F00014030920FFA604A448FEF713EFB8FFB3B9
:1012000059FF051511C408A1E20D031C06E20531C2
:101210003C03F202D13BEE5A3DF00106FB4F06467D
:101220004A0BF80CF2CEFD11E50307240ED5094850
:10123000D70ADEE1F60CEE84F7EB0E08089F0B29C7
:10124000970C051803A505D350010E0B00FE0CB139
:101250002206D5FAF31EE8A643CDDEE912E4E5C185
:10126000A3E60C2A0CA806D14503F0E4FD2DFA6C88
:10127000FB06031AFC3B03CA5D05DFF206E5EB98AB
:10128000D4C60C190D04066B0207DFE5F9D6ECFB9A
:10129000C0E00714023308CFEF0A032C00E108E591
:1012A00083FD0527F6D4036697FEEAD4FEACEF056E
:1012B00008010023069B0171BBFE0D23091F0A973D
:1012C000EF04ECD1FCB4F5FC2F01D7F20E25EA5C5B
:1012D0002EC80821FAF504A1DDFC08150B0D04EB5E
:1012E0002C07061C07FF06EDB707FE18FDA402D168
:1012F00099020A1507420607440DF90EF295FD956D
:10130000B4FF060B04B907EBC60604230B1004EE6A
:10131000DD05ED06D8D4F1A496EC0715080D0A39C1
:10132000850BF709ED48F7FBAAF808180F250BA065
:101330008A04E2E3F8AEECA98EEB0C0D07F90CB2CF
:101340009D06051EFC9006E1C3FD0811020C0A0073
:101350005104DBFE0087E5EAB3D0DBDE2292E7A48E
:10136000C1DC07230CD803994104EDE4FD26F90103
:1013700092FB011A00EA023E4DFED8EFFD2CE6DF9B
:101380005AC90610069507581A05E0DCF3E8E85C30
:1013900030E9061805F80BFE9C010422FE0E03CA74
:1013A00096FF0121FCC905424C02EACC002EF462F2
:1013B0003705031C05DC06E217FA0B1401F50BC018
:1013C0003604EBDCF930FB4344FFDDE60CAEE3A56D
:1013D0001FC9FE1FF79A01E29D00081D0EC80B23CE
:1013E0002B0A0E200FD508B62FFD030FF7D3FE22D0
:1013F0004C050E140A2D084DAD0CF80BF423FEEF2E
:101400000603041301E80C86880A07190EF905F78C
:10141000230AEDFBDE5DEE19A1EF090E08E2086676
:10142000EE0E16FE1FE0150016FE10F718FEEE0673
:10143000E808030816E20EFC0BFB34104814FD0EFE
:10144000F20128FDEA0102091306B1FED411F60CDF
:10145000F504AAFC4EEF09FC0300B9E223F3F703FD
:10146000EA02D7F2BCFBF807F006C82A3CEDF9FD0A
:10147000F8FE0809C1F506090507D5F5DBF90701EE
:10148000F6FC040D1500F405F80AA301ADEA090104
:1014900005FDF80F24FCF208F4060EF64DFFFF08D8
:1014A000F10515F43601080510FFB0260BE2FF0028
:1014B000050301E8C803050AF8022EF88903F904B8
:1014C000F207FE19ACDBFB03FAFDD0DEC9FB070215
:1014D000F4FC1712A90100070D0413252B09F105CF
:1014E000FF0601F7F3F9F907F208D60940FA0B04F1
:1014F0001302C5FC33F9FA0DEF092201FCEB0507D5
:101500000D02F212B31AFA07EE061104B108F70D34
:10151000ED0219F0ABF71CF818F40311D003F8042E
:10152000F005BC0E50F40BFC1801F4024F15F9063F
:10153000ED0BDF17F1C7FFF80CF7C513150EF40715
:10154000F709AD09EAFF08020DFD2C171820F50D6B
:10155000E70CC9F52DD9FEFEFEF4FDDCDBD9F30660
:10156000E800DEED230AFB06F001FF17DBD4EC01F7
:1015700003FE1502C2F80B071401FCE9E8DF0101C4
:10158000FDFBB00E5002F508F905D205B9C907F9FF
:101590000CF5CD123206F401F10831E5AA06040D6E
:1015A000FA012B014A000B0411FFE52A96C8EDFB56
:1015B00008FB16EE0F15090D0606DFF28B13FE0B66
:1015C000EC04951AB0B9E6F702FFDFDF12DB010386
:1015D000F6F7250DC7FF09051601CE270212ED0803
:1015E000010805F5D41A0009EF0AC90DD70206074C
:1015F00014020FF3AB0DF70BF3020A14C5EA120243
:101600001DFC010C930DFA15F40AD2F52D0DF3090A
:10161000F0070FF7ADE017F717F4060F47F7FA0AD0
:10162000F805170D34F313FC1EFC14064420FC0BC4
:10163000ED09A30410B505F403F9330A4617F80CB5
:10164000FF081F0AF717090917FFE9094D13FA13D5
:10165000EA0E09F999CEF8FDF9F2E2D8D4C8EE0005
:10166000DF02BEEB53200112EF0BD31EC5C7F1F210
:10167000FCFD3702361003071406DCEFCFC3FE0073
:10168000F6FC2F04AB0DFE11F608D707A8C705F529
:1016900000F802178F08FA04F109D7ED0B150610B0
:1016A000FC02BF04E20E080706FE0D203EB5F6FA66
:1016B00004F7E2F903200106030807F7AE0D030D56
:1016C000EB099E1D49AFF3FBF8FCB0E60FC3F6FB38
:1016D000EEF7C3FFE801020D12068E17E80CF104C5
:1016E000FF03BBFEEE120511F009E709E10E13003E
:1016F00011FDAFF40217FF11F105BA12ED0412004B
:101700001104FD129718FB13F70ECDFDB30DF70A68
:10171000E906CAECA0E422EF1DF0061BE808F60D6E
:10172000FC043602B0F01E011DFFDE02210FFB108B
:10173000F107ED1807BE05F805F1B41118FAF30B1F
:10174000000D3203AC020B05080833020BFDF90A49
:10175000EE101EF6CFBE03FFF5F8C3EAA4BEFD05EA
:10176000CBFDDEF6A40FFC09F208B02233C1E8F588
:10177000F4F8E00208150D090608B8F218BF0200D7
:10178000E7FBD2069D05FC11EB0CB00A4FBA11F92C
:10179000FEF61B16C707FB0EF205F7F53416060911
:1017A000F607D7FE53150D051001D42820B7F0FA1F
:1017B000FDF7F9F6CF09090E020211F4F81B020930
:1017C000F605D02BC9B9EAF6F7F9D3F62ED204FF05
:1017D000E9FD25132C09070B100AA2270416ED01B9
:1017E000FA05DCF4B00D0509F2060E08C2030D017E
:1017F0001000FC044816F809E808D717C7F21A05C4
:101800001A06300AA108F50EF40AFD0A8C1DF70B22
:10181000EA0AEAF4A6E92AF11AEFFA1BA11BFC096D
:10182000F50B00FBF8F69AFA5C41FD0B1910440821
:10183000C8410DE2DAF3E3E64849F00A1603E50A87
:10184000A7A708080DFFFC059DA50005190D480870
:10185000F25904E2FBF437E8D140CADCE015C5E8F0
:101860002E93DA04170DD305B535FBECE2F8C4F579
:10187000981B02001C020A0636DBFBDCF402A7E11F
:1018800008F5CD081D020905C19E05E5D8EDA4EABD
:10189000A1BCDD030B00CF0AE3A4040C290036052C
:1018A000AC9B030214FFF601184AFEECCEF51CF3C4
:1018B000A4C90B081CFE1A06B1D7F7052609550462
:1018C000358E01EED6F815F5EEE90CE0E6079FE55A
:1018D000E3B5C6080DF8A5FEDB1805031B10B90714
:1018E000009B120E1B091D084B4E040604FD2CFE26
:1018F000FA5B060418063F06561B04FEF5F4C40006
:1019000015C7FF080906A1098B3D050F2302E3084F
:10191000F0DF09E7F0D3A4F1E859E90A1002E40A7C
:1019200030880EF9F0EA5300B95CFF0F14120F0B68
:101930001CB608E3DCE58DE90589F5081706F5080E
:1019400067A50A0A0502A307BE3600080D1421097F
:101950009A850CE4EAE81AE8A1F8DAE1EB1BA2E8C0
:10196000440ACC081111480BD299FCF2DFFBE5F6D2
:101970000E24FC0C1504BB08D6BB05EAEEF5DCE82A
:101980009E89C9031506E109D6B70CE4DFEBF9EA35
:10199000328EEB02120A2E0B1295010F1E0AC90598
:1019A0003152FE0F0B043807A59900EFC8FCBCF7B5
:1019B000F356040E180BC303CC99050D100F3A0D06
:1019C000DE5901F5CBFAABF9E74D06E3E10013E68A
:1019D00091F5C8070EFC2004D8FA0608160AF1088B
:1019E00019AB0A0A19124F09F58905040104C70841
:1019F000B727FD0B1112B60896900BFDFCFEDD0516
:101A0000219803081908C90BA4E204061C0AE2097C
:101A1000883D0BEEDDDD21F325B1E60612FF530311
:101A200097EF08FAE8F7B9FFA7F6050A1217D90ADF
:101A3000409605E6D3E83AF08C49F3031602050A0E
:101A4000F9EA010F0E00E9062A4703061E090D0CEC
:101A5000E32D07EDE6E246EA1842DBE2D705E3ECC8
:101A60001C90D506240BED0CC01E02F2D4EA2CF912
:101A70006F4F050A1808FA0919BF00EEE6DF9EEE5F
:101A800030C0D2060D0D290E99DC02EBD6E047E7F7
:101A90003FC0F3081303FA07A72107071D10F90534
:101AA00058B8FE091706B907A9ECFEF0C1EA4BF4D5
:101AB000BA020A101D04D70B1040FC051915000AC4
:101AC0002715FFEFD1E8F8F633B8FDE4DFEBB9E610
:101AD000A903D1100B0B500B38BF0B07200B8B0B3E
:101AE000929208061B0D9C09F10505080902EE0AF1
:101AF000AAEA03091B0B160A553E03FEF7FA4E0726
:101B0000A995090D1707BF0C89B40105180E3D0DE5
:101B1000B9B708EBDDDFFFED0326E30A0DFFCA0DC1
:101B2000CD4F07FEF2F8A4025BCC05051E17E70FA8
:101B3000B2AC06ECD3DB3BF0205EFE041210BA0A16
:101B40008995080A100F390AA5D50804120FB309A0
:101B5000E9A209F8DED6CBF21AC5E1E3E5FB33EDE5
:101B60005F36D907110ABD0B4DE602F1E1E593F1AD
:101B700021A2FF10120E3908D79D08F0D7E49AF180
:101B8000F1BFE90A17093A0CB8FD0AF5DBD58CF06C
:101B90002847F402120EEC083334090B2107220DFA
:101BA0001421090F1305B90AAB3400F2CDE21CF081
:101BB0001FA70A0B1C0C400BF2DDFE0F2117C40FF0
:101BC000D09C0AEDD2E50CF7B5E604F0E4EFAFEBFC
:101BD00045EAE2130A063E05A0AF0A051A0B030701
:101BE000E28E130A0E0A0608050BFF0DFC0A460CCE
:101BF00010A804081E10E90B1C2E0402F8FBAD020D
:101C0000DEC5060B1810E007A6F5FF0C170DD90D61
:101C1000275B05F1E7E30AF746DBEC0D0D079805B6
:101C2000945D0DFC139FFA1C0017FCB5FE5E18FEB8
:101C300013EF0CB21ADCA909F700F60B0A2617FEFF
:101C400004FE0C1AFCF312070816061D0A2222FED7
:101C50000AEC0AF6041CB308F9F5F3D6DFAAC4FFB0
:101C600003CCFCB5FEB91F0106F2051D1E35BEE80A
:101C7000FBF5FA2307F704110A13019EEE1DC508B0
:101C8000FCEFF4D9170205F50DF106B60CA7BC055B
:101C9000F702F1DB0CC113010DFA0B31FFD3100376
:101CA0000FF508F0F7C10D08041203E12527A5F58B
:101CB000F3FCF916FA97090C0A0405C5F98D16020A
:101CC00010F10EF021FBA8EFFCF2FCACEA8DBD0197
:101CD00002E4F8CF0A8A0C0E060D06D217AE09EF01
:101CE000080308D9F6DF16020DF80CFE0ACE0A0A20
:101CF000030D00F30BAB1C0210EB0FBA18D1F51754
:101D0000011807C90D0220F80EF80B0005890CF622
:101D10000AEE0EC9F623EE2DF01DF2040E4300F874
:101D20000E0205AC0A18F31A0017FEF4FE4E1EFC54
:101D30000AEA0FB80F189EFBF4FCF8B814061AFF55
:101D40000AF408210C15070A07030A250E212701AA
:101D500015EC121007C2AE02FCF5FAAEE336BD0177
:101D600001D3FC1203CF210D0DEE05D725A7A5E960
:101D7000F501FBBF07F4000809070BA5F4D9A90179
:101D8000FDF1FCDC019713020BF40ECF1ABFA5FB8B
:101D9000F600FBBA08C909FC0CF408D2F352140E81
:101DA00011F30822F823150E0E0D06F11EF09BEA22
:101DB000F3F9FE2FF2B10F0408FB08FDF9CB170071
:101DC0000BF1080932B8A3E0FDFBF912F593AB0261
:101DD00005ECF6DE0315141407080AFE18C30AEE14
:101DE00005FA0ABFF3C025000BEA052311F3051815
:101DF00007120ADBFF2514000BEC09F6183D041A44
:101E0000090801BA0C4222FC0BF50FCD079C1CFF00
:101E10000FEC0E27F6E5F330F20FEE0F132C04F65D
:101E20000902072B0CA2FB1B0802012006DE30FE74
:101E30000DE412E71B3FA7FAEE09F0D40F1E1BFDBD
:101E40000BF40509F74907110E01082C0AE728FAD7
:101E50000EF411D20A9CA7FEFAFDF523E7F9C1FEA4
:101E600005DB00D7008B240B14EA10A7270FB0ED79
:101E7000F7FAF8F70110111012F809BEF7A1AAFE3F
:101E8000FFEDFBE0089A29F80EEB0CD40EAB9C0595
:101E9000F607F1021B0A1EFB0BF60DF3F9AA23014C
:101EA0000DF30F17FFDC140D0AF506F52B87A2ECD6
:101EB000F1FBF9FCF153160E0DEF0BC2F7A731FF42
:101EC0000FE308DC25A7ACF1F004F3C3FD8CADF8FB
:101ED00001F2FEB2FDD0030711FF09EF25A81FEAAA
:101EE00009FB04C3F258290C0EEC0B27FDBDFC0FB7
:101EF0000B010C1C0B452D0112E309D0041A091A21
:101F000009030400115725F412EA080E0100260403
:101F100013E30BEEE18EE32DF609EEF814DD11F874
:101F20000DFA03FCF452FC23040004040CC624FE46
:101F30000DE90DB2041A9BF3F503F4C014BF1A06A1
:101F400004F4061C01CD080812FB0A0C0A522AFBF5
:101F500013EC0EBE01B0A5F2F4F9F5AEE915C8FF19
:101F6000FFE00130FE1A290311E20AF51641B6E33B
:101F7000F507F8B9F3E3090710F0089CFCD1AAEFC4
:101F8000F7F8F6130B2723F613F50DC30655A3EC4C
:101F9000EF00F5E8030016FA06FD0D1408451B08CE
:101FA0000DF0110AF8FF1B0F14F40C02134BAFE9EC
:101FB000EC03F737FCE21C090FF00B22F3422EFD75
:101FC00010E8109A1DB8A4DDF50AF6A6F4DEC0F3F9
:101FD000FFF6F5C1F7FF0B0811F80DD923ED23EB40
:101FE00005F8061DF9BB30070FED0FE1FF1D1611B7
:101FF0000BF60AEE063626010FE611FAF2AD0019CD
:1020000010FB0AEE0ACD2C0208F10C03FFB42804E1
:1020100012E70B0ED9B3F529F905F8EF110E13FCF1
:1020200009F7080005EC05B905EB0702071414FCD5
:10203000080A3C0DFBE4D904F0898703051406184F
:1020400006124B0A1613FDAC07E70B0A080A09B97A
:1020500009C7C80003D8D838F49395EFECD8FAFC38
:10206000F6252AD104150F5108003F03F1DBEFFFDD
:10207000F3FEBC00130D021C08DD1AFF01EBE5E6C0
:10208000F2B4D2E90A1010290759200DFFDBD7332B
:10209000F83054FB090D0DFA0CBECF090E160BC714
:1020A0000DDE88090F1908A20D5E5D05F5E4E23426
:1020B000F6E024040D0D06F908E085FC041816E589
:1020C000083C0AFEF1E7EDD8F55BCAFEFCE4E3C08C
:1020D000F1B49CEB0A08FF9C06ADD2080B1C0C1552
:1020E0000ABFE80E0B110E1F07A6F9040C0C07B06F
:1020F000073FD30A0B0D19940D04EE090003069057
:102100000634DC00071300CF0F58C902091813A0CA
:102110000EF71507F6E2E342F2AB08EC04110E935A
:102120000A88090FF802F8A203481E050A150DE2F5
:1021300008111D08FFE1DDDBF81D58FE0408081F2B
:102140000AEB98020E1104470998B70507120741D8
:1021500009650C08FFDDDD10FA8E5EF8E7DA02F2A1
:10216000FBD793D90D150B06094BDE05F6E9E9936C
:10217000FC9C42090B16FF150AE6AA0700EBE5CC0A
:10218000FBCF41F20A1205410703D80404EBD9A999
:10219000F6FAA20401160EAD09DA48FF091504C2C9
:1021A0000C64D2061013091506C05B05F2E7F1D0E6
:1021B000F4D53503081C031B089057050814042C9C
:1021C000099145FEF7E2F129F717F6FEFFDFF1234B
:1021D000FB484EEF081305E00BED36090B190EF224
:1021E0000A58971206150DD80F9C93FD0B0706355C
:1021F0000B002500070E0DDA089A58020206F8B304
:1022000001D3E2FE06100C460D3F31090314119D67
:102210000ABD5503E9E1EACBF4245DEB061C0FE9A6
:102220000B38F00CFE02EEEC0604D6FE031104DAC5
:102230000AA3A9FFFEF4E6BCF30EA101FE0FFF1BEB
:10224000095CAB050917041D08FFB400FC0FFF353E
:102250000E47EE0508EADF03F857D4EEEDE8EFF895
:10226000F70D07C50B14FF230A5A2F04F7EAEC04F5
:10227000F55706FB0F1103060BC2490704F7E2905E
:10228000FAAB37E6061803AB0CDDE60301EAE2E839
:10229000F78AC10303030A3E0592B10604130C003A
:1022A0000DDD57040B1705B7094822FAF8ECECE5E9
:1022B000FAB88A00050F07DA0EBF0DFB051607DF17
:1022C0000D419E04F5EBE7F6FCC06204FBE6E1D4A9
:1022D000FDA5C5E90F12FA090A2D96020616083463
:1022E00008A45B0802180B120B961CFA09120309CA
:1022F0000E162C0104130C9F0CB5C607F70DFB1628
:1023000005BC2DFF080E09B30F65A006FE120CA533
:102310000B2C9703F1DDDD57F3A5E6E605140CF36E
:1023200006513302F6FCF4B502C5D1FBFE19074B8A
:102330000C4BCB040BF4E2ECF6AF500DF915031A7D
:102340000BEA9AFC070602530EECB008FF11055386
:102350000A29C4FA0AF0D710F902BFF7EBF3F0200C
:10236000FDE550BDFE0B083E0CD71FF6FCF6F0DC79
:10237000F92339FC12060150094A170101F7E0253B
:10238000FC0CC2F60308100A0C954E050FF7E81F67
:10239000FDA84010FF060AC806070E0A030B0694A4
:1023A0000BDDE1FD0F0605E00AFB86FE01F7F62DC9
:1023B000F7592E050D1300970830F9FAFD0C085651
:1023C0000AD5BAFD03EEF152F99FA10505EBDE280F
:1023D000FCB2C6EA0F11FB0109A002010016074C6E
:1023E0000321D90FFC1BFE2F0ABFF1FC0711052C9E
:1023F0000D701805FF0609EC06BED502FF05FB307F
:1024000008162D05FE1808190C5A8AFFFF0702D07E
:102410000AEAB606ECE8E352F5C4F0E50B16102D17
:1024200008305F040AFB9DF11B0FFC09AFFB9229EA
:10243000FA13E40E9C0BB79FE7F509F1BE05F11BFB
:10244000F908FB04D2EF47170516F60DFA08262700
:10245000FC09EC0DEAFAC3A2DEF8F9F6CEDD0FC2F4
:1024600002FBF0FD01FE1A1D090DEA0F0D0E97A7E4
:10247000DEF30DFBB8F4DD0C070EF30CF0F204A351
:10248000E5FC00F7C70A5327FF10EF10B8F990B02A
:10249000E0F90DF6B411211F020EF10BCE04001964
:1024A0000717E60F34F90E1A0313F80AA4138D99CF
:1024B000E3EF08F6C8003E170B0EEA0FF9FE2F23D4
:1024C000060FE20A0B1939A9E0F60CF513F357B71A
:1024D000F4FEF4FEDEF0B4090315FB0D932750144F
:1024E000EA0B0403B405A51F0515EE0DB3FDB802F4
:1024F0000915F50C29023925FF0BE11130FC4F0EAF
:10250000160DF00B3308FD22F509EF072B013C2CCB
:10251000010FE60CEAE1C3F329FAFCF8CE18892A88
:10252000FB0BF60809F514FB1511F108CB07282C55
:10253000040CED10EC08239CE7FD12F9B216D60747
:10254000F90EF70D14F4010B0B17F809FA04091A28
:10255000F013F311DFF611A9F7FFFEFBC6E44EB747
:1025600005FFF202AFF8A2160612EF13990BB6B0F0
:10257000E0FB01FBCEF6461F080FF40FC9FAC39F1C
:10258000F80409FA1D042126F90AF50FECFD28A02C
:10259000F0FB05F82B111F22F70AFB07AC02F2260D
:1025A000FD15F111EBF5AA1F0D17F611BC0BE3A5F4
:1025B000E4F60AF9FBF132140319F30E34F68E2B0C
:1025C000FD0DE30E9E0CA59FE2F406FBBEE929B1CA
:1025D000FAFD0000F1F539110C15F711ED20F01797
:1025E000E70A0501C1FF4316010FE21218F1FB11C2
:1025F0000F15EE1114FC2623F814EF1100E8400427
:10260000180EF705130DAB1AF310F6073601C820A4
:10261000FF0FEC0A1FCDBBF8300203F428104A2D3F
:10262000F90DF90434DEA4021F0EFA02F3F9ED29C4
:10263000F90CEA0E20EDB5B6F2F818FACE13B00593
:10264000FD0906092CEB260B0813FF0DED129D0F5B
:10265000F20DFB0A9DE534BA02F915F8E8D2AEC7CF
:10266000170602FF27061E10040EED0BC717C2AF98
:10267000EAF20DF802EDE50E0514F30BA1F1D9AF66
:10268000FC0510FA1907041E0107E806D0F6F8B594
:10269000FAFA14F93701E822FD0BF005F702F712F8
:1026A000060FF21001E2F615FE12F910E503A8A9D3
:1026B000F8F110FA28EB9E1E050FF10F33F7D11E2B
:1026C000000BEE0F0B0EB4B3F8F40EFAEDE03DB2D2
:1026D000080208FEBDEA13130813F30BA428981C84
:1026E000E809FD09E0F3F1260013F7112CE2E206F8
:1026F0000916F709BA052B23FC0AEF0BC8CFE40E25
:102700001A0BFD080A17B50BF809FB0BCDFC022CC0
:10271000FB14EC0F1BD0A5F226FDF8F61A060F24C9
:10272000FA05F409EEDA4CF91F0CFD05CDF84D263B
:10273000F812EC0AEFE722D1F80017FD0614B710E3
:10274000FD020404E4EEBF06FD17010AEA0FC0040F
:10275000F8080405E8E8B6C9060217F9CECFE0D8B4
:1027600024011100E801B40F050CFF0EF305E5BAD2
:10277000E9FA06FC26F33F18070DFF09DFECB7BDA9
:1027800002051501D5011216F60CF008ACE5F1D1E1
:10279000F8000FFE021AF520FB06F9091D01EA0DEB
:1027A000FB0CFA0CFFE91A170015FF0B1BF4C4C150
:1027B000F1FB12FC2304E713FD11F50FC0FC2B13F2
:1027C000040EFD0CB70B2AD8EBFD09FBEBEC03C79D
:1027D0000D0613FFF3DF52180911F9099420C208FE
:1027E000E500060326FAC7050112F312D8E84913DB
:1027F0000414FD0AD3FAF21BFA06EF0FAEEA37060D
:102800001814F60CED198A13FB0CFD0517031E16A0
:10281000F907F30A3ABE39002EFEFBF4C808AC1CD7
:10282000FA0BF80800FDFEF82B0657B2FAFD0D0F63
:10283000090C165D0413E7EF46FDA31219FB0E0306
:10284000270536DB000D05FBB20C01D903FB09019E
:102850005306A0F0FC0AE5EE2001F2330DEAEFE9A1
:102860008BFA1207BAFE10050A0D259701FCF6EC4B
:10287000AEF96ABB030E0E00DA0910950106E2E319
:102880000CFD94BBFD06080DD908AC340819E1F520
:10289000F2FEBCD0230115084C06C70DFCFE15FC4A
:1028A000B20902D1011314FA320E6032030BEEF2B8
:1028B00091FC590E0D090F06E008089503FA1C0259
:1028C0008F07E8ADFD07FBED22FC586F0701F2DF33
:1028D00014FEE9F0F00B04061809BAC805091A0439
:1028E000AF0563270CFF1A011E0C1C3EFE0C0E01E7
:1028F000200E9CAD0A010F044506478A0308FB031E
:1029000051072ACA07FE13FD2206BBEE04F9140084
:10291000FD0D5D29FEF1E1EAF2F2FC6DE9FE0B0D21
:10292000AF0539E20B0102FCF608B15804FD1B01AA
:10293000BD09FD87FB11FEEFA3FAF426190112FF72
:10294000FB03F336FC0C09FEB80A22F800FD030570
:102950004F075495FD09E4E7EDF9ECD000E300DF03
:10296000A0F1D9FBBBFB0DFC900DB99FFF05F4FB5B
:10297000FCFB399DFF0E1B041F0CC65209FFECE542
:1029800003F8D750F4FF17FEAB0BF9DE010CF7EBA1
:10299000FDFA0CEE11040D00310A34E508FD1400B7
:1029A000200B429BF70C0F07E30E98A80604F2F5E4
:1029B00027FB2B9F0C021708CA0DCDF400F8110954
:1029C000AA0BAA53FF04FFF4BFFEB43BFFF7F4DAEF
:1029D000B5FCA49FED091A04270BC7B10508190817
:1029E00044040A0C13FC0B01400557E6F70D0602E0
:1029F000B30BAE94FFFF17FF9C06AB2FFB07130131
:102A0000D109D5B900040406A3069249FFF71A01BB
:102A10001B0633CC01E8FDED10F1356EE7FB150622
:102A2000FD06A8DD08FA11FBAC05FA49F8F7170A0C
:102A30009F05DE82F712FCF89AFA29CA13FD0003FB
:102A400032034CBD070619FA240AC0F2FBF903F45D
:102A5000F707ABB0FB03FEE29DFBBE9CF8D508D2A6
:102A6000F0EEE520B0FB18FBF5044A28FC040AF35D
:102A700005F970D105101101160AEF2004FFF4DCEE
:102A8000E2FD186AECFD0F0B0B04EC99010FFCF64C
:102A9000D401EFD10CFE0CFE11026E4903001304A9
:102AA000FD092B36FD0A11F9DD0B3AA1FB0001F6F9
:102AB000E6FFD6EA050607011308975900F4190442
:102AC000BA03F7C7F20705FF3D00589E00F8EEDD98
:102AD000C4FB5DE3E71011FBEC0662C10404150DB5
:102AE0004704609412F908F89C0954DAFD0D13FCB0
:102AF00024071297FCFA1A089804CF36FDFB0CFC49
:102B0000FE009CD8FBFB08FBCF08DF0405FE0B088A
:102B10000C07E547F6E8FFE253F6D950DE06110C44
:102B2000E30B9EDB03FF05F1A2FF0ED2FAFC0CF9CA
:102B3000DF0243C9FA0F0BF3A100D2080800FFFD22
:102B4000A809DFA00A07FC014C062D9AFFF8040033
:102B5000FE094FFD050BFBF5CB0008FAEFE201D8AB
:102B6000D3F48B2BC0F8FCFB9405E94BF7020BFC6C
:102B700093FCD71802040CFDC005B4EB03FBFBE883
:102B80008C00E1EBEAF909004A04A8A7FD1306004E
:102B900034031AB209FEFF01E0062F35FEF90901E0
:102BA000950342F9FD0D03F7260852D0F8050EF9FA
:102BB000D1FE9EF1050403F50D0BBEB2FFF709F43B
:102BC000E905D90FF90E10074807463C0AF6FCE55F
:102BD0009BFFB098E4030EF615054B12FEFF150F90
:102BE000E80A5D6B0FF5FCFAFD03BCA0FF0E02FEC8
:102BF0001103C02CF7F515FA39096D4EFA01F4F8F6
:102C00001A05D7ABFAFBFFFC93062DD706F5160085
:102C1000CD07C5ACFDF305E649F1EACEDF000D03B3
:102C20003906335E04EAE645F61E0EF9071904E19B
:102C30001AFB0DF20BCDEBB8E0F3010900BB1B034F
:102C400000F003FE07B9ED48FD0010F81025173716
:102C500001F9030009D5E495D30BFF0E04B7CFD7D4
:102C6000CF3EF815001C0E550CFF0DF810C6F430C1
:102C7000DDF2FB05FAFAED3D040517000BF9F0B49F
:102C8000DF14011304D80B0C0BFC0BF70A1BF63FE7
:102C9000CFF3FF10FFC611A005FB03020522105160
:102CA00007FE14FC0AD5FD0504F90FFB1218EE31DE
:102CB000CEF8030DFA2509520D020DF70CB7075691
:102CC00014FC08FD0BC2F5ECDAF5FE08F8F5E74D4B
:102CD000D818FD1304D1F0301302120013E0214183
:102CE00005E602FA0432131FFC020A010F14F3C8AE
:102CF000060C15FB12E8033412FF07FC07BDEAE3DC
:102D0000081012F50C2815AE06F308FC0BFD011592
:102D100018000AF10B0DCEFAF72BFDF7FAC20AFDE7
:102D20001AFA05F709B7DDD7FB1018F90BB80399A4
:102D300002F308000DCAE5CAE7FFFD0EFBBB191D33
:102D400009F407FC03B3FBE0FB0116F80E2212C2E4
:102D500006F60DF90BA0E0AAFF17FF16FFFDCFD373
:102D6000F34AF525F72C19D302FA09FA0DC4F354E6
:102D7000F8EE010AF90DFDCD06FF13FB0DDEE7B7F6
:102D8000EF1EF913F9B513AA09F509F407E5F1EAFD
:102D9000F70A0011FAFF161C11FA06020B2B1BDBB7
:102DA0000BF908F70E1A049D03F817FF12DFEBEC7E
:102DB000DFF80104F7BD18B80AF715F911DF0A8B1F
:102DC00009F40A030C93F0BBE7FFF803F80EDA22CC
:102DD000E628FF19FCF0FCF6F70211F411EF1C0ACB
:102DE0001CE9050305F91B25FE0106000809EC3660
:102DF000010015FE0C2B01970DF50BF507F7DD8E85
:102E0000F10D13F70C2615DEF4EF05F80A220BABD3
:102E1000FEF707F408FBC74FF13405F4F3C710DCE5
:102E20000CF20803032EE88E081213F007AE0CD242
:102E3000FBFA07FF0DB0EBE6F2F90412FF0D279A3B
:102E4000F70203040014F6D807FE12FE09F022A9C7
:102E5000FCFFFF0402D8E8C00A0AFA11F819CBC532
:102E6000FC4DF624F0F30D1EF40308070A11E7C722
:102E7000ECF60106FC14040E0BFD11F906B6EAD6B9
:102E8000011CF91DFF370E5408FC0AFE0CF2EA186B
:102E90000FFA0509FACF0CAD08FD09FE08CD15A9FA
:102EA000090404FC0AB20C87F6060BFD09F8F122AE
:102EB0000302010DFECC16350AFC0A0209BC0C23E4
:102EC000FBFD050209E3E8C1F5F0FD0BFCC5EDA52E
:102ED000F526FC1FFACDFA18010515F909D524CA03
:102EE00017ED070805D61CF9030207000ACFF1E821
:102EF000FC0C0FF40EE10DBDF3FF040006CAE82838
:102F0000F11B0DFB091C1E3E04F7060305B6121249
:102F100006F903FD07C3CBDDF82CFFFBF5D31BAE91
:102F200008F802FE09EDEFD2F71C0FFAFFFF1215A9
:102F300002F6060207FEE0A008FD080303C21F1404
:102F4000F7FA010704080C28000310FA0428232FBD
:102F5000E4FC05FF01D0F7B40008060E0018D51FE9
:102F6000E83BFA10F8E62955ED0509050B06F19442
:102F7000F7EF05FF0206109CFE0B0AF60913FC8C06
:102F8000FC0D080FFD201008FDFB08F8029AF02840
:102F900018FE0B0404DD130206F5FE07011823B822
:102FA000FC050605082C09FBF7080BFC099EEF95AC
:102FB0000CF40606FE181F39ED0108FC05E91C4E4D
:102FC000FC06020306FCEED00DEB00FCFF06FFC082
:102FD000001E020DFCF3F6FAFD030FFE0CF41DA11A
:102FE0000CEBFFFF04B12CD3F1FF08040B150AB85A
:102FF000F31013FB0B151903ECFEFEFC09CE0421A4
:10300000F41A10F506CF2C32E5F9060109C019BFF4
:1030100005FA020403FDC7F8002EFEFBEEDA1410D9
:1030200009F409010400FCF8F34E00C9CFFEF605CF
:10303000F6D304C74604140E03460237D2FFF8F154
:10304000F60C090E090503EAEF0A05BBDD03FDEAEC
:10305000F9360BC355070CFEE9C5006325E9E907FE
:10306000DE99FD26E3BFF8F4F1F20914DBFE061643
:10307000FE2003CF5FFB00F6F4CB02E6110005044F
:10308000E22402E61EE4FA0B013207DFFF07150F08
:10309000F7B702D1BAFB02FEFF07071F5E02FAF77D
:1030A000F93E08CA50FDFDEDF24C0952E500131936
:1030B000073703974D0C00EAFA3104BBF6FCEFF139
:1030C000F93D074A2E0213220ECC0031ED02020018
:1030D000E297FCE7FEDA0101005706A6A6FE001003
:1030E0000CAE090FDB09F1FDF3ED080C15F700F844
:1030F000F2AC052881FCFA01F953039C4102F9E284
:10310000F6EE01E38AF702EEF8990C8F0D00F6FA5D
:10311000FF4405F0F9F7E7F4DD35EFF6C3DEFF0213
:10312000FCF003F39C02F5E3EFBCFF390DF7F6FD6D
:10313000F5140722D1051A1AFB1D01961FFAF6F3A2
:10314000F7C301675800F7E5F51600D01DF4F3ED5D
:10315000FB170202BBF716FFEDB502D846EFF30CE2
:10316000D2DF00BF21BCF5E0F7450B9294FC0918B3
:1031700004CC02AE4802FFF1F3FF06BB34F30D06A8
:10318000E4B3088E9CE1FF00F89705D93803180DC9
:103190000437FD923BFCFBF1FAF209CD0B07F7EA8D
:1031A000F6F209E9BEFAFDDFEFD004A034FC1819ED
:1031B00008C00100C707F5DDECAF063388F8EFE77C
:1031C000F6AE04D1ACFF161D069D05CEBA09070464
:1031D000DC4807B42ADFFEF3FA51005B5AF5061803
:1031E00006930807F412EFE6F5F6065C05FC02DE2E
:1031F000F93C035953F5FAEBFEAA04CF25F8F8CDB4
:10320000EE9001B757F3FAF0FE4006C22802F7F03D
:1032100002E406B0B502E2E5DFDAEC5934DB000582
:1032200008160AED3509F6CEF73DFC6403EFF2F11E
:10323000F9CB032B8FF81B16F7AC03B613FA00EA91
:10324000F7A706C786FCFAD9E856FC4F25FAF4D44E
:10325000FD180AEA55FC1206F20B0664C0F0FE0ADD
:10326000D3AF015ED0D0EECEE5A90325EDF6112651
:10327000039306BB96FCF0CFEBB000E2D3FA151136
:10328000E020048EE2E9F8F401CC04EFF602161B0C
:10329000FF9BFFB9EAF6FDF8F74B01DC0100EDDA20
:1032A000EFEE033F51FAF9D8ECBF04244FF719268B
:1032B0000DD10723F204F1CFF1C601DD9DF2F2E05A
:1032C000F4C3041805F7172509380519DD070D0F94
:1032D000DEFE08B9ACE1FBD5F540036EBDFC021083
:1032E00005FC083CA00AEFD0F22704E2E6F8F7CE8E
:1032F000ECCD015BB4EFF3EAED070790B302FAB24D
:10330000E9F6016D10F4FBDAFC15066FCD04F1F15E
:10331000F257062C56F7E5CBD69EEE2531D0FB06AC
:10332000FAF806CDB206F3BEEE45FAD5C8EBF4DBEB
:10333000FB08032D39FA1C1C08F2052431FCF9E6C0
:10334000FB2D00EF8CF9F2C1E142FA2138EBFAE7EC
:10335000F22C04645000210E00E00A1B17F50B113B
:10336000D98C07B4E8D7EFC0EC9D063840F80F338E
:10337000091208AD3B00F3BAE6B8FC5CEFF618178B
:10338000F8A90D26A1F3F8E4F8B506AA1D011D2839
:1033900003CF055C1EF6F9EAF94102468F03F2C439
:1033A000EB3B05C549EDE9C8E03AFE4082ED112549
:1033B0000F520960DB0EF4C9E2F90253F4F4EEC9CE
:1033C000F145061893F91839141B075B320D1809DB
:1033D000ED120ED7F5ECF1C0E9D5016047F0070A10
:1033E0000B9605111C0EEFC9EE99011ACFF7F1C02B
:1033F000E7FEFD3957EFEFD5FA10033FDDFCF4ADE2
:10340000EB05FACA46F1FAEBEFCE050BA1FBF5E1AD
:10341000F9F302FF3FF9E9BFD0CCE89C9ED300FC52
:1034200001F40418FA06F0EDC9F01D0BEB07F91EC4
:1034300041EF0402FA0413E5E715E40AF7FB2E2630
:10344000E5F2FB070402C71744EB1005F105EF2B6B
:103450003AEFFC05050BD7E6F318F5070700F5ED85
:10346000C4012BF907F601321EF20302FA06DCF35F
:10347000551CDD0601FC17073E01030FF1080DF78F
:10348000B41BFA0306FBF31ECBF8FE01FC0619E1A0
:10349000F31EEA06F500E228D0FAFBFCFE0307293A
:1034A00035EA0B01000BDA0D8EEB0A0BF208E0EEA9
:1034B0000716EE07FD04AF288BED0002F808E03494
:1034C00089E6FE01FC0AB9EEA623D805FF04B3F293
:1034D000F21406060703AE07EBF0070EF305161904
:1034E0009004EC090701122EDAE90500060A300300
:1034F00037EE120BF107CF1BB0F303060109E4040A
:103500008C01180BF6FDBD2DEDE00204040A1E240B
:103510009FF0FFFFFB0310CC050B2BFDF5EC041B0C
:10352000D4FFFD0201FF33FD45FC220DF8FFD91C3D
:1035300099F501FF040400E91518EC0BF802F329D2
:103540000D010701FF042314A6070E00F204B026A4
:10355000B7EB0AFD0103A4F34916EF0AF7FD1FEECE
:10356000A20C240402012C3E36EF0406FD04C8F729
:10357000061CD200F703161024F41502FD000BF40C
:103580002D08F60C03FE281C3EF6FB07FF06D8E4C8
:10359000C52EEA05FBFDB325ADFF0204FC08F3319F
:1035A000D9ED08080402DB1ED70411FFF605FEF072
:1035B000C819E906F605142A32EF04090506CC33CA
:1035C0003FF10AFCFA04CBF5361BD806F50206F8E3
:1035D0000917FE040002F61055EF0B09FC02C21396
:1035E000BB13F3040500103AA1F40F010406B8015F
:1035F000F3F21102F5042829AEF30503FF060D0CC2
:103600009CFE270DF301DE2BACF507FD0307102E02
:10361000A4E9FC070506F2D9DCF634F905EFE72446
:1036200049F5F506FE05140837FE2906F2FC211CB3
:1036300008F90902F906EDE34C18F109F103EF234B
:1036400090F103FB0200ED08A0EA1DFCF5FCDF246D
:1036500096EB03FCF501ECF12218DE0AF508C4ED47
:1036600098FD1003F7FFDD3D44E60C010500B6F0C0
:10367000101BCF08F706BC1543011501FAFA050720
:10368000D005E708FD09D026FFF7FDFEFE02F0E9B0
:10369000F722ED0AEB021F2AC9F700020202B93C29
:1036A000D2F215000506C40BCCEE1AFAFB00C6E9EF
:1036B0003D1CDE0BF1030D26BCE51303F7FF182BB1
:1036C000BEE10802FB03E2EE0710CE09FF05CE0FB4
:1036D000130FEE06FC03BA140AEC1B08F7000F24C4
:1036E000FF12F002FB012137E9F11201FD05D914A7
:1036F000C9ED21FDEE02BB1DACF70004F901E103A9
:103700000BF92507F0FF091F57F208FBFD00C32244
:1037100009E70905FD05C4D8D9F340F301E9EA2911
:10372000D1F7FBFEFA07F2FFB0EE2CFDF1F8C63040
:1037300042FA0300FC06CDEC3420E310EF09CA1373
:10374000280EFCFB02FCFB0D29F216F8F9F92F11EB
:10375000F9F40BF9FAFDD9FE5015D411F00FEB0373
:103760004B01FC0BF30BC63236E416F7FAFDFCF501
:103770009410CD08FC02F209AC011EF8F202FA0E18
:103780004AFEDD17F111B31FD4F10901FD05F7F071
:10379000D20FE611F204DD18D2F402FDFD05F8396E
:1037A000E6EB16F901062C18A4001EF7FBFBC4FF7C
:1037B000111EDB14F40AC22522FB15000003CA2BDC
:1037C00050E70EF6FF01DC00AC14C40DFD0DA1178F
:1037D000ACFAE60DF00EC30708FD1EFAF0FEF22665
:1037E000F81AED03FA03B9404FE714FC0202D20BBA
:1037F000CEEE2400F5F8DE26D6F60AFEFEFFD41142
:10380000DFE922FBF6FCB21ED40801FEFE00B71E63
:10381000D2ED08FCFE014AE6EAF937F3FEED372067
:1038200021EF0300050600EDA9E491FB023BECF556
:10383000DEEE9003135AF41527039E095AE6FDF6AF
:10384000EAF3C506B42B01E6AFDEC3FD5A83F6F6F4
:10385000E8ED2F071FDFF81E1707110E2428F70CBD
:1038600007E4F50D87ECDCF1C0E50504C243FB1C61
:10387000310C4B072E8D0BEAC4E5A9FE5DF5EF1860
:1038800009022B0FE032FAF3DAF1F0059CB7FF19C9
:103890001E0719048751F8F4E9F9E80349BFFEEC63
:1038A000B8EE1101C224EEECB4E0A8001350F213FC
:1038B0002E194B0AC7050DE9B6E8B001ABAAF1E92C
:1038C000C4EAC1033813FC1E3914A90CB2AA0C17A0
:1038D0000C04A10E0EC5F2EDB6ECEE0128D4EDFFFE
:1038E00016061403FBAC13ECB9E23C015BFDF6EDEC
:1038F000AEE3DFFD5E12EAECDDEAFC0255B8F9EA60
:10390000A7DF26FE0B88F3FBE7F5D006F1A502F44E
:10391000D3F6BD040E28FFE9B2D454F08E05DBFDCA
:10392000F30418015CE7FEF1B9E228FCCD2CE7F4C2
:10393000CEE497032613F4212719CF0A36C0FAF4F0
:10394000F7EFD8FFA0A9FCF0A8E81DFEC9B2F0F27D
:10395000EBE9A2034F28FB1F19174111C4CDFA133D
:1039600003E942138E8DE1F3B7E4EF01BF16FD1AB0
:103970003D12A20DCB2308EBADE506FF9ECCEF2454
:10398000180DDC11DD2CF7FBDCF8320726D2FB1911
:1039900020183508D6B5FCFDE6EECC01223305F43F
:1039A000B7EA0B03CA2DFAF0B9E402FF275DF71658
:1039B0002B1B090D4F1306ECBEE0D4010DEDF2F008
:1039C000C8E3A300589EF91A3F234010F21B0F17BB
:1039D0000D030115AAD1F3EEAFEA53042DFFF30551
:1039E00007079704E0B10FEFBDE51506B442F4EC0C
:1039F000AEDB2400D4B4F4F5DBE84207DE1AF7FAB4
:103A0000AAE0E1004BF3F7F4E5F017035A2DFEEEC0
:103A1000D2EAFC031DB5FAECC2CA3AF108DED201C3
:103A2000EA020502EA9801FAAFE4D9FEBBC4F1F359
:103A3000DBE32E04A7B3F91C2A168D0EF3A7FFFEB5
:103A4000F6F69A07354F00F6ABE22303A5B5FBF96E
:103A5000F5EA0608925C01181C0ED9084502F10926
:103A600014E6F70A49AFE3F5BBDCBE0917E9F51523
:103A7000321B3110C9AE0AF0A5E517036FDBF11355
:103A80000B09C20AF4E9FAFBE8EE3506DCE9F815A1
:103A90001C1D0907965100FAEDF3F10629FB05EF0D
:103AA000B3EA2604F2D6FDF0ABE12606A017F61B1A
:103AB0002423CE0C091B0FEFBEDE060310C5F1EB6D
:103AC000CAE450053A5EF41D3729230ACB201319A6
:103AD00016FF1B11410BF1FBB4EC36009598FA0A66
:103AE0001908B208EE900CF3C8EBA803FA12FAFA20
:103AF000A8E41504F11EF3ECD6E90503F0F1F5FA9C
:103B0000A8EC93080EBEF6FFE9F5180819B005ED0C
:103B1000D6E9DA0432FA01FDD0D252F9ACADD7FEC3
:103B2000E9F28F02A3FB0300A6E9A004545DF6F1BD
:103B3000D9E49401FA5904131C2031061DDF09F958
:103B4000F5FCA106D50400F8C1E5CE0BB2E201FEFA
:103B5000FBF29A08CAFB080E230AF0071A87F6023E
:103B60000FE7DF034BF9F4F5C5DFF4070FA70016E5
:103B7000362A190E24A107F5B7E92D06AA900103EC
:103B800013083006EB3BEDF5F0F00C05402EFB0F73
:103B90001A1390FF61BCFEFAF5F2210001A7FFEEB7
:103BA000C8E00A08709101F4BEE8D8084F84F31306
:103BB000242E950CD6E611F5C7E8E1079EEBF5F14A
:103BC000D5EBC0044602030F272D190E23350A0535
:103BD0001BFBBC08FDF3F4F3BAF1EA07C74AF7018F
:103BE0000C07D908CCBB0BF9C3E81F0AA50BFAFCDC
:103BF000A2E9D209E95DFAF6D9E2C706FAD2FC06D3
:103C0000B3F7F411CD1407FDF7ECC108E5A703F2F3
:103C1000DBEFD20098E9FCFFB3E239FEABC2EDF76F
:103C2000EFF7AA034AABFFE703EAF72D02F3FE0220
:103C30002A36EA0EF601FD98F19D13DD0CF006B868
:103C40001E32F6FCFDF104C40AECF31DF4EFFBC8D0
:103C50002848FCFEFEF0FE0F07ED07D119EB0DB36F
:103C6000054100F20DEC111D3347EF10F4F904BFCC
:103C7000F9EE18C412000DF50AFFFE20F4F501DA82
:103C8000149E05D01BEB18F92411FA01FE03FFF86E
:103C9000E94111D610EB08DF2196F10AFFF7033353
:103CA00030FEEB17FEF904CE14A2F11CF4FAFAA2CE
:103CB000EE8905D014F50DFE28CEF312FBF5052F85
:103CC00034AEE415FBFE009409AB0CC9110010A53D
:103CD000072102DC17EE12151290F820FEF700E61D
:103CE0001F9711F0020003E52F2EEB0CF3FDFF14DC
:103CF00016CDF527F6F2FA012795F60AFEFE0133F6
:103D0000013EE225FAF401D51CEC0807FCEDFDCEDE
:103D10001FE8F30CF5F9FCF9ED23EA3BF408F0D8C1
:103D2000200E04FEF9FA032BFED9E61EFAFD01C1AE
:103D30002539F704F3F100F2E9AF15DC14FD13B4F3
:103D400019CAF8F7FAF3FC321557EA14F5E5FDC481
:103D50000E21FB04EEE7FCDBFACA10C918F510E7E8
:103D600004CF03F813FA0FBC2B40EA0FF5E900006B
:103D7000F5F50BC3150112BD111FEF17FBF301D7AA
:103D800001230FD21AF21205242DF9FEF4F3040ECA
:103D9000F3E00AE014F90C031C17F9FEF7FFFEAE7E
:103DA00038A2F913F3EE04DC12F6FE15F6ED02BCB0
:103DB00001B90CD619FB11D22251FA12F3F303E226
:103DC000223CF007F0F7FD07F8FE07C6150B0FE5DC
:103DD0001528FEDA1AF215AD172CEF11FBF704EED9
:103DE000274701E8FD0001C629B1F911F4EF042AC3
:103DF0000FCFF515FCEFFCD81BC0EC07F6F101F076
:103E00000710F51AF7F7FE001255EE04F8EFFC174D
:103E10002A0CFA04F3F30310E4CAEA33F613F2C9E6
:103E200020ECFF0502FE03B20A9EF31AFFEE04091E
:103E30001347EB06F6F601C500EB16ED17FB13056D
:103E40000804DBEFF4F603C90700EB0FFAE7021EE4
:103E50000101E7F4F3EE01F9F09010EA12050E0B00
:103E6000F6BA120F16050EB21FD1F303F8E606D10B
:103E70000C941CC7160E15B21441FA07FAEC0299FD
:103E800008E612EB170114E81D27F4FFF5F6FBF224
:103E9000E7E818E417010E0A22FBF003FAFEFEB170
:103EA000338DF10BF9EF04BC0790E70DF6E1050641
:103EB000FCC51EDD19030FF11A52EAFFF9E501DC1A
:103EC0002E1EE401F1E6FCCB0BF70DD2170911CE43
:103ED000009818E8190516EF1AA7FB0EF5ED05A1D5
:103EE000181008EC06FEFF3033F7E602F9E3030B87
:103EF0001142FA0EF9E007FB1515F40AF6EDFD176D
:103F00000B04E60D04F407191387EEEAF5E800D870
:103F10000FDFF403F2F5FF05E61ADD2AF010F7AD26
:103F20002CDFF807F5FC03200EF3D51002F60BB5D5
:103F3000139FEBF8EEE8FBDCF6CE2DFF16080AB671
:103F400023D4E2E4FBF203D80EFFDFFEFEEA08C250
:103F500019EECEEDFFEBFDCBF1C32E030A1308EBF8
:103F6000E716391A0A0A04321FD4E9F1FBED05C538
:103F70000C8D17D712150DCC18ADEFF9F8E602DA53
:103F800004C639090A0F07140EC3E7FDF9F802E564
:103F9000E4F23302130505DF10CDF6F2FAFAFF065C
:103FA0002538EDF6F6F003C31647EB00FBEE07AE3F
:103FB00006EE34F3130610B51F2DEEFAF8F30002E7
:103FC0001F08DFFAFCED059C0B1331E2180C0FCA39
:103FD000FBD234080E0810160C49E700FDEB02D5A1
:103FE00019FD00EFFFFC00E920B0EBF7F8EC01252C
:103FF0001AA9DA03F9E002060E1CF3F4F6F1FA2C22
:104000001F99DA0407ED0C1D1E3DDDEAFAEF0233BD
:104010001DB8F2FCF4ECFD46033CDC17FC07FD2167
:1040200012CA05F6FDFC010007ACF6AA1241B50361
:10403000F8F1EDC1075928030B161BA60C2E33050A
:10404000FC0FF804030CFC04F6C5F7DA086EE20175
:10405000FD04F14C039D2FFC001D038D061A33F067
:10406000FE15E049080F10EBF4E2DD030BB197FEFB
:10407000132D2534082D3F0CFEC7F6C90C0C5A0031
:104080000812F83F0AFC24EBF8E9EBE004C917FE3C
:104090000B101B9004ED06F4F9F8F4CA02BF0D02F0
:1040A000F7DFE13805EE56FFF5BFF2EC0B5F06FED9
:1040B0000D1A2E3C0E912315F2CBDFE709393CFE99
:1040C000F6E8DF30049A22FA122023FF0C97F40F4F
:1040D0000018FCAD091E25EFFDC0F9100DFBCE0642
:1040E0000C0909E307662A09F3E0ECB508A092F988
:1040F000FEB9F5E40D488F02F4EAEBB408EFC00115
:1041000008B1F6EA10DDF6FDFE0BF69307B3830562
:10411000F2F3EC4A07E527070EC4F1F804B392F175
:10412000FCEA01F7071726FE0BB7FDBC0FBE4702DE
:10413000FD00E71306C13B040D09211B0FF9DE0A40
:10414000040BF92206B22A0903CFF2E4099D0FFFFE
:104150000100F54903121E010A0CFE440501EEE8B8
:104160000110DED30AD7F7E9FBE9EEEC06F5DF0232
:104170000E2A213B084D450FFED3F50F085D2303A2
:10418000050CF0F9083E00E6F5F3F4A9063BB2058C
:104190000D1A15320AFC50F7F800FE3C025E53027D
:1041A000FBEBE1500BC7BFFEFAD1EDD80BC2ADF966
:1041B000161F2C201138A40EF5E1EC5404660AFDFC
:1041C000F9EFE4F40817D9FB0E2729D412AAF30B50
:1041D0000711F6DA08BB4AE6FBC6F92109D91CFD2E
:1041E0000712092B0365CC0EFAF3E4050D5521FEE9
:1041F00004C9EEA206E5CBFCF3F9ED1F05AAFD010B
:1042000003CB015109A0E3050103EFD402D6C70394
:10421000F900E9E4019C52FD13D8F5190A0740F1B1
:1042200002F5FFDB04D95F0105D00024059E86045A
:10423000FDF5E6A6022ADAFD101C19A807AC180045
:1042400003FF008FFF433F03FDDBEAC904D8ABF651
:1042500003F6F2D10795B908060AFACF08534FE4DE
:104260000606D8DD11E83CE8FBEDE3D70AE89E043A
:104270000F20283011B15806FDE5EDF5073353F84E
:104280000A0FED4213AFB0EEFC07FAF205348FFFD0
:104290000A160E0D0908FBF3F703EFBE02D848FD1E
:1042A000F9EFEA18086B0AFC01D9EAEA0665B6FDDF
:1042B000151B20EE0F241A08FEEDEBB60525FCF6C3
:1042C000FBF2ED9009A788FD182926A50E25E1101F
:1042D0000614F4D7103998E9FDD5F51704AEECFBB8
:1042E000091110F6080AC014FFF5E2EA0A10C50326
:1042F00001DBF4A909CAAFF8FB03E51700ADDC0444
:10430000FFD8002106D747050105EFBA042E0305A3
:10431000F805EDBE03B3E80213E1EEDD029450F3BD
:104320000007F7A7073C410B0BD0F70D00555C01C8
:10433000FDFEF0B1FF15560815261D0F0A60FFF2AD
:10434000FFF7F72B0288D411F9F4ECA305E3CB06B1
:1043500003F0FECA011BC90F1208FE090FF248E85C
:104360000314CE141317BCDAFEF4E8B906084305AB
:10437000151F26EC0F398B0701E9ECCEFF6733FFE1
:104380001716ECA613B041E6FE07F13C00F12A0334
:10439000111B058B0EB9C0E1F904F71004A78C07B7
:1043A00000F1E7D606B31E0200F5F44907EF31FE2F
:1043B00013252AFF132F010001E5F03B05200E070E
:1043C000FEFDE5B708CF8AFE1521225F14FD560BCE
:1043D0000D06EE331253F2ED02DFF8CCFFD3AA0143
:1043E000040B06EC050E8C14FBEDEC0A0264EA08E3
:1043F00003E4EBF9FFBCF901FA05EFF60518E3FD5C
:1044000001E7F4A1FD2CAE0501F4005608FCFB0AFF
:10441000FAFBEEA70763F7080BE2FAE8F6CC5AFCC2
:10442000FF0BF41106A50105D82354E40705F50B8D
:10443000310CF8EEEEF2EA02D8049F4007100D0AA4
:10444000C00CD1F1EC00F804AB1ECDECFBFDE70A8B
:10445000251115F4F4F6F1FB0C001A2F1A0D100AB1
:10446000DCF1FA2C340C0D0CDC1AD1D9EBFCF20087
:1044700010013934DF161511D310CDDFFDFFED0922
:10448000B7FC13321610110CD10D1EE5F7FCF2FF2C
:10449000C3FDAF3914130C0E0515AAE5F2FBF7FDA9
:1044A000FE28AFEBF400F2042B1A17E8F0F8ED0841
:1044B000AB14A93A0215100D1F23ADE9F4F8F2FF71
:1044C000E81623E1EBF9EA02E71B2C47E818130E84
:1044D000A3FE452A1E0E0C0E1A1D14EBFC02E80A60
:1044E000C622BB13ECFEFA09E22692E1ECFBF308CC
:1044F000F0114AE800FCE507D71D93D7EAF9EBFE77
:10450000DF2CA0EE0602F00BDF159DFFEEFDF1FCA7
:10451000F112EFDBF3F8EBFD09FC52DE0FFF0505AE
:104520002E18A3EEEEFCFBFF1D18F8E3040AF10AB7
:104530000B068BE1F3F5F4FEE914A4400B1701130D
:1045400037155B04F701F3FF2C07C9ECF103E8040E
:10455000AE040A0CF4F6E9FFFE0A4934150A180AFB
:10456000F0F2AC413B0C0A0B1B204200EBFDF105C5
:1045700014071335E6110C0C341BB400F002EE01E5
:10458000F3042E3C1C0B170F2410D9EEEFFAF600A3
:10459000F2FD1E3A0C10100F2B14A4E4F7FCF2FFEE
:1045A000B92405F3F0FAF20320198FF0F9F9F300BA
:1045B0009D204D4002130113C01714E7ECF9F206D9
:1045C0003019C2F4E9F8ECFF17122A4AF41300106C
:1045D000FF108F2D1E150C0EE4184EE6F405F405A1
:1045E000CC20AF15E509FA06F314BAFCF5F9F0088A
:1045F000BF1BC4F70304ED03F30AE5F0E9F8EF038A
:10460000051951F50B07F50825019A0BF7FDEBFE8F
:10461000F718CFE4F3FAF802BFF610F70C02FF0325
:10462000EB140EEAE8FBFD02D7FC3A090D01F00598
:104630002C03BEF5EEF2EBFF1E122A49050C0D0C01
:10464000FE048FEDEF01FAFF0FFA17FCFEF5EC0404
:104650001DFFB9FCF500EE02E10CC744010E141178
:10466000AAFE9C591911090AB21E88FFF6FAEA033C
:10467000131D5150F2160D11D509AD0DF7FAEFFECD
:10468000C615514F02131614B91245F1F8F7F3FC91
:10469000EA09B14D090E120EED172AF5F8FCF7FFE5
:1046A0003118ECF4EEF9EE0302FF36FEF9F7F400F0
:1046B000DC11CA4C00170C0DC4131E08F3F9F2FDEF
:1046C000CE0856F4F4F6F102A920A54CF40F081018
:1046D000B40CDA47FE131310CC03C609F2FBF40442
:1046E000DA26F50DE7090306BD1E2D07F2F6E903EC
:1046F0001C0C4E0900F9EAFD0412B9FAF3F9F5FAB7
:10470000E5FEEF100DF8F303D10727FCF900F5FEE5
:10471000DC0B09FFEEF5EDFDDFEAEF1016F901FC09
:10472000101F2BFCF5FEF8FDB1F9201D0FFAECFB74
:10473000F301E207EEF3F2FEDF04CA5CEC0C1209AF
:10474000AB0F5AF8FBF8FCFCE9F7A6FBFCF1F7020B
:104750001B16D5EFF9FFF4FDFC0F9548D514171182
:10476000ACFA175FF90F1011AD123E00F3FBE8032E
:10477000DB1B3852EB0D0A1522FFAC06F6F6F1FAF8
:10478000B3093E4BCF15151205022BEFEFFAF7FEDA
:10479000A50BF34BE40B170CAE083DEDF4F9F80252
:1047A000DC18EEFFEDFCEEFD24F734FCF8F6EDFA34
:1047B0000410EA5BFE0F0911070B8809F4FAEA02FC
:1047C000281AAD01F7F3EE02B618ED54ED16020CFF
:1047D000C509F64AD618181519F5B50EFDFBF2FFF6
:1047E000C224BDFBF2080407CD19A2FAFBF6F101C1
:1047F000DAF9BF10FFF5EEF921FA2A04F1F1ECF92C
:10480000C9FFA61106F3EF002D1E94EFF4F7F4FD97
:10481000CFFDB3FAEDF3EB0039EB391924F1F4FBDA
:10482000F80BA402F0FAFC020003E0FA2804EA47BD
:104830000EFE02EC1204194D03102E05530DE52750
:10484000EFF9F8FF1F0768C110F8FDEB9F07D2CC06
:104850000A02FAFCD0028CA80E1118EEFA1223E913
:10486000DE011AC5A615F927D7FBEBE9CE041FF424
:104870000410281C9B0A31DB05FBF2EF91039B3AE5
:1048800008181BE219175E94E3F8FAF02FFF200DC9
:10489000031721FC2C0AFDEBDDFCF5F54704F19B29
:1048A0000D03EFEF2A0A5C1006FCF1F6C9043E0F77
:1048B00002122C17E80FA3BDF9FEF6E91002CC197D
:1048C00000F8F0EDDD0738820917231A2B0C223E81
:1048D00008111AE14D1913DCE0FEECF4B6001321C7
:1048E00003041C0B20053DCE0BFEF5F3CD09CFCD07
:1048F00005FDFCF1A204C9C209F8FEF8E804D68857
:104900000D00E4FCFC00D13E04FFF7F4A104B9A3C0
:1049100013F502F3E30420F90713D8F94FF8CA1787
:104920000102FDFEF20224B90903E2FE2BFEC88D4E
:1049300007F7F1EDFF07DDFF0A1B2F0F310F97D4AB
:10494000F2FD00F84005C5420CFBF9F0C5008A896C
:1049500003FAF7FD340228E8051F17ED391749DE81
:10496000F10C14C6EF19D117EEFBEBE64405CD337D
:104970000A102C1D2E1106B60A00FDEAF402E7FB10
:10498000091D16E4121A5C17ECF700F9E6048C55C1
:1049900004232DFC351262D7E500FB01E302903FB2
:1049A0000800F6E60405B8900604FBEBF4031DB01E
:1049B000061B231AB50EC32903FFF4EC0B0760286E
:1049C0000BF9FCF01B0314F40A1D1E23FA0EF85217
:1049D0000E1B0BDB2F1C45CFEA02F6ED97044EAA07
:1049E0000A011101CC042D4E12FCEDEFAC03ABCA51
:1049F0000501F4F43BFEB2CAFFF7F8F11F02C1C58E
:104A000007F8F4FEB600E62402F609FBEE02B10A4E
:104A10000CFF01FA4302902B0811DFFDE4FAE7F2E4
:104A20000801FFFF140338080CFDE5F6EEFF58F807
:104A300005F9F8EEB208239F0F232913CE120013B5
:104A4000F3FDFE00B1062AB004F9FEEADFFDB5D69B
:104A5000FAFC00FD0E031411042B12091B1F9AD33C
:104A6000EE1BEDF01D208FABFFFDF6F4F604CA54EB
:104A7000011B1C22F311EF2910FBFBF2BB02B9D47E
:104A8000FE2F05FC0B22C289FAF9F200E203F8417D
:104A90000D271F153F14DAB3F4FF0302AB03B7EB86
:104AA00006FDECE691048A0902FA00E658FF51FF80
:104AB000051D182DB20FE6060DFDF3E757044BEA6E
:104AC00001FAF9F40309D05B0A1E1332CF103A56EB
:104AD0000C2BFFF8E720BB16F6FBFBF614031A3687
:104AE000FD06100A330A39AE09FFF6F3ED0AAE9F50
:104AF0000AFA05F6D302CB8F04F6F7EF410717B495
:104B000009F9EDF352FB34F601FBF7F41D06AF2172
:104B100005FDFFF0C905261D0E10D103D3FD1C5D58
:104B20000A01F9F74F06D6E40F02E9F73AF826151D
:104B30000AFEFCF2A903C8830A222A0B0C1690E88D
:104B4000EDFBF6F93F05E75F05F716E332FF5A1074
:104B50000202FAFDA0FF932E0A2901FDFE23E52E95
:104B6000E722ECF7E427F53D0901F2F7B302E09301
:104B70000D190E2AED12622B12F508E14D019D561A
:104B80000731F9F9FF25449FE6FFF9F7C303FBDC82
:104B900007251B06C7169B0BE301F1F34D021F54BB
:104BA00007FFEDF5A105F13A08F809EC33FEF61C14
:104BB000FC1F1D2A041224B90D01F9F34401C8D4C5
:104BC00006F8ECF9FE0263280C230E303917CE3CB0
:104BD0000E2EEDFED0284018EFF90DE74AFEC1A6D3
:104BE00002021C0B21085A0C1202E7EB0D02EE86A2
:104BF00007FC0AE7E7FAA29D03FBF0FC4802D80590
:104C000008FC10F1B7FDA90502FC02FC00034EF4FC
:104C100010FAFFF5F604CDEA080EC9F237F58FB5A4
:104C20000502FCF4EAFF4DC8041604D10E0FF5ECA2
:104C300000CB0546F4F7F8ECFA03110F57D3121323
:104C400009130E2EFBF8FEF703200D41F3FBF7F5D9
:104C5000FE0805D2FFF100F403AD07FD3FB21616C2
:104C60000FA5F98B4EDD130F0D3514A8F6F4FDEFEB
:104C700007D611455BE10E0E0DB50099F9FBF7F56E
:104C8000FAC01B4F57B414140FDA0BD3F5FEF9F723
:104C9000FDC802185AC109150AEB1568F5FFF7F0AF
:104CA000FC0411B7F4FBFCF2FF0A090BFAF1F4F073
:104CB000FFB609DC4DE80E080F141CE704F1FDEB0C
:104CC00000191B2BEDF4F6F2000F0EB145DA1509B1
:104CD0000AC518EA4FB9170E0E08014C0100F2F48C
:104CE00001FE241C11EB06FE060212D104FBFEE8B5
:104CF000FE1FF90BFFF9F1FB010607B1F2F5F6EC27
:104D0000FCE5FD2EF509F1F2FDAD10D606F8FDF734
:104D1000FDAD0BA804FEF3F1FC09E0EE1E28F7ED53
:104D2000F6331125F8FAFCFC02ADF0A7FC0BF401F8
:104D3000F8120E9FEEF7FAF60112153C43CC110C57
:104D4000092908C80DFBFA01012DFC8C0AFDF005AC
:104D5000FFAC02EA19FBFDF704D3249842B5150312
:104D60000FE405EA41E912010F3311B205FDFBF72B
:104D7000FE0D1E4C3CE40E080925013E07F6F1FA33
:104D800000D92B2F3BC01903151C1226FAFBF9FB87
:104D900002E90FD14AB9120F0B1012BD00FBF7FA4E
:104DA000FB101CE9F9FAF8F6071101E4FFFCF5F530
:104DB000FBD426F24DED0D0B0EAE16C5F3F3FBEF53
:104DC00004CE10FF05FBF5F0FEC328EF30E514FB21
:104DD0000DFC28A932C3190B11DCF54A0800F104B7
:104DE000FCAC21BD10EC080106320B30FDF8F6EAF0
:104DF00007D5F7E60001F404FDF606E500F2FAED4A
:104E0000001FF3D10716E807FCF2F79009FBF7F94A
:104E1000FE02FFA503F3F7ECFE10DFC3062AF6F34C
:104E2000F4D911D4F2F3F7F6FE2AEE2B041CEA03B0
:104E3000FCC70CC5FFFAFDEEFEB32DAF37CC150A4B
:104E40000CD106EFEBFCFBFAFC1DF50EF903EA08AA
:104E5000FC15FAABFB02FCFCFCF72A2231C816FE5B
:104E60000FCF22D720F114F21509068DFD03F4EDC2
:104E700001A835D639E211FE0C30F55207FAF409D3
:104E8000F9DF35E827C619F8103108A308FDF6FB4D
:104E900000FC299335C911020DDD015DF7FAF70019
:104EA000FF0D019DF7FFFBF50518F143FD02F5012C
:104EB000F99B29282AE80D0208150BCEF301F5F419
:104EC000FCB4FF2AFEFAF4F900DC36E02CDE11FF18
:104ED00011DC2CEF1CCC180117CCF5E710FBEA0312
:104EE000FA9215C005ED0507080213E8F4FBF5F288
:104EF00005D5E9ED100EE60AF80401C0FBF7FCF554
:104F0000FECEDFE1121CE90AF5AB0093F300FA02D2
:104F1000FA0607450AF5FDEE02DBDC080C2CF2F57B
:104F2000F7DE0B420BFB00FDFEF1F154F818DC1626
:104F3000F136FDEFEBFAF9F5FDF721EA3FD30B115E
:104F40000CBE1B42D701FA02FEFBF8EBF701E508A5
:104F5000F2C51133CA01F7F7FF9D2E1526CF14F7BE
:104F600011C61DF20BE919EF1BD809D1D100F4EEDF
:104F700005D83AFF2EDC0FF70FEFFD42F106EF0FD9
:104F8000FA11312518D018F219050E02F1FBF6F7C7
:104F9000FA1338CA38C50E010BE406F0F5FBFBF92D
:104FA00002F30BAAE2FBF4F3050AF0A8F6FCF00406
:104FB000FD9838942EED0C060DD700B5DF06F4F100
:104FC00003D014B3DFFCFEEF049C39F239DD13F794
:104FD00014F7354318DD13F617C2E5A7ED02E30F0A
:104FE000F6DC1FCE0BE9FE03020B09CEDC03F8EF63
:104FF00002D9F7D5ED0AE10FF7BF0EE7F402F6F498
:1050000000FEEFE0F21BDE18F22C1824DBFEF5FAAE
:10501000FDF90CF3ED01F3F201C2EEA50136E2FB5E
:10502000F1F8121118F3FD02FD0004F2F6B6F8D8FB
:10503000F90BFFE7F6A2055C180C233605D618F825
:10504000C0E8F9F3FC05FF885D05F609E2ECF69986
:1050500056FC02F003E103DD2E102F0EE9F3203A97
:1050600027C628DE04F72F29B7F8F9E4ED5505EB3C
:105070002F0F1D1C2DD21348F70CFA14EC50F943D6
:1050800044032F04ECBD230747D101F2005104EE85
:1050900097072D26F6B616AC98D300FEFAB406DFB5
:1050A000EA0CFAEBF44405A8330AFB00E0F0FB023B
:1050B00002FE1A1D27A716FC19FDFCEAF43B008529
:1050C000980AFDE5F539043C250E1E1924511825D2
:1050D000C2072DEFF9DB2A0BFBDAF219EE05F919FD
:1050E0009C07020F0E3B04450710F8EAF5CDFFD9E7
:1050F000BE0CF31EEA9DFA48CC0100F2F5A400872D
:105100001A09F812E5DEF4D2A50202F1FE16FC65DA
:105110004110FAECFFD4040C1F0C05D5F001F3F399
:105120001308F9FB02320286180DF804E8FDEDF6CB
:10513000B50801E5FE570590D9121F39F5920E49C1
:10514000B2D201ED05F3FF06C609F80CE4B2F897F8
:105150002D0500EEFE19039D1A07201DD9D619D87A
:105160004EBF1DF5F48A25ECBCDAF6E4F017FFF328
:10517000190E1E1926561709950CF118ECD2F1C715
:105180002EFA1D0BD5A51BAF2ABC02F8014805FB62
:105190000B111A38DBAD11E342CAF7FAF79C04F39E
:1051A000440500EDF008FC85110FF20EE1B4F5FCAA
:1051B00016FC1B34111D16C59AFAF7F0E9BBFDC5A4
:1051C000AE0CF9E0F8B3FE53150B1C1D22AE15A66C
:1051D000E30F1E09DC071D3B91BEF50EEDE1F50660
:1051E000260303140DDF04D86011FEE1F423FD88CB
:1051F000B405ED1DE625F147AAFA00EBF8AA052251
:105200001C0DEC1DE6BCEBAAA700FFF801FE022670
:10521000E30BF9F5FC4B02BA010C0AD6F049E7B7EB
:105220000E070203FA9C024B8906F508E5B7EA3936
:10523000B7FFFCEB0135FD1094061844D20D0FC2E8
:105240002DD000F70B45FC63C20BF308E0B6EF88E6
:1052500040FCFDF40316FE1B180C1B1DB5F511B028
:1052600092B715EFE49C214CAFCCFDE6F5ECFA5B70
:10527000E2041B25181012AAB80EED19E5A1F62AB2
:105280005D001A17C3D614A79BB0F8F2FC40FD0FBF
:1052900059061234BE1E0905F2C3FAEBFB3E021E8C
:1052A000B60CF8E4F0ECFE323B02F2FEE0FBF52235
:1052B000DBF8123FFEE21098E0F7FBEDE70BF7FE9C
:1052C000860601EBF9EC0266E40A192111A81241E5
:1052D000560B1610C0911BA629BAF61BE34EEFAF72
:1052E00087F707090240073BF80EF6ECF09C015BDC
:1052F0005901EB18E594EF2ECFFD01E8FDCFFD41FC
:10530000C110E421E2B6E8E298F2FAECFEBFFF2613
:10531000D60202EBF5A90003250F02DFEB27E8EC2C
:10532000A901FF05032702D44F0FEC10E6CEE5F9E3
:1053300009FDF9E8FC4303D493010A32C8E003EC09
:105340009DEA0105FDEB0336E2FFF40CE4E6F2B85A
:10535000D8F8F8FBFBB4008D17FD141DBE3E0D37C9
:1053600092CB07E7EFDC1EB9A1D7F6E6F800F9AE5D
:105370005402162A16A60EB1BD07F005EBBCF5F8CF
:1053800019FE16FEC71A0E441DC9FEF5000401D50C
:10539000C9011328B30306C48ADBFA00FCC1FEA5C9
:1053A000D909FAF5EDE6F9F5C0FEF10AECD1F1C440
:1053B000AFF40B39FD2104BD9EFCFDFCF3E0FBB313
:1053C0005FFBFEEEFDA3FD4185051525143E0A3E5B
:1053D0009D0C100CCAB916523ECDF01EDA58EF568D
:1053E00087FA020F0DBE0A9DA608FBF3FCE4FC4BF6
:1053F000B101EC25E7FBEA1E4FF0FFF6FC26FD4F5E
:10540000F209E620E0AFDF68E4EFFF08000F015289
:105410001A01FBF5F52BFF55B103FDF5EB5AE193AE
:1054200016FA02F1F8E902A5990ADDFFF9E41FE096
:1054300006F30F0CD7D0F7F9EEFCA139C933CC0D28
:10544000030E0E1BF3E4FAFAF4FBD8FCDCDF09E9E7
:1054500001F1140BE5DF06F7F3FFA8350F11BE19B4
:10546000F414F42BE1F2E312EC1CC11F56CA02F350
:10547000EE029729EB30DB10F50EAC0311E20CE5E0
:105480000AF21B37110CC718F61435148AF0FDF414
:10549000FBFEE728F229C10D0312F015A4DEFFFF81
:1054A000FCFE2E17E3D306FAED01CAFC48E1FFED3E
:1054B000FCF6BA390D32DC0F030BE310FCE007F504
:1054C000EFF8F80F24D1FCF8F403C33CFD37DA17EA
:1054D000FA10CC3011FECF1DF61711F9C2E00EE81C
:1054E00005F6D82BDD04EB020502F21BFED1FDF818
:1054F000F8FC0DFEA0E311DC13F417062DD3FAF629
:10550000F305B9F6C9DF26D70FE9BD15D3E2FCF8DC
:10551000F1FB0D16B7E102FDEFFDDBF0D0F73BD557
:10552000F8E7EE1BE9EAFDFE020129FD43E01ED685
:105530000AEC2D0C5BDD06FAF9021A29FF3BC507C0
:105540000B0BD52394DD0900010318042FDA13E4B3
:1055500002EBC11BAFDF04F9FCFDBA20270EC51119
:10556000F30AE50C3B0DD013E6122A13B1D608EE70
:10557000F3FFEA28933DD517FD0EE6FD0CDE12DDA4
:1055800004F3B917EE03C80AF40EB503E2EFFFFC0B
:10559000F403B1212439BA0CFC040C07DEE201F952
:1055A000FEFB070B3FCA0AF1F5FA0D05B7D510E768
:1055B000FAF1DD241642DD0D060F341925D00DE970
:1055C000F4F70112AFD606F7EE03CC2E1844DE0B2B
:1055D000FF10E416C914CD0FF50FE101E9DE16E264
:1055E0000BF3FD25D202E9000203D50DB0C909EF86
:1055F000FAFEE9F3ADED10DE0AED201539E001F613
:10560000FB02D6F0A0F52AD613E41F0DCBDB02F681
:10561000F4FB2D149BE703FCF002E0F859F73BDBA9
:10562000EDEA331919F6FCF8FBFE38F017F72FCD29
:105630000BE8151991D605FAF9FFE21CB64CBA0928
:105640000301B11BCDE20EFDFE0125F524E91AE1AF
:105650000BE9E50B2DE00CFBF3FAB5078E29BC092D
:10566000FA0AC10CEE03DA0DEF11C41DFEB814F8EE
:10567000F800AD2E2639D60FFB0F13F9A8ED11DC7B
:1056800009EFB717C30ACA0E050FF1115DEC04F359
:10569000FFFEF2054D41BA030501341B95DC06FC03
:1056A000FE02C91BE3C515F6F4F9D4F704E514E3CB
:1056B00009EB9B1DF643DD080904E70450C716EF0C
:1056C000FCF91B1EABC20AF7EEFD132CDE59D60DFA
:1056D000F410E018DB10C90CFD09FCFBBFEC15DC75
:1056E00013EFDC1B3006ECFF0007331AD7BA10EFBC
:1056F000FAFD23F7B3F41BD30FECAD1490C406F3FB
:10570000FA0208F5BF0030C50DE2B1091CCF0AF35B
:10571000F4022D080ADBFDFEF2FB22EF1AFD45D252
:10572000EFE3D00A36F8F5F60002D4E1EE0344C008
:105730000CDCED1301D10AFCF7FA0C211144C4FE74
:1057400009FFC8040E170BFAF8FF21E935F822DE2D
:1057500009E917F48B0A11F7FDFF9A2A9518BB0384
:10576000FB08F519CB04D308E712DF072BDC1EED8D
:10577000FBF9C529294CCC05F60B28ECB9E618DA5B
:105780000AEFD828EC0CC403F707370D44CF02F317
:10579000F5FBE82B5527B104FFFC0311AAED06FC2D
:1057A000F9F9310AA2D915F0F6FDCCF231F817DD7E
:1057B00006ECF22CFA50D5FC0606C50BF2D215F217
:1057C000F5F9F90BE6D218F2FCFCF540F03BD700F6
:1057D000FC0BC129F41AD001F909D0F1D7E61DD983
:1057E0000EEBAB230E17EA0005040503C9E31BF516
:1057F000F6FD00E80BF12FD615E9E50E96CE0CF379
:10580000F4FA27DAC50F3DCA15E2E4F946080CFAA6
:10581000F5FFCDFEB9CB10F4FB0207D6F20747CA5D
:10582000F7D9BB19ABDF05FAFD0200E90DE5F3E896
:105830009CB4F3F8FEF5FA036AE1080423DBF2FEF8
:105840009AFEF7071201B103F3220AF518E5F5F500
:10585000A996FDFE0FFCC1031E1E0807F6C7C5FE74
:10586000EF18EAFFCEF0170DB749F4F7F5FD270062
:10587000B815FF0F171B1E0F0EA91FF30CEFFDF439
:10588000AEF8FDFFEDC725FF9DF2E8000100ABFF7C
:1058900005E505FB08BDCBFA9CD1F8FFF8FF2F000A
:1058A0000796FFFAEEEFB1FA3E9DF7FE06ED1BF408
:1058B000FFD6F7FD18F5CE04B6CD12FFF3F331F69F
:1058C000524002F8EFF2F00390CD050A100F1807CE
:1058D000BCEE1F06E8D7CE077125E9F01CE712EDF4
:1058E00067C7F30A110AA0083A1010FBECFB2D0160
:1058F000F395FEF21DE8A6EA1D4DF6FFF4FDCDFE80
:105900003A3D05EF19E608E6FA2300FF09FEB20961
:1059100048C000FEF4FFA4FE18A707F9F1F31FE743
:105920005F52F9FFF9F6A5FBF78807F314F8F6EED6
:10593000BB1DFE0107FAEE0531EF06F006D8B6ED05
:1059400031A5FB0A23091609ABBF0F0515FC10FC96
:1059500096CAFD0B1B16B709271505EBE8CC8AED97
:10596000DB38EBE0D7F0E7FAC2A1F4020408D50671
:10597000B42B0005011F0700AF92210018FEE8F9C3
:10598000DF3E06E8DACEC8E9EF9BE70403F911062B
:105990001AB001EB02C1EFEA3A8FF70004000D05DF
:1059A000D22E0A01FB002404900003050DF5B9F87E
:1059B000DDEC05F31AFD08F2A8921402040314FFAB
:1059C000FCBF00FF0C090107B62200FE0B0A38FEDF
:1059D00016A61AE9D7D1B6F12E84E8F911F4E6F447
:1059E0004EDF0005140CAE0BC8540E08F705D608A0
:1059F0001BAB02FF19F115F33BE10404FE02570350
:105A0000D751FD0C210809FAAA0D0D0E160FF00D45
:105A1000C2F207FC06FF110345A8000A00FD17F3B8
:105A2000CEE608FD0505D3FE1237000F1C181C0337
:105A3000CCA21A0E13135108B3050EE302D4DDE90C
:105A40008D32030C24174810A2C911152D11A20A7A
:105A50005FDB110F3727A60F15C813D5DBC933DE5F
:105A6000FC43E9C7C7EFBCE1144CE20C19169A0CD1
:105A700095A511F5011891FEE7351F161D0952066F
:105A8000DB9B0CD0D7D426E0AA47E7041907A6056C
:105A90008ECE03E3F0C6E3E3C2FFF9051608ED0C72
:105AA000071C080E0917C705CA120E0F181052045A
:105AB000FA3C0BE707FCD7F421F8110F120EBA07D6
:105AC000D700110F21183E098CB612F4EE0BA7F384
:105AD00021F11ACFD3E017DE4123E20C1A0CEC06B9
:105AE000BC0E120D1F11010DD53E0D0A131C9F088F
:105AF000024211161E12FB039E0D110C1915A40B68
:105B00003E3C0C2722340C14EEC33313351E9F1376
:105B1000E6EA160E17051A0A02310D30012CBA0DED
:105B2000D9F720FE1203B709EB220E361346E61A08
:105B3000465D2E102E220E1160FE0CEAE3EDE0E72A
:105B40002DDD25132430FE14AB02152F1335BB18A1
:105B5000B8891F0E2638A110CA4214DACBC52CDC36
:105B6000085500BAD0DF21D1BDB5E4152831A71200
:105B7000EC4E12F8E105F0F8E4AD2124173644129A
:105B80005ED51DD1C7CB81D4B909F10A1718E10F31
:105B900092000BE9DCD686E0C9E4140F1E13E9126B
:105BA00067450C17172EB810ADBE1625162F3512E7
:105BB0008B1F1DF3EC0131EDCAC024191825BB154C
:105BC000DE171E191B263D15193017F4E2070EF7D4
:105BD000D5E01BD0CED5DBD3F5CFEF281827C011E9
:105BE000401820061011EB08AFD21319172EE1153B
:105BF0003256122E1D3C971DEE4E29132D1D9C1260
:105C00001B15104E0A5DB82FA50A4511282D9216B6
:105C100001361012281FB514BF550C58F953C52E64
:105C20005AC93D0B140C9D0CD6300F0BD5ED1E3D03
:105C3000C211DD0B04F2E60CFAF2FC0C37242BD176
:105C4000F2FBF9D808FB2903010107C3E8BF131CC5
:105C5000E101F0EEF28A19FD03FD061442CA14DBDD
:105C6000FEF2FEE02DFBFCECFCDF03EFFF96F919E2
:105C7000F6F8FA0840C846CB08ED0AB1E6C5FC20A4
:105C8000E603F2A534D90BDFF4EC0220FA09F71091
:105C9000F5F7020F353E1ECDF3EBF4150305FC0BB3
:105CA000F6FDFDEAF0B1FB1BF8F3001DE4300D1F1B
:105CB000ECFFF41235402FE5F50201B2F2E9F519D7
:105CC000F5F5F6D7F32FEA15F9F7038D45D024DB68
:105CD000F9F501D233F101DBFDE601DCE5470C29E2
:105CE000E105E6CB26E910E8020203FDFE22F20EF2
:105CF000F7FC02FDED52062ADB09ECBAFE95F20D27
:105D0000F9F604F0D02D2437D507E5FBFAB01701DA
:105D100008FE023604C2EA07F9F603F0D1ED304B73
:105D2000D0F5E3230C49E105F6F6FF22C433323BFC
:105D3000D611E72CF7A008FF05FF07DF344E1DE65C
:105D4000E1F2EB13F60942E8020905CFDA2F310838
:105D5000ED05F7FFEA004DEB080606952309F1FD76
:105D6000E3EFF0DE132BDC07EFDDF231F6BA2608A5
:105D7000FA010202442621D8FEE501D2E297320A56
:105D8000F405F8FF2334E205EBEBE92E001D0205D4
:105D9000FFFDFDF830D211F5E3EDE9EC08C802FD96
:105DA000FDFF05FDEA551312F6000402DBDE270EA7
:105DB000F106F8D92EEB21F2E8F6F5BAE3FA0D1167
:105DC000F40AFEB1E9CB190300FF03E32D530EF2F1
:105DD000EAE8F5D92A1DDD05EDEDF00EDBFB28170D
:105DE000E80FEDD1200A20EA0B070617ED170A038A
:105DF000FEFD04FAD1082C18EB09F1E2F7D40C0CE3
:105E000006000512D5B35611ED0AF8F6FD423AED3B
:105E1000050E06B5FAC6130105F804D3BCBF5C3203
:105E2000DEEFE7B814D5F60AFCF802B9C3ED490F66
:105E3000F409F6C0F6512DF1080709FD31B3E9FD6B
:105E4000DAE1E50603C133DA0B1608F7D52B4CE48B
:105E5000021407EDEA1D45D30C110E9612F6D1146B
:105E6000D5E0DD08EAC3D736D8E9DD2EE05149E9AF
:105E70000A1706CB40500DEFEDDCF5E7DA4537EFBA
:105E8000060D05E911C7D51DD5E7DC17F0261DFA6B
:105E900001FD04ED173DDD0DD8DBE605FE9221F195
:105EA000010605CBDB8D40EE080F04B4E3D647E9CD
:105EB000FB0F061A2B3EF901E5EBEBADE5133DEFC9
:105EC000FF170733E2E744E907070E9934DEEEF8DF
:105ED000E3D8F6D508FED327D5E6E5F8CF9939FD06
:105EE000F618F9162E2F1BDD0D0907E3E5B635F17F
:105EF000051108BAE2F541F2FA1200D5ECD431F5F9
:105F00000A040C10E0C359D81309152BFB5040D4D8
:105F100007160824EAC934ED0EFF0C41C4B1570A34
:105F2000FEF2090C18DC08FBFEF601E2D2434BD26C
:105F30001C0D1C18EC1839D8100F0EA8221CE107F4
:105F4000D7C6EAC71DD73ADC131F1021F2543CC84C
:105F5000101413ED029344CE112B1105000FE92309
:105F6000CDD3D8C0CDBEDC44BBE0D2DAE1A347D06C
:105F70000D2411113392EB04ECCAF80BF4DE40D679
:105F80000F1313E60013E622CAD8D2F0FC122EE259
:105F90000D1308090B97DC0ED4C6E1D5FA9B3ADB4A
:105FA000090A0EF8EE4D44DB082009FCEDB53BC9AB
:105FB0000F1E0C132641DBFAE5CDEFBAF0E33FD616
:105FC0000B250A11E78A38D2091F11A923C9F1FA52
:105FD000E6C3EEBEF4D4DB27CDD6D82BDB1E41D5ED
:105FE0000D171017292E0CDE0D090704F0593FD5A7
:105FF0000A210E12F0C344D2160F1036EEC43DDA59
:106000000E191129E41448B8320A2508062037D59C
:106010000B200C0BEFA63FDC09140DE2E60260CF6B
:1060200023F125D50F222EEA04FB060055F568DC86
:1060300039D7CD58122E31EB17A22F12FBE2E31203
:10604000EBC7592F070C269E06FFC4122F00403EB7
:106050001EA80B30FD0C2F470A3D0C0DEEDABF4693
:10606000E1143310BCE2CBF5CA24FEDC0C1733F08C
:1060700010A42619FDE4FEDEF694D6262B083DD5A5
:10608000190E9825E2DDC7F6DD0A3C07122929170B
:1060900014339211F6EBD4FEEDEBE11B181B221921
:1060A000169FD61319173D0B13023A152513401BE3
:1060B000168DF62602F60190F5D96230160B340ED5
:1060C00012240018121A37AB11C3BC1BFDF502B71E
:1060D000F60CE22BD6E2BF21DAD09AFE340744E96F
:1060E0001C97832D090712EF0D4629170E133FE069
:1060F0000FE9A41233044A2A26059F3A161B30E101
:1061000010A396135AF0720B3ED84E5B011834AEB2
:106110000905E110111E35D51227F0147FE37F9297
:10612000424ACE5A0F281CC810421E0E5BE7760B5F
:106130003B9D8958062132F10CEC43160909D9110F
:10614000F5300227F0F4099BF7BE19011CF83DE574
:106150000C9E4A24ECFB15ECF6FD3CF803F9BC9BC5
:10616000EED7B516E6FEC88FE35EA1F1FDFC2F9DCC
:10617000050A2D0C0604FA0DFEA29821150D3A28E9
:106180000FEE221F0408C199EEDF24050C1F2130F9
:10619000111DEF100701CF8BF556C31C09151D52B9
:1061A0000EBFEC140C0439F0055F8C1210FB2D555A
:1061B0000B54D0180E0E021BFD8D212C0AFF384BFC
:1061C00009F3E613000226320397F40D100C00C603
:1061D00005C2A021F7FCBBEBEBFF4801230544C837
:1061E0001D9ED72F060B0AA40689BB0AFF042BA904
:1061F000091EA00A2504459F1A4F592EFF17269EF7
:106200000AC4ED0838E656E31FCA1A3BECFF103704
:10621000FAE654FF081534D909A73E0E78C87D1B4D
:10622000482DA5570D1E1E1111A51C1C35EC4893B9
:106230001AFCC036F50220E9FE33D1FF151BF341ED
:1062400006B45A23F4F0019DF61FE4EC07F5190D8E
:10625000FE081809E7ECF5CDEE1DBEEC151BD0FCD1
:1062600000D3361714FDCA0C0BECCD09F9EC0D5117
:10627000FC66D6F30E1C08C6059947240C0325546A
:10628000F9CCD40D1316B9D4FB299A08F9041BD301
:1062900007930B061523DD23032FA81FF4051747CB
:1062A000FEB72301FBF61A0CFBD617FD05F31EC142
:1062B000FEC1BDFF1628099007564133F8F11ECCE8
:1062C000FBA506FEF7F81054FEF441F81824FEE78B
:1062D0000713BA2A130DC122FD03000C13003195D8
:1062E00000379F10000C0AD3050AF410F7FC12497E
:1062F000FF968FF31307284B02BA8A0EEC0A19FB9C
:10630000F9DE5AF915F2210E01374E14EB00F602B0
:10631000F499FFE9F2FD1918F963E9FD5CD552D251
:1063200026EA3E3003161FDC081FBC0F13F51E9C27
:10633000FE25E811F2EE09A0FA538FF40C22F4EADC
:10634000FD69571C0402072B089A54EF15F51A3102
:10635000011501F70AF2030D0564E3EF101EDE28B4
:10636000FC2FF5101509CB2207DA3E0B0CF408EED2
:1063700005D529EB0F1CFD030A92602C14F217BE01
:10638000FC5126FF071AD6D7FBBDB508EE0807203B
:10639000F6490BFE0527E9FEFCA25715F4FD0DEEAC
:1063A000F99411F7FEF411ACFF60A1F010F11C2775
:1063B000FB0E89F70533F2F0FEF23F250DF01727AB
:1063C000FCE01DEB06EE0DD80088A4F2FE22F2439D
:1063D000FC644E1A0F1BD31D000BC70E0E031FFDCE
:1063E000F9A4F5060E1905BD0BF5480E0EF30AF6D5
:1063F00000A039F416FC1DD4FCFB1902F4EB0B1BB6
:10640000FE8CC8EC0FF71F04F60127010D00F901FF
:10641000012CC6E9F4F610CEF63129F132EC2DB09C
:106420000BBC3E05F11205C800629308C0F5185375
:10643000AF31072E26FCF146D50B1E0E00103CE8AE
:10644000E9E3BCE72816F109F8051B04F8FF9F30C3
:10645000CF151E161606B717F7FF2405E1F7C7E597
:10646000FECDC1D885C694E838B2E8C8FAF0C33F7B
:10647000E0032C0DB82AE0F1F0E7C0F31EFB05396C
:10648000C4161F170AE811E409C6CBD9F9F814316C
:10649000DB101B1208F8C6F4EBD7B5DED1011B3FA9
:1064A000DF09100B20F6163CD60C2E0CBDFCFA4072
:1064B000C70F1A0EC820E4FDE1E8C4EF0EF4AD37B3
:1064C000D8092D0816FA3134D709320DBA18F9FA5D
:1064D000E4EABFF7BAE4DBF415C5D1CE09EAD74048
:1064E000C018101BBD20AA0DEA050202E3FCB03063
:1064F000DF08290BF6F49339BB20161A1DEAD73CA6
:10650000D50D290F28F81346A52E0730F114A2192E
:10651000F4001D03F4F51C40D30D240F0204B757FB
:106520009D3EEC3C170BB336DA0D060E1907B02A68
:10653000AC30FD39F8ECC62DEDFF2902CAFC3E2037
:10654000CBE7C8F1321421D922ED12F9FDFFD62292
:10655000F2FD1502C5083CE621E713F008E5920FAD
:10656000E4DAC4E8C3C4371BFCCBDADAC5F9A11EF0
:10657000FEF530FAE21239F9D2F2BDF8F6EB9426C4
:10658000EAFF210691E6A612DCD6CAE0C408412D36
:10659000E0091A09B6F8CD1CDBE8BEEADC11ED23F0
:1065A000ED071A08F7EE2115EFF63103E9F6B310FF
:1065B000E9FB21FEEE0FA21ECCEEC5F4B5F7B7261F
:1065C000F3F524FF04FA9A1805F12BFDD9FD932762
:1065D000D3F7CCF8FDE0DD16E1D8C9E005EDDF2BFF
:1065E000D80B160C0D2A2F09E901F80107F4C60B88
:1065F000F8F12DFAECFE3119D9081214D1FA532F03
:10660000F0F5330007ECD821EE0CFA1FD512CBE4DD
:106610001EEB17F21AEDA930EB022D063E0C483B9B
:106620009F3ADF41AB0C3A41DA10161108EB3224E5
:10663000EF05FB1410FAA4121CEE21FA8C01DA3ECD
:10664000E4F1D1FA340CBDFC1DEF08F4CBEA9F0E47
:1066500026EA0CF2E4FAF8F931ECFCEFB6F8202E59
:10666000F3EFD7F392EF2537EFEECDF634FDAAFE28
:1066700025ED0FF7F914A43DC9F5D5001CEAB112B8
:106680001DE80EF708F61F36FAEED8F8CEF9E80343
:1066900005F71CFBF60BDC39F5F5D0FCC1035508FA
:1066A00014FB16FFCEF6A60D19F014F2F2F6B81A86
:1066B0001BEA0BF8F6055749DDF4D60226FC2B0E33
:1066C00020EF14F1C5FE21101EEB16F9DD05D73CB5
:1066D000DCFBD203F9F44C42F2EDD2F0B1EF5713E8
:1066E0000CF51401D61FEB15EE08FF0304FBAB07F6
:1066F00023EC19F7D6DF541921F205FCE9F1F9066C
:1067000019E71BFAD6C6A62F2FF1EFFEBBFC47E711
:106710002FE700F5B8F3130618ED27FA04E2DF2F90
:10672000F010D326011C1C09F60A1D04D3D32A2518
:1067300042E8F1F8150047F91DF111F7F804B440EB
:106740001CEAF2F52006A70AF206FFFFF9EB921AFF
:106750002F01F6002DF9AE00FD08EA039903023877
:1067600027EFE3F60E1D293621F2D8FD200B430A50
:106770002501FB08E214F63FEDF6E301BFE5F91051
:1067800026FC00FA9F0ECE402BECE7F51AE9FD023D
:1067900018F117F5B900533B27EDE8F1C0FCB5F44B
:1067A00019EE0BF9C9FC5B0721FAFBF929EA380558
:1067B0002EF9F4FBF10D344108EAE7FAD7FFE011B6
:1067C00025FBFB030500E50320040104A702CB44DD
:1067D00003F2E7F4A40FC63A24F1E2FABFDFF6149D
:1067E00027F001FAF31B0E25DF0DF705F90348FD2D
:1067F0001705F90011E8142332F4F601F1F4CBFF88
:1068000022F800F6CEC68B1B3DF5E0F92DF6D70C2D
:106810000009F5002EF45A0927F10CFB1EC9454367
:106820002A02D109010538091FF31CFC0017DE1AE2
:106830002FFA9924FE0AFB07F2083333F4F61DEC15
:106840001EF61004181810134E0B5514F828FF1FCD
:106850003308B71FF11D0D142C12DD98F0F715E267
:10686000DEF200CC17FA03DA3FF9C418F92AF8105F
:106870009910AD39ECF42AF79BFC22DA1024FF1BA7
:106880003702F990F1F715E2BBFBCAF510F90909D7
:106890002A010F54F8F511E6B5F4D1051DFEFF0CE1
:1068A000F500B1E8F420FA13380EE588F126FA1362
:1068B000E9023AC8F1F325EFD6F503A71427F31937
:1068C0001D084219EA1CED0E170F00D0E7F31DF169
:1068D000BCF60B1A1BF70BE50FF933AD0D18ED11D4
:1068E000C3FD9BABFE0E140EE30D8524151FF01B9C
:1068F000340C36A4E827F8205AFD4B3CFA11EF0877
:10690000CB062BBAF417F116BBFBCC97F01611157A
:10691000510B4DB2EF11FC0E180C9728F022E71422
:1069200040FC1552F2F4FE0807FD02BBFF1DE40F08
:10693000F5FB3B39F025F91327102AFAEAFC04E7A6
:10694000970039A315F61A04D6F8AA2BE4220011F1
:10695000F505D4A0EFF62702D1F506ECD50401EA3F
:10696000C501A76C1E06FCE6DD08B0D108320C207C
:106970000414D6ECE3F014EA28FE3BAF112E051701
:106980005A0888E7F10705E8C105D2EA1716070E8D
:1069900024089832F504FEEAD405FD261B0D0519DE
:1069A0009D075F1CFA320819A2191339E92DFB1A49
:1069B000580E3FBEF4FF12E5D7FC1CCF143800235D
:1069C00018134586EC2B051B9A151F3BEF0708E5AE
:1069D000B600209C160908EDDF01CC06171FFF1535
:1069E000F103D8F6F400180F2B0250130630FD26E1
:1069F000AE18118EEB29FC119604B62FE71D0C136F
:106A000023150557F0FD05FAEDE163D8CCF52AFE14
:106A1000B2F54026DE21030F08168942E81DEE0676
:106A200045F33D4DE71308114E0DC05006FBFEF92E
:106A3000C8DD8EF9CF110E133B08FF8AE80C06D78C
:106A40009B095D5A1DC726EBB0D9F95CD6F015EC51
:106A500054E8C88CCFC921DF3EE2595DC71AFFD97F
:106A60000511A51D1112FEDD90131CA1191B0D0DA2
:106A70009A0C521BDD0AFAEB2D0FD857240014FB99
:106A8000D8EEF3C8DA1102D434119111160B0D139C
:106A90009E00A2A7EB10F5E19B0B159112FE1213BD
:106AA000D7FD1C12EF27151608145DD5EB051B0248
:106AB00013F61805D310FDEB2F0BDD4D181B120A32
:106AC0001A076139E111170BCA08FD0FE01305F928
:106AD000EC11F2481F1CF5E4A112BDB81A090BF71E
:106AE0000CF037CADAF524112401C714071B171656
:106AF0009B0E4229ECF814F80FE31E8ED00A0D0805
:106B0000B406BE89E5C41DD550BA0108C0BE25E54E
:106B1000AEDF220ACC0B1418E7079F94DDFF19EEB5
:106B200096E22A10D1160911290DE9AC00CB2EE30B
:106B30003FC90BCDCFE91FF41AF21493DB18ECE533
:106B40000C102A2C07B220D1B6C957DFDDC216DEE1
:106B5000BCD3CD8ACFBA1ED02BD15FE2D60EE8DFF0
:106B6000220DED89090EECD8200E45F6FCD112E479
:106B700090EAF120D116F6F7421097E70FC420DB18
:106B800015CFBFA7D015F3DC450AAAD4FCDF21FB43
:106B9000C0E9BD1CE212E8E7E309F8C2FFDD250504
:106BA0009AE4E135E2E415EEE4EE58FDD5C913DCD4
:106BB00093DA24D2CF15F1F225119CFF0BD220ECF1
:106BC00037E45CA0C8E018E82DF1F718CE11EEF715
:106BD000F60C29520917F2D92E0F409EFBC716E07A
:106BE000EAD4E921C90A1F16F4074F7216E00DE333
:106BF00034EE13B2D4C622E343CF030FCCEB0FF72E
:106C0000CFF1C308E0C603E124E10FBADEB225CE1E
:106C1000DFD1A8F9CFE610FC1EF4D1AFD5DC21DF1F
:106C20001EDB3594CAFD040951F5BADAF20FC6BF6E
:106C3000173CFED4FAB602CE0DFC06F206CB0E13BC
:106C40002E32DFFCE9AF043116BB08FA06C6D7F7CF
:106C50000A0706EF07040AA120C90FF60A9A179C33
:106C6000263FE1EEF2992DC81A51E8DDF2B513D0B6
:106C70000D001BE616990B342E1BE9F2F020E347BA
:106C8000020E0DED02BC134C1147EEE6F326E9E6C9
:106C9000100CF4FFFBF106C82D39EAF0E926EC5B95
:106CA0000BFC0604FC1C070F100A12E60BE7EA2E89
:106CB000010A08E305B80D513424DFFDEC1EF7A0EE
:106CC000051014EE07BA06BB09FA11EF0D961B1456
:106CD0002824E6F7F1CB1BEA1F4AE2E8EE39E52566
:106CE0001A1D08ECFDCC2C9223DC0E000C020FB315
:106CF000020119E30FBBD401121A05E7FE0F0ECDF6
:106D000018000EF4073CCAFD061600DDF72411A496
:106D10001AC313F007C30E230C070BEE08D0B8BC40
:106D2000203AFFC8FCECFF92F70DF809FF18C1D418
:106D3000FB10FDDAF51E0DB215D216F214DD1DFBA7
:106D4000ED29F6F0F7CD0E3618B5E01DEE1EC49D08
:106D5000FDDD07F8FDD7F49629B2DC16EBDD1A85C8
:106D6000EE2F03ED04A030AF022C04E304C5090CA0
:106D70000ABF16F5159412921D1FECF5FB0FD6C530
:106D8000FCE10BECFC122BFFEE2A0AEC08C7FC4BD3
:106D90001ED708FB0CE210C2E528FEEDFCC2010183
:106DA00018CC060809D102A70DD818EB12B1DDDA0C
:106DB00007DB14ED08DE16DA0328F2F700BB000942
:106DC0000CD715EA0C2A159514D312E6138127ED7A
:106DD000F92102EA06DC2EF2EA2A05E204CED83FC7
:106DE000F4F609E4FEAC212919D7020AFFC311B554
:106DF00019CB12E7133BD2AB07EFFEECF8BB0DAC9F
:106E000016CD17E90DFF98BB11F8DCFCD1E2FA3E74
:106E100028ABD616ED25068C13D816F10E25C0E941
:106E20000A16F7CDEBAF014403E20F0305EEA825E8
:106E30000B02D6FCD3BC0BFD1CABF7F902B500442A
:106E4000E51416EE0BC20B4632D3B434D4C5C1F8E8
:106E500022F7D907DBF403E72EDDB048D8B4FEB043
:106E6000DD0B20FA0E080443F10F19EE15CCFF9A42
:106E700022B9FA0C02D01E4D090907EC0DD7B9E36F
:106E800012E9E10FDCA0FCB7EF111CF315370C5031
:106E900022AEF103FFF20431ED0A17EE13E00C29E4
:106EA00021AFEF0BFA2EFFFA22B205050DE7C4AAB7
:106EB00011DEE805E8AC0E3CFF0C16EC11C6F0AC98
:106EC00015C0FEFC05BF082E17B1F601FEDF1C330E
:106ED000F3FD1BEA14E6040CEA1020F719C8C3EC12
:106EE00004EDE008DBA01DAF28E1F90AFC0D150850
:106EF0001CAFFE0805B0AA901EF6D501D7250CEFF1
:106F00001EA7F2F7FBBD9E43320BAE15B8D6028E1C
:106F100023DCB33FDBE30A2417A9F6F5FF0FB61312
:106F200031FDD3EED912F5081AA9030309C7AFA59D
:106F300034FFB910BF2E14A21DB5D31BE9D5F10142
:106F4000E203170415091BAF1EF1A057D0F7D0A01C
:106F50002CF0AA17C41130C82EEBB447E017DC267A
:106F6000FF0E1B010EABE503EF15191113B2F3373A
:106F700026ECCF2FE79A01A5F50415F4141AC88959
:106F800022E6AB1BC99AE3D6F40F150C0D0408F2E8
:106F90002B9EC214DEA1E542F20D15040F3310D969
:106FA0002AA4C216DCD1EEA325F9D723E5DEDBAC9B
:106FB0002EEDAF19D0CDE6DAEE0914F415BFE5D405
:106FC0002AE9C92DD9C3FDEA22E8D735F110EE42EE
:106FD000F20514F812D3DEFCE40C1B0B13FAC3E227
:106FE00026FAAD1EC2C3279427BC01FE06CB0217AA
:106FF0001AF0D333EDEECA972CEFAA0CBCF508F6C5
:107000002CCBD620F0F8DFA32FE0CCEFD637310021
:1070100032E8A94CD5BA0ECB24BDD218EABFAFFDD9
:1070200033DCC3E9D91CEFDA1BABDB15EF00E2114F
:10703000E245F56593DFC818DDBAE487EFD50DE7C3
:10704000FCD301F323F8D018C241BB9C32EBD90129
:10705000E2CFEF00AFDFB71AAA1CA5D307DF08E025
:10706000F286070187F003DDE9E4013632EAC8035E
:10707000DEF0EF71ECE208EBFCB7050FEEFDD7FE9A
:10708000D951EC8F39DE04D2F5E205D942F0C025A2
:10709000E9B0D5E6F8D50DD8FF3506A45DFAB628D7
:1070A000E942D36B62DDCB08E1F2F29FD6DEDAF97A
:1070B000E351F4F9DDE905E3F14109A22FFBD10425
:1070C000E119FA42F1E3C401D852ECB667E110E1EC
:1070D000044709C159FD0BD9EA420427EDF4D6094A
:1070E000E748F26301DC092C0F330CAD9D17CFFF8D
:1070F000E009F08FFEE3DD02E3C4EF649AE5CC1112
:10710000E63BE416A3DBDD01D68DEFA438EDC11616
:10711000B6B6AC71FBDEC71CDA02E39CCBD0ED0740
:10712000DF16041A9EECDE0B0D20E2B005EEE0FC4B
:10713000E1F10168DDECB90ED90CD5A48AE508D8D7
:10714000094806C1FDF9C729A2C8A038D8DAD3F783
:10715000C3E9E1713FDFB0209351819AC4D7FEDECD
:10716000FB04065D00F102CEFBBBFD9AE3E9A00F34
:1071700099409A2A9CCE00DEFCFA060445F6D20518
:10718000CDD6D88F2CE0FFCE01F102C5ABEEC518ED
:10719000E428E1CFEBDE05CF05E9004782F8BB1517
:1071A000D609D4DF36EDAE0FAD1AB1D9AFDCD1FEC2
:1071B000BCCDD3E423DF02D60C45044829F6BA0A35
:1071C000AA12B81FFED29E0BA5ABA7F061DA08E4A5
:1071D0000F290AF9A5FD02CEFABB031CB9ECD301B5
:1071E000C990E422B2DF0C2C1BEC075DD317A00D75
:1071F000A5D4A6C49FD1E104CEBEE8344FE4B806BE
:10720000D310D69B20EDDBEFD5B3F7C31DF8BB271A
:107210009BFE82D343CEB90CD4E9DAB3C9E5F100C1
:10722000E117FE8D4CF1B135EE1ECEA190E6E6F2EF
:10723000DDDDFBC66DF48728A22F86C114D704DEDE
:1072400009A403399FF4AD30CBFDC0C996D5DBFC52
:10725000C2E4E66940F0A12BA8ECA6D206CAFAE384
:10726000051A050EBDEFFDE7F14A00FE51E79F123A
:1072700090449442EACE01EF0C20098F1904D2FE0B
:10728000C423DFD5B9E4FBE803F404A435EAB51060
:10729000C5C5B6A558E300E9020F024484FBC31D2F
:1072A000C2B4B42729E4A90A9CC392F397CECCF5C3
:1072B000BA1CD2B5E6E007E211FA09E0DDFCAFFF47
:1072C000A6E4A4CC4BD6951893B58170A0D105EF58
:1072D00014E903183700FBE9FAE9FDE39BF0D5FD5B
:1072E000CE8EE34FF8EE101328CD0A35211A9E0DED
:1072F0008FA09118BCD2DEEDD321EC42EEF59318AD
:10730000994886B145D7E2E8D73EF0D9C8F89D2E16
:10731000AB91AE0AA2D08F2898978A3A3BCEE8F478
:10732000E941FF5685F9AB31C3E9C538E6E3EAE840
:10733000DFC0F738E8FC982199DA8AF4CBD901EA62
:1073400005A9059922FCD4E5F644DEF6F9EFDEF94D
:10735000CC36EAADD2EDE2E2F4AFE427EFF602FC80
:10736000FBA105EF30F9FEEFF52DFE4325E7BC0F3D
:10737000B9F8C330BBE205F40B9508CE9102E1FAEF
:10738000C89EE51101ED01F605270046B1F4BB2AC0
:10739000B4FDA2A23BDAFDFDFEED07CBC5F9C31893
:1073A000C440C42A27E7BEFEABAAB3E716D8DCFF69
:1073B000BC16E4EF91F103F005490ADEC100C5FEF9
:1073C000B6E2C2BDE8E4A60AABC1A95125E003F5C7
:1073D0000BBE0A2320FA00F60509FE8D48F1D9F408
:1073E000D0D5F022A0EA0B0C22CB049AE216B40608
:1073F000AE50B4E960DCE9ECCD31F4F80DF9AF1E24
:10740000A909989926D1EEFBD518F439F7F8DEEFE3
:10741000F1C0DF1FC1F1A026A0C994E249D5EDF962
:10742000E2CAF7E6E107BA34B508A728A9DBF2E912
:107430001227D3EBE6FAB6272728DEBC3EE2AFD907
:107440002FEC1A0D0F08B936B933B09B17C6202A96
:10745000BC13D9E9ECE8B93FB92ABA8C09A9F3E21F
:1074600038E9200D1104CDD2A8E41C080A04143612
:107470004526CED5F6F5CBF01BF419080D0D301CC2
:10748000E628D9EEEDF2F7E9F6E724041106EB0958
:10749000A324D2AA3FD410DF38DB17040805BB1D94
:1074A000391CD9A747D21C2AB527DECE0DEFD22D25
:1074B000CB1CDBEAF5F39AE3EDE61D11060BE62C97
:1074C000E327D2DFFAF20032DF17CDCA10EAC2ECAE
:1074D000F3DF160E010A96E9B9E924070703DB0377
:1074E0008C29D6E3F1EFC424FA249C04010BDB3889
:1074F0008926D5DA09F9E40D291ED4F5E3F4201E16
:10750000F116D2C537E4B92AE720D2F4DCEBD44334
:10751000EB1FAD9B17B4021B3F28D7C441E3B4EA6D
:10752000C62ACCFDD3FF09089B0DA6BA25DCDD29B0
:10753000201DE0F8E6F3F847F62EC1C4FEE104F89A
:1075400043BB220E0802D620BE42C281FE9E0D3AE7
:10755000BA11D9D9EBDD2A289F2AB988F483AF0460
:107560009EAE220EFF0993F194B422080C0422452A
:10757000070ECAAAF69AC3EBCAD7170B0104D64165
:10758000381AD6D5E8D1F1F339A818090B04E02D43
:107590000425C1BC30DCA50120B817080304DF3F77
:1075A000AA26B3AC2DDBC1459E14D6BEF0BBF34C6E
:1075B0001318D9D6EBD3B9F800BE1B0503082E4D1E
:1075C0001C16CEC3ECB2F03C301EC0A5F9ACE1F6FF
:1075D000B1C51609F90BFEF60EB320060800C4412A
:1075E000BC1DE0D9E4DFE922C81DAAFF0800E33D85
:1075F0002926D1B2F3AC1A3A151AE4DDE7E41034C7
:10760000D217BABAFBD5B9484A1BD7EFD7EC2A2A0A
:10761000DA39B882ED811B3CB81EC2C206E3481EAF
:107620000215E5FBCFFFF92FE812DB9745C3F340C6
:107630000418D6F2DFEF192C9439C087F187ED01D9
:107640000C9E1E0A0406C3120230CA91EBB6AD4E60
:10765000C116C6E4E4DCD32D063EBC8BE6A6F5FCE1
:1076600058AF1A0B0103C60A9AA923040BFE33571D
:10767000F21AC3BAF39C9EF6FACB120BFE08F44D35
:10768000C712CAE5EBD7910ECAAB1E020D0627261C
:10769000CA39B0A300BE0805199B20070B072A2989
:1076A0008A40B1A1F9BACD50160FC7C1ED9ED94E8F
:1076B000C211D2E3EDD7F0FEA8B918090B092B4986
:1076C000FB1FCAC5EDA6C638AD1AC0A1EB860C08D3
:1076D000EAC10E0B0A04BF05F3AA17060706F14616
:1076E000C71AC8D8E2DDFE1ED41FA504F30A384A23
:1076F0003B22CFBBEC98DB50E31EC7ECE3E8F13252
:107700009E30C58EEE83B74DE215DCF3DAEFF71548
:107710001E3ABD91E9A1C82CB937BF8CF885242742
:10772000EC15E8FDCBFA2730C634E39041C5D63AD4
:107730001F22D8F2D7F0F035EC2EB29CE987BE04B8
:10774000CEAC1404020B0E2A5719DFAFEAD1B148B0
:107750003F24B2F2E4E725394604BCC0DCD6150864
:10776000BDAA0F070908C8FFF1B51B081002B351E5
:10777000101CC4CAE7BBD510AAC0110E090A0D51CE
:10778000DF1AB6EEE8E1BF15F8AE16081006B21F14
:10779000CE32B49CE79BBF1511A60F050A09E71E60
:1077A0001044B4AFEAC50754D61CC0D3E1B1354884
:1077B000F21BB3EEE8E00217BFB80F08060ABE508E
:1077C000C314BDDDEABDC9420028BFBCECAAC5098F
:1077D00004C60C070606D90529BA14030500254E70
:1077E0000020BEE8E3EAD021F51EBB03F8061B40EB
:1077F000A023C9CAEEB4F445F224C0F6DDEDD83AB0
:10780000EC2AC1A5E592B935932AC0FEE0EB0D2D17
:10781000021CC4BBD8DB062F4233BE9FE692D02A9F
:10782000D81CECF9CEF5061ACC4CC38EF5A400F3A7
:1078300000D8CAF84299F3CEFBE6EAE6C00BEE07A1
:1078400027FF4208DADD00CC0AF70DDFA239EBFB97
:10785000EDF63B08BD130DBF0BEE30D01CCBE40999
:1078600025FE4904B5F8F2062D04FD04FFB9F2D84F
:10787000F2F2F1FAACC5FA040E05B705CBF5FFF745
:10788000F3EFAA07BB5BFC061FF82F048A40FCCF6E
:1078900000D3A7DD32A4EF0A25038F088D9701BE20
:1078A000FBE1E7D71027E3DAF3EA99F7FF28F7FAC5
:1078B000F2EFEC05FAF60908150E04081D22FAECA1
:1078C000F4E3FBFFC15EFDD5F4E6CBF3ADE9FA05C9
:1078D000210317076EC9F90629FF9F0791E4EEF40B
:1078E000F7DDD4FE2EE4F9070E14080885820DD5C5
:1078F000F0E9F4F9CC43FB00E8E6E901B9CCFFC9B3
:10790000F3E2FDECCE12EBFFFDFE0C048F9807B8FE
:1079100011F027D245FEE1C7FBDFA0ED94D6EEF0D3
:10792000FBE101F8FEB806CB18CA3DCA0AF3DC1F1A
:10793000F3FED30727340FCB0CE6F6EA90F1EA17F3
:107940002708150CF0080E18093853110FD710FF2F
:10795000320DA2F73590140B0C312F0B48CB0A0EC9
:10796000290B300A282C0A112CFCF5083BE608FDEF
:107970002805F4FBC2D80816350EE00FFF180CF1ED
:107980001906CBF3C8AE0B1219FDF20CFC0411B8AA
:1079900015DFC8DAB128DB0C140AFB0C073D16D53D
:1079A0000EF596E15CB7F2EA0C00CEFF5B0E05F631
:1079B00015FFDBF704351311200E240B433E0DEBAE
:1079C0001AFCEEF0B4F406EA2600F9F7F3FDFE091E
:1079D0001B06950BCA4D0D1326021B08A712110397
:1079E000020B0703E34311151322F60F0C591CF683
:1079F00026FEDE00A01B0600240525FBC9BA16DE04
:107A000018FC2CF5C84DFD04371003F6B2E3170E31
:107A10000331BD0C03AD0DD90BEE41F2E35EF80866
:107A20001DFB49E4A55511B505D19BD4E9EDD3DA89
:107A300071F021D72CF8FAF12E07FDF01915FCF79B
:107A40002FEBC2FA5AE714192818030BEFE714FEBC
:107A50003E12BCF4DCEE0E1B2E21A70B975C10F738
:107A600043CF32F73BDB11E654BEA1EA9469030928
:107A70003217CD01B0C60A0F22083D07441D19F682
:107A8000490758EFD01303EC4BBD90EF8FC011EFB7
:107A9000180632FDC60109F43AD6B3EFDA681608C3
:107AA0001E1D0105DDE20BF6450FB1F9F8F307FBEA
:107AB0003B07E3F6494E050034E7EDFFD95915F2CF
:107AC000460E15FC1A8507052F0FC7FB18D506EDC6
:107AD0002AD5C6F1F91E0BF34ECC90F24C550EEEA2
:107AE00051FCABEA41DD0D101A11530C5D861502F5
:107AF0003A10CCFB3EE00DF0520B26F1BC5500FDD8
:107B00002F04CAFE4B8301FD4E04E5F22D39091204
:107B10002927020E0EA116F5330CFAF8E2BEFED2AA
:107B20006BEC43CEBDAEF6F30C0709F5B25F000671
:107B30004214A1F5904C0C122B202C0B830D15E553
:107B400015C6B6E529C8FB02100F9709354F161167
:107B50002123BD01C4171207200652064FC914E99C
:107B60000EB203E4D3E700E10D9584DEF320F410B8
:107B70001E1019060EBC07EF12D4BDEC4EAA020F60
:107B80001D260105E21D19E703B2C8E331F6FE0F19
:107B90002A15DA05A44611EB07C703E99461030F20
:107BA0002521E00A5AFB0E151E1913064B37151630
:107BB0001D1C080413AD0EEA06C49EE4A64F031173
:107BC0001717D308C1D70D0C1D209505EC0509E842
:107BD000E5CDA5E833EDFBE913AECDDCE012000BFB
:107BE000341C0A00C955140C1611C50AB1161A1016
:107BF000261FE7079C590B17211AD50204F8151206
:107C00002C16ED0920D50A121921A4050007160922
:107C10001009BC0733591C0F291997069A0B100538
:107C200034202BF500C9150A311C010964190DDB3C
:107C30003D9C28D3FCD9F1B950FB25ADC8EAE7C675
:107C4000FBC8C4040A1908CA36C5F923C10BDB2DC9
:107C5000458B20B5F5F1F4D227D30231AA1ACC9E78
:107C60000A4CD510031A03C1F7B2D50A031C053517
:107C7000533A18B9D402F5F9FD9EE3090E0A03BF81
:107C800048B01DB7F6E9F1F003F1DA0D04140A2348
:107C900040DE2CADBCF2DE060B5FD204090F08BE3D
:107CA000239F21C2AA0AD6C9533D2BB5DBEDEA3882
:107CB0004AF227B4EEEFF69D0CADDF01100F04DAA7
:107CC0005B592CB9DBEEEBD7594F29ABD000F0A3B1
:107CD000F532DBFE051205B30B18CA06051702BB09
:107CE0003FA51EC0EFE4F4CD322604D40A0304B548
:107CF0005D4C15B2D3F8F0D0350A1FBEFEE0F6C9D0
:107D00004E0E25ABCAF5ED2739002AD6FFF4F7D180
:107D10002735FD3CA912CF3658452AAED2F8EB2ABA
:107D2000264D45E808CFF3F12AED2EBCA2EFC2277D
:107D300034B42CCA18E2F8D84A2114C4C828EC0973
:107D4000F3BEDCEE0C0A07086693F7CE130910EFBA
:107D50002AE00BCCE728F5DB6A5BF7D502120F9D12
:107D6000F505EEF4100F0BE5F4D9DAF907200BB1A5
:107D7000433512C0EA33F593F602FDF712100CDD1D
:107D800018B022D3DE1EE8AAEBB7DDEE08180521F5
:107D900020D116D5B129D6AAE336DDEF110C08277C
:107DA00036DF0907C50ADEE1440510D0DD30F5CF26
:107DB00032441AD3E720F3E0F41EEBEF0B08081669
:107DC000353812D1D831EFEB43F217C3DE2DF1E68F
:107DD000EF9AE0F30D010BAAF2E1EAEC091709387A
:107DE000221923D2F509F9F736F319CB110310B58F
:107DF0003FF712C5E735FC02222D20D4E811ED2112
:107E0000540A10CAD92FEF10294B0ABEF822F5FDEB
:107E100071A0F3D80F060EB2590D13C5D125F23E4D
:107E200019E84BDC01E9DE0F199E2BD6A10BCFD54B
:107E3000F9090D9AD333D5FB4ADA01CDE62AF400CD
:107E4000BD95B8EEF914FCAC270E05BC171812DD71
:107E50002BBEDB98F326EFB03D0E07B11A1F10C3FF
:107E6000BFEEB5ECF019F0D9B92AAFF5E92BE8EC83
:107E70005847E78EFC24028BF043E7E50DF304C47A
:107E80003391EEADE82BEFE9AC35A0F1E322EDCF75
:107E90004A0D09E4E90CFACCBBB4B0EAE916F2BD2C
:107EA000424BF9D9FF0E01194F9DF0B3E524F4239D
:107EB0002E53EDA9F02AECE8C8DADEEDFBFF011342
:107EC00041F9F3AEEB2CF4E35A8BFDA8FA24FA0A3D
:107ED000BF32D6F9F008F4A2AD49A8F6ED21F3F4CB
:107EE00021C9F6ABE535E9C21F0A18CA09050C120B
:107EF00049C9F6A1F324FCEC16A4E9B0DD30E2B7E1
:107F00004F0AFEC3E829FAAE27DCD98FFE29EB041D
:107F10003138FFB019180BCC59F708C6EA29F1D54A
:107F2000E72333A8CF28CE1859FC1205DB06F1D27F
:107F300037FBC288FE17EEE4574CFDB60A1909DB81
:107F4000D52C89F2DBF2E4291B1928D2FE09FEFCAC
:107F500048F6D2AD0803021F1AFE17D10509019396
:107F6000E00081E0D7FFDDE7E28D84DCCE18DB178F
:107F70003C06F2BF041CFCCEC5CECA02E7EDEF09F9
:107F80004C53C1A2050701A1DAF88DDED6FDDE0251
:107F90003D060FC6021408D1DCEE84E9DAEEE0B744
:107FA0002FDD0FCF080F043752C0E8AE0C1802E5E2
:107FB00052CED8A70D08FEABCC3AAE03DFF3E813E0
:107FC0004EDAE1AE070807FF3A4E01C20011FFF793
:107FD000D5F6B80EE1E5E8BCD8B687DED507DBB448
:107FE0004739CF93070CFDF2270C1CE10BFB09333B
:107FF00049E5F5BB041206DE4B3BCE9D0C09FCCCDB
:1080000046B8F9B805170320545EC1B210F4FBFC62
:1080100012FC19CF080CFDB8519803B2061D02409E
:108020003CA9EB8FFE01F1CD46D8F6CC0817040031
:1080300018FF18DB0337261C051F193C0497DF0CBB
:10804000FEC50721F5AD3EEBFF02FDA1FF5E431B20
:1080500015F10C94011C9D1103080733FD5EC91C2A
:10806000E3BDD682E52FD4C4D7A8A333D953B79D97
:108070000A020710FA202D0FFDBCFEF8FA520C0F71
:1080800011FC15DD0490B717DEBABBECE42B15AB81
:108090000D1B1B3605F7A814FBB5F8D0F4BB66DA48
:1080A00006100BD60366FA0D0A0F0A3E008BF50880
:1080B0000E08081200EAF40A00B5FF47FA1BAD02E9
:1080C000011011C30137B5090A0A04AD00E2B70C6B
:1080D000089D050BFDD8EB05DDBEB447E0FD64B49B
:1080E00010081CF103D68E1408100BB207C5BD0A88
:1080F000031305CE003658100E070DAF00AE8116E3
:10810000032011C1FF99A40E18DE12EF0586571740
:1081100008FC02EBFEB9001B031F0739049ED00EBA
:108120001FF51FEC053D0525131C1CCF09865C15AA
:1081300025CD20C20A47032A03110B0F02C4921A4D
:10814000FF8F12CE0199C3E301140F3302B0C30CA9
:1081500014F70696FE11001801180D8F0211C212B5
:10816000DA8FC806F63048A6B18B9C49E03DB48151
:108170000207009EF810D00B0BA70CB605B2AEFBA1
:1081800010EF0DC7FFEA2C19CF81B385F05F14996A
:1081900004180BE000F55611FE8DFAB1FE2BA7CFA7
:1081A0000B110401FFE8D91202F70BF4FBFD980E46
:1081B00005F30A45FF22FC17058F0B0B02D3CEF8FF
:1081C00000F508B8FB908E11000909B0FAB5B80D9A
:1081D000FB880139FD641EE8C591AE8BEED3569342
:1081E00014E5119B002AC1220723FFB607D0D00C4B
:1081F00001060157FA262B0D18EE0DBC07AF5116DC
:10820000050200C3011821171DDB0B1EF922CF2127
:10821000FC0E01A5FE53DB1808040A3B02E9E3103B
:108220001BC62125F9CB48190C1405B2075E270F90
:1082300010DA17E6FD188C1AFD1702ED00423F1206
:10824000F192F1F9F5666ECFF01FF415F6C6ADF7B1
:10825000F8110252F6DBD70CF230FB16F8B809F829
:10826000CF8BC541F5F7D8A3AFA2AA45E3BE549D75
:10827000FA1A04A1FBD9C707EA94EB97F498B3D98B
:10828000020C0B95F8FF9615BF9DBB99F49B369D8C
:10829000040D09E9FF641C11E39DF0B6F99B4DB58F
:1082A000FB0F074C02B7470F000702BAFD5B370F01
:1082B000FB0B0415F7E5050CEE93F723F2F708DE48
:1082C000F50702EDF80C2C05FA110832F61E3F11E5
:1082D000ED96DFDCF29B64D9BA9DBF33F3A4C19C59
:1082E0000DF109A50258511FF92B08050405CCFF13
:1082F000F8130617FAC9CC0402FF0137F9F1B90CDB
:108300000414004DF905CF13ED0CFCD0E0EFD0FFC5
:10831000F425F6ACF4FDA8FD04110B9EFB1E3515EB
:10832000F8EF01AFE0B5480A0609081303FD230A78
:10833000DE08FC3FDB92CBF6FA2D03D6F6FCC50631
:10834000DCA9E9B2EFB135BDF21AFF28FB5602FCF9
:10835000E72A03A8F114A601EF27FF55F8BA18F48D
:10836000DBABDDF6F1CFB4C7CCB4C3FDEE09C4E49A
:10837000ED31FBC9F6EFA003E38ADE0CED4F33D2FB
:10838000F33003DAEF0A5502D8B4DD10F64CADD75E
:10839000F7250252F70D4702EAA8F30BF25147CD39
:1083A000F6280195F90E3602F42DFECCF7C6EA0147
:1083B000EF210633F22F1B05D99DD247E32547BF96
:1083C000EE2CF436F02D1CFFF12AFE94F335200438
:1083D000D897D0A2E8D3F1D1CFB1D69AF4EDD5D8C1
:1083E000EA1703B7EF16CD000325FF17FEB33503D9
:1083F000F232F5FFF1F91604EC23F80BEAE6C100BE
:10840000F425FFA6F6C289FDD426F2C5D6E643EED2
:10841000EF26FB32F3CDF0F8F6240108F71A180224
:10842000C111D7D9BE5968E3FD1AF920F72CEC0524
:108430000E61E2C7B705EBFDD5293E08DD0212FB50
:108440009111E183E3EDCFEFCB0AEA2DF8FBFC00BD
:10845000205A3CD6E401E8FDAB134B2BEFFAF7FBB7
:10846000FC0DF287EED7FEE4ADE6D489FED02AD922
:10847000082C5002F5FAFFF8F018C5AEFDF9BEF66B
:10848000B24CF9E6E5FCEFFD86FC1A87F9D4FFDF74
:10849000EC269B1AD80712FDCA1E468CEEE8D9F3CB
:1084A0000C27A319E2020B02F228C4F5E2F806FC3D
:1084B000E53AE1EFE1FFF6FCEF274D9CF5F4BCFE59
:1084C000F22D57F5E3FDFEFDB71F020BE1F809F9A8
:1084D000C129239AF901A9FECBF4B182FCD311E39F
:1084E000345651C6D702F1FFAE21A31CE803FB07A7
:1084F00032282D0DE4000AFD2555EDD3E106E9FAF9
:10850000362E8E13E7FE0DFDDF7A22D5F20DCE005A
:10851000E718FC3BEE01F800B6291B16E00012FD3F
:10852000046946CEC112C6FB1127BB1DD50A0F0533
:10853000BA7F92D60015BB07B2229F1CEC0402FF43
:10854000D73C03810BFEB9010D0A2C17FA08F8007D
:10855000F93EA0D90B0DE2002F063719FC07F0FFFA
:10856000A715F2852BF1E0F7EBEAA59B32E30FE5C7
:10857000CE201FF7FD04F5FB0338E7A100FCA6079A
:1085800036454DDF0606E3008D0D1C9330E7ECF118
:108590000B203225ECFD0001D12BDE931CF4C4FB33
:1085A000C7259A2CF107F8FFDB2D53F70305F7FBDE
:1085B000B33D55F10103EDFFA136429D0C00A6FE2F
:1085C000F92BECF803FCF7001C25C90D01FEF4FBA8
:1085D0001F26F99A0BF49CFBFD08EB932BEAF5EEB2
:1085E000DE5918DDFF04D907010FDD18EC05090677
:1085F000E922E01000FCF5FCF659C3D80104DCFFC9
:10860000CE248C20F402FFF9046097DA110EC20226
:10861000FDFE960DF706EE03181F2622EE0600FD5E
:10862000E4701CDC0707A2F9F6201F27EA08FE0306
:10863000124FB3BE1C0AC400010C480EF7FDF7FD33
:10864000CE2628993BF3B5F8BEEE20F40DF422F8BF
:108650002B0E8ED51802FCF8BFD13DFA0CF22BF18F
:10866000EE2097983BF0CBF7B7FCB9A22EE7EFEBE3
:10867000FFFA47FC16FE0DFCD42146A417F3A6F919
:108680000B2A3AD61106FBF8DE1BB2903DF3CCF470
:10869000AF15AF1DF205FD00171A35963EF5BDF674
:1086A000140FF51300FC02001505DEF10CFDFDFFB3
:1086B000DA168EE518FFFCFA132AF09931EAA1F2D6
:1086C000E305FBF50FFA01FF1909F0F804FEFFFDC1
:1086D000DB2257A727E594F3A50CEF9834EAD8F5E9
:1086E000E840D3E10D09EC00D20D8E17F50015011D
:1086F0003707B7F107F803FEEE294DCD2000F0FA59
:1087000016001419FDFCFFFCC40D3FC530F0FAE55E
:108710000EDBD60308FD25F4CF06F910000301F7A0
:10872000D819E6CC42E9BEDC0323362CECFDF6FE7C
:10873000BAF006CA41DE0BDEF7F2FC0503F614F3CD
:10874000E113E4AE43E6A1F01CF14AF5FC0034FB72
:10875000F0DA96CA20F82BEEBEE8ABF3FEF43EF357
:10876000AD02ECB332ECB4F9E3EE0BB50EE7C5EFB6
:10877000BCD7FEF313FA30F6D81DF5B72FE891ED0C
:10878000FBEE36D21FF224F2940DBAAD1EF2AFF515
:1087900025EE271B00F70EF50317F8B940E6A0F504
:1087A00006EB8B010BF321F8DDE000E218F722F372
:1087B000DED9C1E317F51CF0091048BB3EDA98E793
:1087C0001CDCE5E213F825F91FDD47FA09FB23F16C
:1087D000EA11C6B83CDB81E619FFC0C01BF2AFFA54
:1087E000AFF0E4D31FF113F4C310CC13ED070C0466
:1087F0002FD9B3F115F222F933ECF7CF28EF1AECA9
:10880000C1DB090201F717F209D1CFB937DD2BDB44
:10881000E9D620E202F537F703DDED0106F21EF797
:10882000D1C7A3C767C0FFB5F000BC1E00FF04FBA3
:1088300000D226F1EFCFC63EF4F52BFD9FF3FBD718
:1088400000E0BDE8DDEA1948BCFC1400F8025AF566
:108850000DEE210D31F0E4380101160A3EFCA6CBE5
:108860000BE2C7E5F0EF3B4FE2E1CBD22EF0A11CCB
:10887000F0F7250207F918F9FEDC95D9EDE7A340DA
:10888000D5F328080EEFF917FCE1CBE0D2F71FFE75
:10889000E1F031F407F3EA5C03E5C9F8E7EEFAD951
:1088A000CBEF28F118F8F99901EC22F6C3F53FC592
:1088B00000EC2404DAEFB0E706CBB3D08BDF9927C6
:1088C000B2EE2CF94DF1A0E5FEEE33FC00F59685F5
:1088D000FDCE99C43ADB380ABDD7C1E0D3F517B154
:1088E000F0EB2602C3F1DDE2F90319070203E3907E
:1088F0000AF4270102FAD8CAFFE71B019FEB022204
:1089000002ED25001AF9EFA4FCE01B05FFE1E88762
:10891000FFFE110954FC079C05F236F6A1F1E2AA0C
:10892000FCBC0ADBB4B6B634DCF32CFBC7F4F98725
:10893000FDD500FF2FDE2A05FFFC2B0428F9882E29
:1089400000D8D7E4C3E0FF13B1050909A2FE4A2D00
:108950000BF9030A92F6D8B00D01010BD3FF3E2CA0
:1089600004DCD8ECA5F03CCBD2DED3CD32EEB9128C
:10897000EAFC150CADFB475707CBB4C6BBDF675A03
:10898000B6F9080709F8AF500ED6D4DF90EFD3C17F
:10899000D8F62506FDF75AEC01D7E2F21CE2CEC16B
:1089A000B8FB1FFB0AFE9E5405FD18FF1EFD0B942D
:1089B0000CFF0C0A53FB3C8609BFCFC3BBD49DFA06
:1089C000ADFA1006B8FB4DE20EF71904D901530CAD
:1089D00009C5BFB6D2D551BEA4D9CFDDA6F6C0DB3E
:1089E000E3F00D08ABF4953005040FFCFD03A9EA94
:1089F00007FA1D0C2EFB41DB08F3161239F304BAFB
:108A00000BF31908F5F897EE0CE6F209B5EB5BB934
:108A100001040509D500BAD60DF31A03E1FCC4C65A
:108A200006C7F5F359C6FA5AE4F222F5B9FD4E40ED
:108A300003EDF202C1DE5C1CFCFB1208FA03305CA1
:108A40000EC5EBE5DDDBB5BFA500F6F704030B298A
:108A500004FD000C8EFD4F41090901FB9B0382CAF6
:108A60000AD0E6EC25EE6CB8CAE0D9D397F361F3EF
:108A7000E501F50E0F0342C70AC7CEBBAED5A99DCF
:108A8000AC05040E2CFD24EE0ED8DBEB12F0E854FE
:108A9000D3FA0C0A99FBF4C305CEE5E80FDEA86D06
:108AA000B5FC06FF05FEA8CE090705009A03FC27C2
:108AB0000DFFF208FCFF4D1E0BADE5BEF6D1E55DE6
:108AC0009B06F7112F024F9E0B080009E401D6DB2D
:108AD00010B6E4B3C1CCDFB7A1D5D2DFD7EFBDDC90
:108AE000DBFF070B3BF99E9B07FE1502B10009E770
:108AF00002060106A905FDD806FAF90D22F1C820E3
:108B000008FC14FE00FE94CF04F2ED0F49E7C01AF2
:108B1000060802020201C84303FE0FFE3C0187352E
:108B200005E0DBF5E6D0E24BECFA1C02A0FD88493B
:108B30000DF0E70BB3E9DB17FBFE0700FB022E434A
:108B40000FD0FDE23DDBE4E1BFF80002DEFEFDEF09
:108B50000602EB0698F742C70703F6012CFCF0BEAD
:108B600007DDDFF5FDEED79ADFEEDCE4F8F7B1AD17
:108B7000E504EE0D5307A7FB06BFDCB18DD01A3C10
:108B8000AEFFF11090FFB9910BDFD8F8C5F1194C89
:108B9000E600040ACBFD944C09DFF7ED87E7235785
:108BA000CAFB0300E1FF550A0B07F7FF29FF8541C8
:108BB0000D03EF0E56021B0D07B9F5C7A4D6606B67
:108BC000B201F00B9B06F8E50F05FA09420527DE16
:108BD00008C9E8B9A6DA3843AAE7D2EAC2F8B9F96F
:108BE000E804ED0BDFF9DEAB01FB0FFCC503A34C82
:108BF0000507F908E907898407FBF0098FF5F69066
:108C0000090203094C035D0805F5E0123DEE6D39DC
:108C100003FCF4FBEB0184580405FEFDE3055EA8AC
:108C20000AE9D0FE33D1640BF7FE14080AFD2E5476
:108C300003ABC8FCB745D235D6AAD6DD0B06F52D59
:108C4000F5B5F72EBD4EDB91E6AA0B5601F90020D3
:108C5000020DDE0BD015FD2FFBC005AE07F300257E
:108C60000096F2ECC826EB99F2EAD2F6CDFEEEB908
:108C7000ECE5D53DF600F835F8D61181C94FDC8614
:108C8000E71BE1E2CD11F430F802F4DBC81BF29FE0
:108C9000F6E0EA160603FA2BF5EBF5E9CE3AE7869D
:108CA000EDABE812F8FFF429FB1CDF42E003F637D6
:108CB000F518CE8BD017FE35F9DFF0B7C155D69336
:108CC000E1B6D803ED0EF731F7C7DAC8FF05FA3C75
:108CD000F9C202C7BF64D38AD9A7F401C51DF6A59E
:108CE000F5BEDD55C31AEF35F301151E0EEA050773
:108CF0000636D250F20AFF33FBCDD2A7BD25F031A4
:108D0000EFB9DFC4FB07F730F1B0DB93B927E933E4
:108D1000E9AEFA8C03EF062A01ECD82B0705F534EF
:108D2000F713B6D4C05AC323B9B1F0111707FA1C10
:108D3000F135C31FB932E02DE3EEE601FEF6022B5A
:108D4000FFF8E3FBCE52D99AE3D304CC0EE7061426
:108D5000002CE99ED803082B01BD022323F0072431
:108D600006A3DA0FCA29EAB0EBABD194CE03E6CF63
:108D7000F00AEE42F9F5083400F2FE37C565D08AF4
:108D8000D7DBEF06DB04002901DFD321C927EEAFD3
:108D9000EEB3EC1BFFFF0125FA96D729C941E1A5E7
:108DA000E2E3FFEB00FA002B0023E922F0FA0530A2
:108DB000FFFBE63FE6FF0927FDE4DEFDBA71CAA826
:108DC000DA2DDD21F4010E350322EA10F0F0032A3A
:108DD00002C8E7E2C074C7ACD214DF22C823EAB7E6
:108DE000F1F0E6B9D207FC2CFBA11EC11EE401087C
:108DF000FFB9E5A7EFF90432FDC0E692BD09002FE7
:108E0000F8CEDE4BF8F5FF290005E3E9B513F62DA2
:108E1000F32E0A9D21E6051FFFD3DCF3F1F5FD33A8
:108E2000F8F9BB2ABC4BCE25CAF6FAE70AFCFA29A8
:108E3000FB31CE8FBB15EE2CE4F2E50D07ED0828D3
:108E4000011DD6BAB545D5B9DEE20B4610FD0A14B0
:108E5000FEADF415E4FC13230111FD3D12F4091BD2
:108E600002F7D619C41AECB9EEA2D741CEF9EBCD70
:108E7000EDE8FCF1FEF4152309F5E231C67DC6B735
:108E8000D22CEF9ADAFD0A2606ABE2EAC70BEAC358
:108E9000ED17F34D00ED07250193D92CBE26DBB766
:108EA000E3E4F5160EEE00220218E7AEF8F5132300
:108EB000062FE28FF5FB0D2905FFD548B16DC7C917
:108EC000D102E457FBF310260709ECB8FCF3112D8F
:108ED00007F6D9C8B37FC0C6D2F5CE2AC10DEFCBF5
:108EE000EEC7EFF5D7000426FA0918AA1FEA090E03
:108EF00006CBFA30FBEC14280831DE19D6FB092C1E
:108F0000FAAFEA2011EB0922061FE92AAB0AFF2774
:108F1000F1AE044D1AF0061504F2F2E501EF02235A
:108F20000409D80CAA42E221CEBAFBDA11F7051CDB
:108F3000FB19DAE8B70E032CEE0EFA4E0CEC0C20FF
:108F40000493DFFEBC1FD4C8DCA81011F5FE051683
:108F500002D9F3B7E1FE132307C107EC02FD0C1D94
:108F600001E9E0A0BEF8EFC4EE98D141C9D2F3DA2E
:108F7000F0B5EFFAF9EF13230D99DF03BC72C6C009
:108F8000D50DE049DDF916250104E1B4C9E6F6CFB7
:108F9000F232000615F3091BFF0ADB1CC908E1C603
:108FA000E6E300371BF6071D04F5FC11F1F4151F6D
:108FB0000A24EF02EEF9162606FAD782BE54CCD860
:108FC000D4E4F400FCF4111A062BF406F8EC122396
:108FD00008EED611BB6EC5CFD507E4C0BFE8F1C916
:108FE000F915DEBFCEF60C29040C1F9D09EEFE0715
:108FF000FDDCEEAE04EE131D0B1FDEC2CDFF102C08
:109000000224F0CB0EEB121B012ADDD2B009022E96
:10901000F4E801F5F7F7071E0710F95612EF071EDF
:10902000082EDC03B13BEC24DBB909BA12F7021CB1
:109030000200F9CA0FD4EBE21A0505F709D5FF992A
:10904000B908E8F5FFDDE73C5ADCF8FDF5C7001389
:10905000280604EE05E9FD14A10CF3030529008C94
:10906000B701E9EE01D6F50316F0F1E2E0ABF793B4
:10907000FCEE00F9043203B6300FCAE8C317DE1164
:109080005AB9FEED05CFFD928C0AECDA0033F904F3
:10909000EFF5FEF805D7FF263202EFE904EDF2C73F
:1090A000ECE4FE0706E9FD1C910800F10D0402A1A5
:1090B000A50D06EF0F05FE195B0FD4F7F809E09A2E
:1090C00016D4FDE60BDAFE850205FDEC0193FF06E2
:1090D000020BDCDAE549E6FF53D5E9DCFC1EFAAA0F
:1090E00022FA00EF0791F816820DFB1306B206EE86
:1090F000D40701ED0335FF31380F00DE06FDF943DB
:109100002E04FCFB02C4FD39D106FFCD0E0FEF107B
:10911000010BFD03F824F92D830A05F205C5FD0BAB
:10912000440EF1C909FAE0D43FFF070009D20088D4
:10913000490302CC0C43F424CF10FA0500B1FB64C0
:109140002B0E09D92B45FAF41504F90EFF94FD23D3
:109150000E0700F208D9F8D4990AFF0FF694F99196
:10916000140CFBE7080BFEA510F8F1E0EC870231C8
:109170005AEB01F701CBFF432C09F0D0F5BEECD739
:109180005ADEFCE80340FD94530FF7DB0AD6015288
:109190006AF70307FEB600A3860409D91D35FD1240
:1091A000A100FA0202B7FC2229FE01EF06DF0185C9
:1091B000D10CFCF10795F906180FF9DD1CDEF5005E
:1091C000F90901F4FAE4FC26F50AFBF605BAFED427
:1091D0004F0700CD0EA5F8EA52F9F6EA03F9FD6D46
:1091E00099F8FDF00AD0F94C4606021DFD960619C5
:1091F0009706FCF7F854008A1308FFE104DFF5B87E
:10920000E412FFFDFEAFFA1AA00DFBDC1002F3E73B
:10921000FF16F404F7D9FE8842050200082DFC333E
:109220004606F2BA050CE40BDDFEFCFC035200D747
:109230009B0106C9089FF4258C0AFE0A00A4FAF7D0
:10924000E40620C83C2B05D3A122F50EFE2CFA051E
:109250008E06FDEA008DFCDE5510F511F2FBF7E3FA
:109260001B08FDDD1C4C009B1104F2DAFC0E006FA4
:10927000B3F5F6F5F8A2FCBB4B0C04C60E8FFD93BC
:1092800066FFF9EE0A1CFEF33611F5D81543FC71A2
:109290009F0200FFF94EFAB6060217DA3911FF3BBA
:1092A000290AF7090051FEFA2107FEFF00ADF9393E
:1092B000040DFCF0FFCAFE1AC40E13D03E12079F25
:1092C000CD1EFFF5FBC6FBA23A06FC09FDB8FE8CDD
:1092D000E10C12C12D9801F4C115F7E201250044FB
:1092E000020604E4000AF9A7C311061DFE3A04CCE5
:1092F0002B0800FEFB02FED2120BFEE502A5F7FFD3
:109300008D0EFDFCF726F985B40601DB058CFAAB62
:10931000930DF817F0A3FDF2A904FEFB0193FB9255
:10932000900BFFAB07DCEC4DCF03F9040643FBF7D2
:10933000E60909D2064FF990E717F80BF4ADF8BE2D
:10934000CB091BDD42C10510E920F60002C2F8EF8F
:10935000BF0801E709FBF8C0250AFA07FDB4FA6067
:10936000F80203E51BD5FF903D02F9DFF0E600C0EF
:10937000E7F6FBFCFD22F82FF80E0BC1233F064554
:10938000EB0800EBFA99FA56BC0900E003C2FF664D
:109390004508F809FB00FEDE870012E72BB2FC5CF3
:1093A000E211FAFA01F4FE9FC008FB01F80DFD1866
:1093B0003007F9F1F94EF434AE0F1CDF41C00A3129
:1093C0006629F5FF00F2FCE2360CF4F8F4F4FF989D
:1093D000170D10E0240F04B9F608F7E008A000AC60
:1093E0001BFFFBEC0634F9B19410FF1A08E3FFB041
:1093F0000406F4F4F701FBD8FD03F8E609C5FAE129
:10940000B60EF9FDF6CAFC3D1E08FDD81134F9D898
:109410008313F5FE03FAFE60C707FD03FAB7FAA24D
:10942000EC0DFBA80D06ECB52D06F714FCFAFB4875
:10943000970219E0E9B80F072AF713FCCEF9F20BEF
:109440001D09C7E641C0E9DECAEECEFDE307F8FE1E
:1094500016FBB5E654DDF814210101F799FBF5FF81
:1094600013FF1EE818CFD0F9C9F6EDE029D9C9F8E5
:10947000DFF5B1F90FEAFD10250316D543BC58D02E
:10948000C7D522E255DFF30A2605B3EC9FCFCEFC09
:10949000D4F20CFD3DFEF30A1E01BAE3D7C8D4E8AE
:1094A000C9F0B90C0D0FF9021502E8F8E8FCF91043
:1094B0002707DCE640E9F7142306C2ED16BF2BD5DB
:1094C000D3DCE7FB4BEAF20D1B08CC04F403FC11E0
:1094D0002308F0F90FCD3AD6C8E1FCE1FFC1C7F986
:1094E000D6F706E4A0C5F9082505B913A91BF5FDB3
:1094F0000302FAF3D9F7F7102503D4E5E2BE020F11
:1095000023FCF6FA3BF6F6102308CBDD47AF0B033E
:109510002AF6E209F409FB0818001C03BEFAF70F4B
:109520002000E1D819A926F726E1FF02570BF30224
:109530001A030BE3E3BC070321F5D6F61509F10680
:109540001AFFF4FEB6CBC1F7B3F91FF8E01C010215
:10955000170130EEDBE4F4121D04D2F8C80FF30655
:1095600010FFC7E715D2C1FFC8FBF2DCC9D6B901AD
:10957000D7FBE7F9E3FEF5131905DEF2D6CE33E3A8
:10958000C3E4C0EED0CFF91320FFBDF835CCB80747
:10959000CDFCB5F858F600011801E5F201CAB7F89C
:1095A000BAF8250B50FBF9071902EFF855FAFB0E34
:1095B00025FFEBDCB8E2F9111A03F00C2BC0F7ED34
:1095C000C4EEFBE3C3EAFD11210622F14AF2FE09D3
:1095D0001D0710132CD71DF3C6F5D6E8E5DBC10730
:1095E000CD0132F044D2FC112101091EAD11E80376
:1095F00008FF29ED58FAF80F2203CEE20FC5010F3C
:109600001FFD11FF3E08F20B1905E4E8FCBB06093B
:109610001BFE24ED8B19F7001B01F9FED4F9FA05A6
:10962000190102E141B61DFB1CEC14040109F90506
:109630001B06D6F0F7C902071AF7FEFAD4FDF40CA0
:1096400022FEDF0CEBC2A001AA011EFE9310F9015D
:109650000DFD02F0E7D4FC081C0023FEAD1603FD4F
:1096600019F902F884DDAD05C1FFFEE12ADCB5FE83
:10967000E3F930E4F9FC000F15FF990CF0D213F474
:10968000BBF9D2E4C9DEF80E1CFF1DF5EEDFB8070A
:10969000C901B900D4FEFDFF1DFCF6FAE9DBAAFC06
:1096A000B5FDF8F9AD01FF021BFAEDE5CFF1F60FBC
:1096B0001C03AFF035E0F5081C02021C9BC6DBFE64
:1096C000BEFD03EE40F6FC0F14FFCBED57F6FF0690
:1096D0001703D9209BDDF700BEFAB1F51EDDB905F1
:1096E000D6FDEFE815D7FC0E13FC1411AE0DEE00FD
:1096F000FF00CDF1AE03F80D1500D6DFF8D1FA1159
:109700001D0320F9A211FB0C1FFDDAE693D2FC1019
:1097100013FFBF021C0B01FF0FFAB5F6140A000875
:1097200018FEEAEB92C417011BEFB601D30AF3FE51
:109730001401F2F4D3CE070E0FFE22EC4906000905
:1097400015FCEA0E21E39805BB010C071A0B06FA7B
:109750000DF912E5C9EFFC0D1100D703310509FF22
:109760001301C8E93FE9A503CBFACCE2CCECB2FE89
:10977000ECFCDAE6B9FCFC0614FFF2238FD2F7FA10
:10978000C100B8E3ECE2060719FE0AE8E3DBAC052A
:10979000DFFF23EF97FFF9FD17FEF40096D4A20236
:1097A000C4F9A3F4AE09FFFC160030E308F300048B
:1097B0001D00C4DBB7F6FD040E03E62B91E0BF02EB
:1097C000CAFFFDEEDDFF000C19FCB1EC41090306F8
:1097D00014FDB81F2EE2E3FFD302B9E68AE0AA0522
:1097E000DFFFABE44EDFFD0F15FA1019D507F406C5
:1097F00006FFE0E50A00070B13022AE22AE3030C46
:109800000F00E8E90F11FE091801CDF299D0080FF9
:109810000AFCF7FE4D0302FF0EFCD4F1DA00FC0651
:109820001200F0E31FC71B040EF3DBFA9619FF00CA
:1098300019020001C003DAF88BDC13F4FE02D0F841
:1098400058E50617F6274CFF6AD90FF8EF02C1FD5D
:10985000F9040AF5EA00A4F92CF70CFCEDFA1EFC59
:109860009F5201FBEFF841FAAC1F0AF4EAEA8902C1
:1098700091B0FCF7F2FAA7F5B0070713DD188D03D6
:10988000042008F4E2FC18F72C1713EFF1FCA5FAFA
:10989000B45C01FD09F5B4FEB2500201F11388FF7A
:1098A000BE2A05F6F3FFFCFCD29309F6E8FDA1FC05
:1098B000B30410FCECFBF3F7425C0617F22CD6075E
:1098C000C29615F7EBF593FA3D380CF8F6FF22F93E
:1098D000F5AE0406EA09BC00624CF9EDF7FB46FB65
:1098E00001B702FADEFF2FF6F8B2080010062205D3
:1098F00063DF07F8EAFABDF9AA2507F6D7FD06F9EE
:10990000388708F9F8F8FFFE313402F7CA09FEF487
:10991000F68F11F6EBFDC7F65A550DFDFBFBF4FD76
:10992000DAC507FF930FB8F02C550AF9070034FA8F
:10993000870304F9C1FD32F60BB709FEF700ADF855
:109940000C820B02FB160EFD132505FBF5FCD20164
:10995000B8B706FCE304B5FA35C80EF7F4FD4FFCC2
:1099600095830DEB02EE27F942EBFCE9FDDA4F029D
:1099700017FB01F8EFF72CFDE9B21209FEFD930386
:10998000EA95EFF6DFF998F9841C10EFFFEE1DFA67
:10999000B3BC03FCF5FB22FFA7F605F70800F9F6B8
:1099A0009CA2FDF5F5FDD20049E304F3EE01EEFAC9
:1099B0000B9410FCDC00D8F261B30B07FE1A07FF12
:1099C000E99A09FBE2FC42F9D98B10F6F2F7F7FEAF
:1099D000509F07FC07EAAA00296BE8F5FCE2B2FBFE
:1099E0001D58FFF4DAFB90F23F1A11FF060C3908FC
:1099F00047D406FFDF0135FF47EE0DF8CF01DFF357
:109A0000CCF30AFAF502A1FF56260201C7FFB4F40F
:109A1000F23B10F9F6FDB0004F8405F6F5FBA9F80E
:109A20000A1903FF9C0BCDE911D606F604FD94F943
:109A3000B24A0404C501A1F6353410FBED0111FB57
:109A4000B5FF10F70B0495F4EEE30001F5FF4203B8
:109A500087480CF6DC04D4F7490A0F03E707EC004B
:109A600096BB0EE00CDF0FEEE062FFEA02E013F7B8
:109A70001D9B0D00DA054EFD86B30CF508EA4BF48C
:109A800052B5E6F8D9FFDBFAA2FE0BDA11E8E4F6EC
:109A9000BF9DFFFAF105E2FE87BD0BEA18F11DED4F
:109AA000CE27FBF8EAFDCFFB5A0F04F9E4043CFB98
:109AB000C1A50DF5DC051FF6B33F0DFD13FAD6FA6F
:109AC0006446F3F8DD003AFC183214F9DDF8F300CF
:109AD000628309F020E12DF315DDDFDE00DD4CF6B9
:109AE000385DFFF7DFFF0BFB5C960B080F07A7073E
:109AF00098350AF7DF01D9FF91DF0FFCDB00F8F79B
:109B0000C0B411FEE8FF51FF89870CFCD005FCFBB7
:109B1000CC3B0FFBF9F91A049D860C01E4FD16FA03
:109B2000DBAE0EF58D08EDECA6B505FAF7FEA50047
:109B3000A2FF0CFBC50ACDF6574B12FCE606C7FD8B
:109B4000EB3F0FE920F83FF1DCE5FF02EDFF0500F8
:109B5000328D03F8DAFADCFC5C511700E3F8D2FE30
:109B6000BC3510C519E7E1EF65EAF2DD05DCFDF370
:109B700047A712FCE9001700CF9A0EEE16E241F15A
:109B80009DC5D7FCD800ABFB97DA0AC227DEA1F24D
:109B9000372BF901F101C9FC8FA50EDC22F79AF1F0
:109BA000F258F1FCF202A201121602FBE2FCF300F1
:109BB00029D415FBD705DCFDA9B614F132F0A8F9BC
:109BC0004865ECF8E0009300EB840E02DAF8E70356
:109BD000C29309E328D73DEC5136D4CE16D4DBF33B
:109BE000D61303F9E5FBDEF9CFA4150017FD4B07EB
:109BF000179F0BFBE5FD110019B513F8D6FF3EF9D1
:109C0000A3D30C04DF0006FCE4B211FFD8FDA9FBCE
:109C1000998A0CFFF4FDDCFDD4880FFDDFFDAD005B
:109C20003A300AF78E012EEEDFC001FFF70151FC3A
:109C30002E0AFFABEFF7CD0E0A160015FBF40D0848
:109C4000FF14FEA1FC8BDB94F9DD01ACFDA8FC093F
:109C5000FF03FC25EAECE90F040EFB2D0003FF0CCB
:109C60000108FDD6FD10E4AFFEE8FAEAEF98F4B67D
:109C700005F500E6E82C0111080EFD1D24C8DEE202
:109C8000F7D6FE1CE430D8110813FCF2E8B3F1B1AA
:109C900001EDFCB1FAF60604FE170009F1E3E28ECD
:109CA000FFE2FDD0F7FFFF0B0412FAE0EA3BFA09EE
:109CB000080EFAFDE4ECE5120515FFFF11D6E7A04A
:109CC000FDEE05D4EFCBF50A0616F922EAC8FA082C
:109CD0000114FCA90F48DACDF4F6FDC2FA40E8AF52
:109CE00005EE00DBE289DE070711FCFC1DD90AF74F
:109CF000080705DBF4BBFC0B071200E0E59CCF1066
:109D00000213F7B3F2AD0900031702F2E0F3CA0E33
:109D10000215F8BD03E1FD0EFE0FFAD6FDD90B09C1
:109D2000FD16FAE4E6C0C7230314EE1AFE3C070052
:109D3000FD0BFBE9E9D5D3140515F6F2EFF909059A
:109D4000000EF9020532E286FBF8FFE8003BF10C59
:109D50000703FC09E6DEE813FE0EFAF905C3F50B6E
:109D6000000A02F7E918E9ACFEFEFA9CEFB1EBC07D
:109D70000107FF10FE0AFA0B0B07FDAE04D9DFDB6B
:109D8000F3F5FFFEE62CEC15FE14F707FB22F8AB0B
:109D900001FF0123FE44FD030508FFE8F936E29BBD
:109DA000F3F0FC0BF8FFF50FFB07FFCAFA9F001258
:109DB000050EFC10E32CEA16040CF7C60EEFDC9837
:109DC000F204FBB7E808F309000EFED6FE53020CBE
:109DD000091303BE00C9E5C6F60BFB0CEF09E9AB9E
:109DE00002FE030DE7A7E30D050CF9C1114802F4CB
:109DF00006010127F5F1040B0611FBD1E5A5D311EE
:109E00000214F7FBFC42F505030BFE1BE406CA1225
:109E1000051AF72B0AD1040F050DFD2AFAC905080A
:109E2000011101EBE01FBD39FA14ECEF05D5070075
:109E3000FB0BFBFBE057C917051DF8FEFAB1050A3D
:109E4000031003E2F9FFE289F310F4CD0A370CFCAA
:109E5000060B00AAE542DB060608FCC707C8150882
:109E60000B0A0018EDFFECBFF30BF5EADA2603C787
:109E7000020DFCFAFBB0F306070402C104C2EFE4D2
:109E8000E81DF3F4F109E609020A03E2E137F9C437
:109E9000F711FA24054FFF04FF0800CFEC95EA9F65
:109EA000EE06F3B001D0FB08010DFC180143F307E7
:109EB0000C10FF1EEAE5DF100606FDAD0093E999E0
:109EC000EA24FAD8E9C4EA120A03FCB901C5FC0481
:109ED0000908078FF5BDF7CFE428F123E04EFBC852
:109EE000000CF92EE907DA08061202D6124604EB36
:109EF0000309071EF4B1F50C0A0403CAE491E00C4F
:109F0000051300F7FA36F804080E02E7E90EDA0E38
:109F10000311FF1E07E809FE020300EBF9E1F70554
:109F20000A0DFD23DA3BC436F121ECF50EA7090A30
:109F300003100010E83DCB0F0118FC270054130B51
:109F4000080306E3EF50F4A3EC0EF0E706FE070665
:109F50000202011CE92DE70E090DFFB801E4100B08
:109F6000060006FBDFF1E9C1EF18F212D221FFCDA6
:109F7000FE18F3B4F34C000D060100B5F355F3EFF2
:109F8000E324EE13ECA3EC0B020B04BBE0ACF1C832
:109F9000F91DF0E40BDE110A090505A6D71BF4AE86
:109FA000EE18EFC50B36030A06040511F9A3FA0AE9
:109FB0000C0C021DEC49FC0E0604FDBDF1E9E8A7FE
:109FC000EC2AF5C9EF0BFC100B02032E031711024C
:109FD0000F00FF02E542E8E2E529F0F7E5FFF6BFF2
:109FE000F618F5F4EEC5D905060701BD17B10EF454
:109FF00004FE05E8FED905030D0905E7F10BE208AB
:10A000000908FE2BF8180B040B040300EA46D009DC
:10A01000FD15FC1C09F210FE000504B5F5200E0725
:10A02000050805E9E3C7D134EF24EDC1043600008B
:10A030000708FC00FDCC0622FE39010A07E807CD1F
:10A04000009EE508DD1B014AF514EAF1FDFCFFEA7C
:10A05000FD1E100301ED02FD03AE321507FEFE8E5C
:10A0600001439B04C129DAC7F16CBBF2E20ADAA909
:10A07000F20F1DFA01E0FC9C0294F40CDF2ADCB123
:10A08000EE0FB5CEFBEBFCFEFCB8DC0CC817DDA375
:10A09000EE98DDF604F8FAE8FF914F04D31DF69B25
:10A0A000EF2A66F705E5FEE4FC603B0C06E1FD30B7
:10A0B000008B141005E0F8E50248250EE61FF71F97
:10A0C000F8680FE8FEE500DBFF9A1C1108ED024F6F
:10A0D00004171612E023DC29F52A23D6C61CDB0A56
:10A0E000F60445F101DAF9EAFCB54F110810022235
:10A0F00004F4F70B07DEF601020DF61002E4FE4D44
:10A10000FB45B810FFDDF9E106CBC31003E10507FD
:10A11000FE68FD1002F5FDF503F9310304E803A91B
:10A12000053D3011F69BF958F0EAE0FEFFEF098C8F
:10A1300002493A04FAD0FBA0FC548B0701E9FAF378
:10A140000338FC09DF1613A5FA40E8FBFE11FBFCFF
:10A15000FF85A704FF02F89E009BD30C0011FB397A
:10A16000FDF15D09D510F1F9F74AE609E4F7E1F7E9
:10A17000FB45E30902FBF206FDD9BB09E816DFB196
:10A18000F3CCBDD700EFFE0FFACE0F13D60BFAC3F8
:10A19000F6EB980D03EAFCF802DAC711D80D13AA02
:10A1A000F3D81006FFF20430018E450C00FCF9CC08
:10A1B0000434CE0CFDF6F502FCC4B513E8140BC351
:10A1C000F60EF3F204FAF8A803BB450BFFFCFFBE42
:10A1D00000CC4512EF17F09CF7D904E9D60DE84101
:10A1E000FA04BE0D02F0F45300B6860A07100CE321
:10A1F00002C5AC03FEF8FF2803DFF913FBF0FDE90D
:10A2000000ACED1001F000940054C50AF6F10355BE
:10A21000F8E85C080015FFA5FF9D300501EF02433B
:10A22000055F9907F6A9FFA3F0695A0006EFFC192C
:10A230000243E50DF8ED01AFFDE93A1005FEF72503
:10A2400000385609E9042814FB70C417F9020547C1
:10A25000FD866201F10BFB32FA86320DFD0F00EE36
:10A26000FE863103D80A0EBFFC1BCB10E4F9F6BA08
:10A270000124161DF809F451FF270908F6FFFEBF57
:10A28000FC1BA6EAF60202DEFBA15312DAFD0A0E5F
:10A29000FE0F450FFD03F7A8FF2B9602E2F81EE71D
:10A2A00002CC6E15FBF7F5A6FCED610AFE01F32F5B
:10A2B000FE870809FA020002FDE3D40AF11316E250
:10A2C0000093CA03FBF9F911FFB6620DFDFEFF55BD
:10A2D00002130613F30A03300065FEF3D4F50323DB
:10A2E000FDD30217F80100DFFE56580B050A07B62A
:10A2F000018FA20AF9FAF929FD87DD0DF706FE3173
:10A30000F8CAE00AFF06F9510161EB0CF0FFFB26E9
:10A31000F99DC70FF610FC9D0064D3020408F4FCFD
:10A32000FF0EC70BFCB70398F13F4603FDFFFFA1EB
:10A33000FE553806F3F70299FCC61116FC0803CF48
:10A3400001146510EEF429DA07CDBA17FD05FF24D4
:10A35000004ED708F9020053FEE4F70B040703CCC4
:10A36000FC138C07D8040D2C01F2C813EFF800B0D1
:10A37000FD71FC0EF913FF99FADEDD15F7FBF4A56C
:10A38000006DF9EAFA01039CFD90F110D7FD06A2D9
:10A39000FED1F318FEFF00BB012A510BF1F1260A92
:10A3A000070E231BFC07001BFEF64B09F805FCA259
:10A3B000FF3CFF0FFBFCF71FFC0B9115FBFD114948
:10A3C000FF4DC20AFC0800E5FE61A30FFBFE021769
:10A3D00000E02F14F60101F7FE629BFBD5FC0CF2A6
:10A3E00005BECA16F5040045FD3E42160712099443
:10A3F00006E52B0B0205F44BFD9F570EF808FD15E3
:10A40000FB3CC00CFC04F552FB2DC90FF406FA1FEF
:10A41000FEE94D1BFC03FDAC020BBE0EFB03FDC2AF
:10A42000FA57AB06F5C0059AF793D707FA0B045114
:10A43000FEE7A40429E615DA18FC1DF9F5FC24FD55
:10A4400002080302C2F021E2A7EE22F3A903FF0EE5
:10A450000005FF00E8FB4BEC00070A0006FA0D10B0
:10A460000708FCFE24DF96F2BEF222F300DC27EBA5
:10A47000CD031DF3C5F8D6F50107070094EAB0F740
:10A48000FADD33EC13FB39EC020A0803BEE113F0EA
:10A49000B3F21EF6E303080805070804DEEBDAF45E
:10A4A000B1EF11F21711B80E0709FE000BEDAC0663
:10A4B000000A0706D6EF42F507030601FCFAF2EBA5
:10A4C000B1EC35EFACFED9F8040806FF2B03D10F31
:10A4D000090BFE00F8ECC9E9E7E435F131E8E1FBEE
:10A4E000B5FA21F6BAECC7E9070909FE9617D501B6
:10A4F000F1FE0803B2040E0D010DFC05EEE999EB27
:10A500000B000C002104300A04040105EDFDC4D148
:10A51000080015FD25F6E40A0707FCFD2CF9AE0935
:10A52000FF08FFFF06E342C536ED23EAF1120501FD
:10A5300009FF07FED4EF54D10BFE14FAFA005B03B7
:10A54000030C0702A403B1E49AF119F9B5082D1719
:10A5500008FBFDFB0DF407F3040103031FEFF029D3
:10A56000050301FBBDF216ECBDF516F4B6E004F4EC
:10A57000C90815FCE8F79D0B08050602CDFE12F18F
:10A58000FFE528EEF3F692FA0500FE01B0F28BF932
:10A59000B7FD1AFBBF07B01004020800C3FFC1EFEC
:10A5A000A4F20DF5200FB300080401FE16FF950A72
:10A5B000080C0206FCF8A0FF0C0902FF010CD1E414
:10A5C000B2EF32F505FEB0F702040603D8F1160B20
:10A5D00005060403D60C97E5E2EF2DF2E0E6E8F974
:10A5E000C0FE1AF912EDF7ED09020FFCCF21161487
:10A5F000F2FD070010F40809020CFB00BEEA13E5A7
:10A60000FF020803C9F4FD130603FD06D8FB00E6AC
:10A6100008FF16FD24FBE9270304FAFDEDFBA0016A
:10A62000010A050019F1B0D634F01CEC130AB80B7E
:10A6300004070A04EBF5A4F10EFC13FDA801F410C5
:10A640000700FAFEBA0C21EB92001300C90F440672
:10A650000002FC0114F1C4FC000104FDEB04230B17
:10A66000F803F8FBD0FAB6DBBD040802E7F00CF9FA
:10A67000D80E090016FCB806060401FE9D04D3F5A9
:10A68000ECF221F5DFE638F5FAFF01FBF3F493F481
:10A69000BA011104F608AE09FBFDFE03EAF3B0DFD0
:10A6A000A60108FDD60A090E020107FFAEF792FFC8
:10A6B0000906FAFEC1F6B5FE07FFFC03F509A0F195
:10A6C0009BF528FBE9EB320603060204EC010407C4
:10A6D000FF030105CB1A53E0D6F21DFE0DF94EE043
:10A6E000BD0A0904D1F2B3FE080001FFC914FC0A37
:10A6F000EE080000DAFAFA16060A03FEE7E68DEF26
:10A70000FC0408FCD9FE11090403FCFC0B0417F53A
:10A71000F9060EFF21FDEC1B03FBF6FC23FEA61140
:10A720000704FAFF09FFB7E029EC1CF1E208A014C6
:10A73000FD000502F905C8DC00FE04FE0E0236131A
:10A74000F80001FB0E1143DE9D060302E7FD020542
:10A75000F7FFFFFFD6FC4EFDF806FC0119F5FE0DD4
:10A76000F702FCFFF2F53AE7BE0D0406E5E1D0F191
:10A77000DC0CFCFFDBED0701FE0CF501C50BD1E5A0
:10A78000E7F11DFCD3EDACFB0105F7010CFE99DEF2
:10A79000C611FF06BE043D0BFA0304FEC10916E410
:10A7A000AC030001B1FE5F150005FCFADCE8061001
:10A7B000000AF9FD37E9FEFCF707FE0309190EE16F
:10A7C000AAFC2106E3F84B0BF908F6FEAEF3F710EE
:10A7D000F90100FD900F08E6D7FE1501CDF2CAE69B
:10A7E000C70F0709C7EC20EBF707FDFDAD180BFEFF
:10A7F000F2FF02FF0EF2FA010107F903EAF578E928
:10A80000F601FBFA17F4BF04010701FE2C0462F302
:10A81000FD0508FD00044DFEF9FCF2FB17F7EF0300
:10A8200001FEFB02CFFF8FDD22F30FECBD0A2612E3
:10A830000002FFFE00F504FE90F92DA70FFB0BF7B9
:10A84000B2FC15B808EEFE288E0135BA09F90CFBEA
:10A85000A8FED06203F80BFF3FFFAFA8130008FB70
:10A8600028FFC3D60FD409FFE7FE066307E9ECF41F
:10A870001BFE2CF40AF81202DDFD3FB411FAFBFABC
:10A88000E401CF97ECF90D01A9FA070E0ED60004EA
:10A89000D6031B0002000E01D1FC3B0909E8F515A7
:10A8A000DB033F560B02FFF8070249D309FD0BF803
:10A8B000920184650BFA0505C5FB28CE0DF5010E46
:10A8C000BF06FEAA08F607FBE3FDAAA20E010CFDD7
:10A8D0004CFFA7CA14FA09FEC400F793EBD9F2FFA4
:10A8E0000F040E2B0AFB0EFF42FAC2FC13061301E3
:10A8F000FB08B1DF07FF09F92EFD60300FF30401FB
:10A9000008FDA4F10F04FFFE8DFDB53D0FF7FF021A
:10A9100029FA3E0B0D0303052601F7AF0CFB1101CD
:10A9200025FBEC650BF1C10544F29DDC05FF0C0530
:10A93000B604924608F206029CFD33920CF904001C
:10A940004C00D05410EBFB122C0AB81003F903058D
:10A950003EFD244E03F01000A3FDA8EE0DFF0D00F8
:10A960004500873B02E4F6F99704E43F06EBE6F97D
:10A970000102C0D9FEFE16F7DDFA56F90EF505F311
:10A98000F6003D66E8F714FC1DFEA75F10D9F6FE41
:10A990008D056095FE020B0741FFA63812EFFD0BF7
:10A9A0009D01974906FD0901E301B8EB0DFB070086
:10A9B000C7FBC78F15F203FB94FC2AE60CF8140DB5
:10A9C000F7032A60FDF410F6B9FCDDC70F0203F7A8
:10A9D000020253C808FF11F2DD07AF56F4DBF0F7AF
:10A9E0004501C4C000F30EFEB6FD0EAE0C080D0707
:10A9F0005004914C0D0009F929FCF52D12F313F7C1
:10AA000037FACA5C14FB08F8B3FC4DF608ED16FBE8
:10AA1000D6FE932415FD0DFD23024C54030401FFC3
:10AA2000A9000EF113F8D3FECBF8E99F0FFB120536
:10AA30002B058AFE07F20603EEFBD08D0D030AF903
:10AA40000AFC328F07E3000D1500B7A8F802F90AD7
:10AA50001501D3F505F2080304FA89111001FC056C
:10AA6000F6FE40970EE3F8FE3F002DC7FCE9E7EE47
:10AA7000F504256903FD0EF950FA3A240FF60FECA0
:10AA80000B07EA4EEAF10D0523F803F307DA05F5A3
:10AA900039FFAFB4FE020EF954FE24DC05E4FC04D9
:10AAA0009107670004FC0AF7B2FDC94806F814FDD7
:10AAB000E9FD542E11FC10F9FCFFE2EF0FF105FF48
:10AAC00094014743FDF80903C7FD33CB08FA03FCA3
:10AAD000B301D03613F4FFF4E4078E1BEDD6FCFC73
:10AAE000D301DB46FEF317FF20FAB3DF070A060C9B
:10AAF0004E080AE1090206FC31FACE9C13EC16FB63
:10AB000095FA37600A010FFB92FC316407ED03FBF5
:10AB10009BF7252D0CFD0201BC03D4050FFD03039B
:10AB200093FF04F50BFCCD03D9F558250CFC080068
:10AB30005400AB9205F5F2050AFEA83B0E0403058E
:10AB40009A0009E806E40A0FEA039050FDFB0102AF
:10AB50004902F4F309F609FCD700A0AC0B05FAFD95
:10AB6000E5FFA1510EE1FA093300F56502E8E4FAC8
:10AB700019FDD2C60303FFFC19FB4C0F09FB11F8AA
:10AB8000BE00DDA8F4F9FB0738FFB2CF10D60AF8F3
:10AB90009105B0B4FEFC06FB4E01B3990EE106121E
:10ABA0001403B2DA0200080198011E130CF806F72C
:10ABB000C9FAA71210FEFC0206FC945109EC190414
:10ABC000520661D1FEF80CF8FDFD9F1D070309FA3E
:10ABD000B50215BF12F407F3D6068CF4FADAFFF7C4
:10ABE000D4041AB305F607FFD2F838380F05090860
:10ABF000F606DE6D070106045603EF000CF5FC02B5
:10AC00000CFC0C240703FCF902FF0DD10FF409031F
:10AC1000A5FB9C1F0B02FD0929FC231E03FC0DFC58
:10AC2000D1FC56D908FCC40049F53E1B09FE0602BA
:10AC3000B9FC2A140BFEFE5BF5F7000AF70EEF4491
:10AC400015F302FE03D11093E69907090AE814C12F
:10AC5000FFFB020201F7F14402F30AF3FFE30AF2F9
:10AC6000F3FB05F9FDFAF534F0C40606020EEBCD50
:10AC7000F0D707F801AAEF0B04FD03F5FAB911B2FA
:10AC8000F6F3F91FFDB9F769FCF50AF2FFF3E8B333
:10AC9000EECE090607FB082502FE050002CBFAD21C
:10ACA000EEA60C030612FA02FAF903FEFDE8EB2BFE
:10ACB00002FD08F402C600D2F9FB06F8FD951D332B
:10ACC00000ADFA2002F7EB6F0AF604F30316F9025F
:10ACD00003F502F904D11BEC08EAFA1B03A1F7AB58
:10ACE000E6D80E0805F2F633EAFA01F7FFFA1C3C43
:10ACF00005F005FE03D6F155FFF501F202E1F0D6AD
:10AD0000F9FD02FF0127EF0806F709FCFEFBFA5FD9
:10AD1000F3F207FEFBC708F005F8FE01FAADF411E7
:10AD200012F8FFFBFCBE0F32DF17F701ECFF0850F3
:10AD3000130000FEFD16FFAAED02FE09FDBA00C4D5
:10AD40000CFE06F5FFF0FE3EF8990A040BE3144AE8
:10AD5000F701FEF701CA00A5FCF408FBFE1E153A38
:10AD6000F5FDFDFB00B0EC3908D40E050AD6E2DA99
:10AD7000FBDD0F0309ADF71CFBF802F4FD9D14D6B3
:10AD8000FCECF91B02BCF620F6FA07FD00C1EF91BE
:10AD9000F2D20D0509150267FEFC00F602A4052F8C
:10ADA00004A10DFF04E00DBDFAFA04FFFB0DF7BF8F
:10ADB000F8F805F4FACDF8D3FEF7FFF2FCA70BAFD5
:10ADC000FFBAFA180700F61EF3F903F5F9D208D412
:10ADD000F7FA00F702FC17C2F6D9001D03EDEB9A53
:10ADE00002D90D0303F0FCE402FE08FDFBBE2306BE
:10ADF00002EF02FC04E0F939F2FD0AF5022B0556D8
:10AE0000EBFF02FDFFE201AA08FE00FEFBB311A367
:10AE1000F3FB03FEFA070AF3F9F5FFF4FBFA033834
:10AE20000BFC0400FF290DE2EE13F309ECD80FF040
:10AE300011FF00F901360DECEA02FFFEFCE2FF47CC
:10AE4000FFFDFFF2FCFB09B407B2060D09E20D336A
:10AE5000F0FF01EDFD041044DEFCFDF9FFBD06141A
:10AE6000EAFB05EAFFB7F20FF8CE0CFD04A9DEFC01
:10AE700000E211F509BCFCB0F9FB09F700C215E8C6
:10AE8000F9E3F91D01190544EDF6FDF500B5EE18DD
:10AE9000FBD811FD04E30DE5F2FD0203F89DFE135E
:10AEA000FDAD0C0005AD146A09FE01FDF9C60607EB
:10AEB000FAFEFEF300D7033EF2F7FEF0F89701FF2B
:10AEC00009BBFF1C0513FF38F5FA09F1FDD200E0BC
:10AED000F1F9FEF200070F32FEDEFB1301B5E2E6E8
:10AEE000FBD50EFD07DDFDC5EFF703F6F8AE140741
:10AEF00012EE02F8032D01B104FA02EEFAADFD1FC5
:10AF0000DFF3FBFAFA2908B200F905F90039164512
:10AF1000DEF201F5F7251472EBF602F000EE0945BA
:10AF200006F804FDFAB423BEDC0FF108F4E403BA1A
:10AF300009F50205FD241D2AD20102F5F90D0F378E
:10AF4000FAFCFDF4FDD50EFF01B4090605E206A4E6
:10AF5000E4F6FAF101CE16E1D6F9FDF2FAC90FAD29
:10AF6000DCFC00ECFB8DFAB9FAD10CFE059DD70391
:10AF7000FBE70FEA032FFD47DEF605ECFB950C3DE2
:10AF800002F2031707AB14D0E7FA06F3FBF3EAA9C2
:10AF90000FDA10010A0D0F43F3FFFBF7FEF2F82E54
:10AFA0000CB20AFE05E20F41F8F8FFF8FABF08C03C
:10AFB000F7FA04F401AB0014E2F301E8FFAE16E681
:10AFC00001CA051F060D02C0E9FEFEF40124FFDBE5
:10AFD000EBF3FDF2FDFE1BB6FCE00117099CEFDB75
:10AFE00008DE0EF707040549E5F203F2FFB72198E2
:10AFF00003EF050206B5FC16E4FB05E800C811CA1C
:10B00000D4FA05F8FE36FAE4F3FD03F3FEEE1C0D68
:10B01000C4F7FCFBFCEB03A5E2FCFDF7FC0CFEB760
:10B02000FAF604F500E730DDC11BF8FCF30B0EEF78
:10B03000FBF805F70200FAF4FE2EFC29590C050373
:10B040000802FC0CEA0FE3130B9C03E635F4F70A45
:10B0500005BDFB32C207F10BFDBFFF9D0504000DCE
:10B0600007BCFE9CDF08EAF9FFB90B183A0BF0E9C0
:10B07000FD2001FBB400FEFEFBEEFF630409FD139F
:10B08000EE97014EC7F3F505072800DFBE05DD0783
:10B0900006D606E193FF04FE00CBFE3B9409DE08D2
:10B0A000062309FFFE02FEF808B30390980300FE92
:10B0B000FA96FEA8320FF4FC01BEF9DA9106F01000
:10B0C000F94108F6E7F8FA0A0196FBDC090DFCFAEB
:10B0D00000C200C5ED06FA09ED0A04D6A0F0E0F4BE
:10B0E000FD4C05181E0AF611FE9AFCD45F04060DED
:10B0F0000ECA01F0520A0103FFAA0391400DF10CA0
:10B10000FAC2FAA624070301022AFA003510EE0655
:10B11000FD39F702A507FC0F0221FE10E20901022A
:10B12000FC0BFFAEE704F7D704E2FB46C1030507BB
:10B13000FDD200C9FE08F5020521F7ACB9010106F0
:10B14000012FF8530F08E714FC9C06B30DFEF9FF1E
:10B15000FE3502A24500F7070417FD8A660D0009B7
:10B16000FCA5F83FFA05EA0104F40BD8FB0EECEA63
:10B17000EFEE03513CFFFB020533FC5B1C0FFE139B
:10B18000F1CC08F9F6EDEFFE0808FBEE1E06E9F536
:10B19000F6AF079D620AFD050144FE9D0F0BE7080F
:10B1A000FD50084EBEFBF7FF0632FDE83E02FF0BE6
:10B1B00002F3FAD3A50BF10609B1FB992B04F00FAA
:10B1C000EEDE0520E1F30002FFB700DE1504F90A08
:10B1D00003C6FF683906FA08EC1808A25DF8E3FC1C
:10B1E000F23D06B66505F60EFB08F8208C04040A4D
:10B1F000003E06E9640EFE04FFF3FA2DD40DEA0EBC
:10B2000009B6F84DD702F800FEF7FCFD6509ED0D13
:10B21000F8F2F8B9AE0700FC03EDFA66D10A0000B7
:10B22000FE95FD02C706F4D6FAC0F5DAD10804048B
:10B2300006D202CAB402F40505A6F7995C05F9FB2B
:10B2400006A2F7580505E50DFFDFFF3F5EFBFAFF9D
:10B2500005A5FB9EDCFFF2060924FBEF1106FF0E9D
:10B26000FFC0FCA11201EC0202490A8CE30CEAF0D7
:10B27000F6DE03496501FE09FFD4FC95210BFD04B0
:10B28000EA1B029097F5F0010616FC3F900AE2F2E5
:10B2900001F003904B0B0003FC90FC921805E210A8
:10B2A000FA28011DA1FCFDF8FBAFFC19A504FC0860
:10B2B000FCB7F8A6B007F9070947FC460309F11DDA
:10B2C000EDB905B7C1EEFE01092FFD603909FF0E8A
:10B2D000FC9FFD8B390AF914EF3C08C03AF2E2F505
:10B2E000F994019DCA09F514FCB0FABCB20B03191C
:10B2F000075001CA5F07F80804EDFDCFBB08ED0356
:10B30000FC96F817D604F90004A2FFDB3508EB0819
:10B31000FEE4F8BC9802FB05023D01145D00FD044B
:10B3200007F7FD694905F8E1F023F310A7FA0207D2
:10B33000FC8FFEB5A20CEDFC030FF516AF01010367
:10B34000FAE8F8C28F06E70DFBB3051512FDFF11F1
:10B35000FBB8015B2E00F702FFD4F7244806FB0779
:10B36000FA9900481704F2F5FEF5024A9D0AE8E44E
:10B37000F8FA01A89F02000805B1FF554A05010A25
:10B38000E80202C5FBF5F309060CF735C909ECEC38
:10B39000F8C306EB5510FF0B06D0FD639801E805D6
:10B3A00002EA073B3605F80D05B7FBEA2808F71156
:10B3B00004040091B80AF307FF3EF9FCDF08F50921
:10B3C000F9A60194C3F8FF0B08ACFACFC30AFE0B31
:10B3D000011FFD30CA0A0311E6560853F7FCECF1D1
:10B3E000014600B7C40CF20A0996F9C3B402050875
:10B3F0000437072DC909FF0A08000018EF03F107F9
:10B4000005E2FD90C204FE0E053BFBD63F08EF0BA4
:10B41000FEA5F5B900FAFD19FBBEF8D9CC01001262
:10B4200008BBFDB43B01FDD8F83CF5154DFFF90212
:10B43000053503D1ED09182604C00503FBF91A08E8
:10B4400040DCFDFCF0FBD0F9D908B4080507D018A2
:10B45000FFD7FCF200FD380858D603F7F0FBAD0A21
:10B4600030D605F0FAFB99FBCB10CF11EB0CC7E8F7
:10B470005604EF0DF207CF095CD6FDFCEBFEBC11C4
:10B480000D15EEFB0F0629156DDA00FEEDFEA9EF96
:10B490002615D510F10CC213E8E6FAFCEF01CA0933
:10B4A0002303AF07F308F41637F7F7FCF7FFDA0EBC
:10B4B0000EE900FFF0000C08A5E2FDFAEC00B01464
:10B4C0004415CAFE1304F70BF8DCF703EA01260C57
:10B4D00041D301FEEEFECC0C1E0FE000070AB5F3CF
:10B4E000FA01E111EF08E810EBCBFCFCF8FAAA1E18
:10B4F000A00AEBFFFCFE2EFEB6D5FA03EFFF1B1DE4
:10B500006BCCFDFEF5FCFD086AF2FC02EEFC34217A
:10B5100031BC07FAFDF42306F8D9F8FBFBF6CB079C
:10B520006FE7F900F6FE18359CBD19EE02F413140E
:10B53000B5EDFE02F8FE13250DC10AF002F2220B52
:10B5400045D0FDF3FDF69A04E21FBE010608BE17C2
:10B55000D3E9FDF8F8FBBC1667CD00F8F1F72FFF33
:10B56000EFC6FEEFF3FBE0FE0A1CD50CED0DB9E6CD
:10B57000F400EA10E9070109F9C000F2EDF9ED1055
:10B58000C424E101090A1A0A2CC8FFFBF8FAEBEF00
:10B59000981BD212F705FFFD55E1FDF8FAFCBEFD40
:10B5A000C120B40FFC081403BFDBF9F3FBFA190C3C
:10B5B000BCD4FDF5ECFCBB173ED405F6F7FCA306A6
:10B5C0009D14D0031706BC130CD5FDF8EAFC320716
:10B5D00052C7FFF2F4F6F8141E26E3071004B8E78A
:10B5E000F519D80FEC061A151DC205F9FFF49F21B5
:10B5F000FE00F20603FEDA03F0CBFBF8EEFAF416D7
:10B6000077D203EEF4F1D0F860D3F6F4FBF5CB1665
:10B6100059C70CE9FEF2FB0A03D602F6FAF4020857
:10B6200042E3FFF4F0F6D82BA1BA19E201EFD919E1
:10B630003EFCFF02F700AF1CBEC510E902F21C0D74
:10B6400028CBFEF0F7F3BE04A328CA090905270694
:10B65000B4EBFEF5F4FD050806D905EDEDF627FC83
:10B6600070D6FBF6F4F8E2F7CA25C910F20BC2E176
:10B670000E13D50DF3FE3506BFCC03F9EBFCC71353
:10B68000962FE1061003CD0A08D1FDF6F6F78EF5E8
:10B69000AF26CA08F209EAFC08D401F5FFF9B5FCA7
:10B6A000B22BD204FB01F80FDBDC04F8FAFBD4095F
:10B6B000E4D407F1EAF92314D8D200F5EEF3FA0046
:10B6C000F631DCFF1206030035C304F1EAF7C7FCCC
:10B6D000ECC0F9F2F8F68D0EF61FE2050D028CF1C2
:10B6E000B420CC06F802DA18D2CD03F4F4F0971E99
:10B6F0001205EBFE0306320D42C604FAECFC2C0ADE
:10B70000C8C306E9F3F2D5FA27D2FFF4F2FCF92216
:10B7100024C60AEC05EEC000D2F0FBF5F5FBC7FA33
:10B72000D9DC03F6F0FA361E3AD127DBFFE5120A20
:10B730006BD6FBF8FAFF11235FC90DE600F3EA04AC
:10B740003FCFFFEFF7F5E710BC26D200FF03200C38
:10B7500048DE05F305FBF50A07C807EEFBF92AF0FA
:10B7600025E301ED02F60CF7E323D30CF504F5E62F
:10B770009A07CC03EDFF31F83FC504F0F9FBD21670
:10B78000BA2FE6FF090A1A1028D207F5F8F4B5E82F
:10B790003324CD05F307E6FC73D806F3F9FBC90F94
:10B7A000F81CCB06F402FC01A7EDFBF8F6FDAFFC9C
:10B7B0002DD505F8EEF5DB0D05DC06F7EFF91314D2
:10B7C000272AE7040FFEC101CDD000F0F2F5D1FC2D
:10B7D000F8C801F4F8F99911FD29E2060D09F8F508
:10B7E000E615DB0EEE04B609A6C601EEF2F3EE177F
:10B7F000CA05F6FCFB01BCF815D501EFF2F7280EDF
:10B8000026D001E8F9F50704C1D101F3FBF73216A0
:10B810003FCB0FEA01EDC9EE59E4F8EC00FBFEF670
:10B82000DCD802F5F0F7BA2B9BD326D5FFEB151128
:10B83000B8DEFDFAFE0000F1FA000BF81E1503FE5B
:10B8400011FE4DFF610D01ECF9069804D3F6FAFBE9
:10B850000A00A0FF1EDA08F703FECFFE4B2301F615
:10B860000705B6F7E3ABFDFEF4050C0CFE300CE863
:10B87000F1FB240493B501F60DFE95FFD25E0202A2
:10B8800009F53A07A8BE02F711001DF71340FDF2B3
:10B89000FC05220BD6C20C0007FE0FFE685F05EE0A
:10B8A000060AAE0241D2FEFE0B05C2FF419FFFF821
:10B8B0000C04B8FD5E0B00F10D0344F86D2206F494
:10B8C0000AEB0901A9DBF9FC09090AFEEE5D09FA98
:10B8D00004FD04FF4BCF01000FEBA304E7C6F9F30F
:10B8E000F3073402D2310DEE05FED1F88C92080632
:10B8F0001800BA06DB420EF80CFEEB001A5602F5F1
:10B900000403FFFCF8F902FA13FA51FC9BC706F096
:10B9100003FF54F7F81A00F70902ABF61399FEFE7D
:10B920000D06FAFF5E020A00E2FD29FAC6CDF9F91A
:10B9300012FF03FD02F004F1FAF60DF908AA07FF61
:10B940000402DEFA6ACE04E9F501B702D823FDF855
:10B95000090A98FEB65709F801043AF5AB08FDFC50
:10B96000080006FAC617FEF8F60F9D0F1A000FEA38
:10B97000F0FDA003A5FB00FA0A0193FB922605093E
:10B980000EE844098F5EFAF50305D3FB9198FCF8A5
:10B99000FE0CD30E10A809F914078EFC0AA200EFC2
:10B9A000F806A904E63100F607FCADF9B71F00F66A
:10B9B000050A96F9014507F9070AE4FBF34000F987
:10B9C00008F2C703E961F1FA070936FEBE400BF43D
:10B9D00008FDF3F86367FE08FAF50F0AF4C503F5EE
:10B9E000F807960605EE01F204054FF65046FE06EE
:10B9F0001003D608CF4F0FF505009CFD49FE06F455
:10BA000005003EFB12BB03FA0F01B4F9C8AE08F9FA
:10BA1000FF03AAF3F9A8FCFB17FCA4F9FF2708FD14
:10BA200016FC52FE9E0C07FFD8F8F1F6B823FFFC77
:10BA30000401C1FC270607FAFCF732F7DAB7FCF677
:10BA40000FFE3DFFC2E506EDF8F648FDF6E6FA0109
:10BA50000501F100B9E501FDFB07B6FAB7EA00FE02
:10BA600005003F01A0AE02F8F9031D0A1FF202E92A
:10BA7000F606FCFFE530FA01070AA5FF25AC070929
:10BA8000FBEDBC08165CF8F20408BDF8DA9AFDF389
:10BA9000000D38041EAF04FC150515FE62B8FFE961
:10BAA000F5FCB2FDBB6AF3010F052FFCEA47FFFF6F
:10BAB0001407A9FE435606FD03019EF82B0103F56A
:10BAC00008EC1FFE6322EF000C0A0BFEBE5002FDC5
:10BAD00018FEC9F8F02E07FEFCF8A70B3C5B00EE41
:10BAE000FE049D074950FEF40C05C6FBA855F80955
:10BAF0000A050E02BEF00AFE100521FE6DB801F91E
:10BB00000600ABFBB3EDF9FE1203F7F8FE1208FCDA
:10BB1000F8FA16F5405501FF02049AFFC5D902F65E
:10BB200012FC3FFA53B30407DAF0B3F2E26401F611
:10BB3000050931FC59B20404E9F830FFC127FEF9C8
:10BB40000D0BDC009C3A02EB00FEDDFC0465F40406
:10BB5000010A4BFE38A409FCFA0BF9FEC34407FAAC
:10BB60000A06E5003ACBFDF0F5F9AE0252D702EC39
:10BB7000E400E2FE1F30FA010A092AFF5E1B0807F3
:10BB80000CF4D10AC80EF800F50A42FC065D03F079
:10BB9000FD00EA0733A9FDFB0907CBFB96B509F3C6
:10BBA000F2F48900834CF9FF070B0E02E64306010D
:10BBB000080DEEFE0D0702FCFE0D4600B23F09F532
:10BBC00010E7F70156F9F5FD0C0EA9012C5F0CFDED
:10BBD000040399FDAEBE01FF00F24A05F4DD00EC5E
:10BBE000F5F8150607C2F6000604B0FC6F64040100
:10BBF0000A0CD008D23E0B030E049E04B24803F890
:10BC0000F6011AFA1F67FEFF0506E5FF28E9FEFEAA
:10BC1000F8F8E4FA68A8FE010201D5FCE8CD09FEB7
:10BC200014033BFEF33F0305CCFD37FA3AC500F899
:10BC30000F02F3FE0B1E0B121110C813EC03F0C71A
:10BC4000F62BC0FBECF4F796053936D603F4042A3C
:10BC50000D4ECD05EFFCF4BA0C45C80CF2F7F520FB
:10BC6000FEBBC5FEF0FDF6BFF24C24D30BE40BF88F
:10BC7000D58C21DC0AE907CCF74AD401F1F8FAA106
:10BC8000189939D90BFE04DC0673D00AECFCF48D4C
:10BC9000EDA123D810E90BDDFAE9D000EEF9F8EDBB
:10BCA000FC4E3AD807F1020E10E9CD01F700F60F6D
:10BCB000F629CE02EDF2F528FE59DB08EEF5F8C1C3
:10BCC000069B2CD3041105D7F770CCFFF7F4F606CA
:10BCD000FA6DC5FBF1FBF9C3141B2ECE09FE0A0851
:10BCE000F18A2AD707F10AB00DF8D309EAF6F3F57D
:10BCF000129EFCEF00FD00DFFFB0C5FEF5FBF91260
:10BD00000E02C305F0FEF0E6F4D9C3F8F2FEF6ED3C
:10BD1000142FC20DE300EA34FECFC402F4F8F31589
:10BD2000F860D3F9F3F3F6C727F8DC21DF02E90660
:10BD3000086CFBFBFBF8F8DB19B3D30DE602EDFD55
:10BD4000FD5CCEFAF1F8F4D3FAE739E709FC02C852
:10BD5000FD3FDE00F2F9F9DAFF1AD907F0F4EF112E
:10BD6000F454DEFCEAFCF3BAFB1537D70FE613D523
:10BD7000D5DA29E809EC03F3F240D204EEF0F1E25F
:10BD80001DF448D10C01093503E3D60AE9F6F0E1C8
:10BD9000021B39D915DF0CF8FA0AC304F001FB9332
:10BDA000F7E542E30AF209E00426C309EFFBF5FEDA
:10BDB000F4A8CD02F5F0F307FC2DE20BEEECF2EC6B
:10BDC0000C9E37D1080407AF08D0CF03F3F5FAD99A
:10BDD000F25ACDFDECF2F1E6133D4CCA0F0106D547
:10BDE000F5BA40DA0DE20DE6FCF4C308EBFDED0117
:10BDF00017CA0DF6000305F8FCDCD1FFEAF2F322C6
:10BE0000F5DBD506E2F5EEC7F6EAC905F3F8F6E389
:10BE1000094BCF14E8F5E9BEF222D9FBF2FFF41A80
:10BE2000F350C604F1F2F4B626F4E01ED400E504A3
:10BE30000511E8FDF3FFF9D119B4C811E4F7E8F6EC
:10BE4000FC07D0FFEBF4F2DEFDE453E905FF00034D
:10BE500004CFE2FEFAFA02E205B6E7FEECF6F200E3
:10BE6000F351E6F6F9FBF9F2F5A259F20DE60C06EC
:10BE7000E44141F30CEF030FEC70DBFEEDF2F9E669
:10BE800024FF44D10AFA0BAC034FE6FFEDF4EFF6C2
:10BE9000F8AD53ED0BEA0CCC02B1CF03F3FFF1F197
:10BEA00003D455EC04F903E80834D4FCF5FAF9B4EA
:10BEB000F54ADD08F5EFF6CCF6BEE30AEEF2F00146
:10BEC0000AFA40D308080313F7ECF4FDF1F3F30E7C
:10BED000EE26D9FEEBF3F3FF1CCB41D803FA079F04
:10BEE000F1DA40F309EA08F00522DC0EEAF2F2A1E9
:10BEF000212201F304F90426FBA0E108F2F2FA3A48
:10BF0000F53DDB09E9F3F108FE40CEFDE8FBF60460
:10BF10000606D00BE4FAEBD2F92BD9F8F2F7FF1DA5
:10BF2000EE58D2FCEDF7F0091F8FE126DCF0E7EBCD
:10BF3000070CD602F3FAF51B1111DB0DEFEEF5AF8E
:10BF4000EDBCD504EFF3F49F02F84AE804FB02BB12
:10BF50000566E6FEF4F5FE08FCA9ED05F5EDFB0629
:10BF600001A7D6F5F5F9F5F1FA3D52FA0DF009BA47
:10BF7000DE3C470607EA0117F334D8F9F0EBFFB3CC
:10BF800026113DD50BF906B3FCFBE607F8ECF5D11D
:10BF9000EEE858FD0FE906D0FC4AC4FAF3F8F6E9DA
:10BFA000FC0059ED03F904B0043EC803F6FCFAD4D2
:10BFB000F4FFF2F9F3EBF6EE0AD3F905F5EEF6F33A
:10BFC0000D0746D503FFFDD900BCEB00F6F2FCDC03
:10BFD00001A7D2FBF8F8F9D4149357DB090108F252
:10BFE000EE034C000CE801F2056DF101F4F1F7D11C
:10BFF000259FFCF402FA04C1F8FBDFFCF2F0FEF32B
:10C00000F6FEDC08EAF9FA0EFD31DC03F1F8FABFBE
:10C010000F45D507F2F4F7CFF7E2D3FAF5F5F9D3E8
:10C02000F507CFFDF7EFF3031C21DB24DCE8ECF888
:10C030000AC1D604F5F6FD0009EFFDFFFB0FB100C4
:10C04000FD02084CFB113A01EFFEEDCAFEB43DFBC8
:10C05000000608E7FEBB9200F9FE0753FF5A95FD64
:10C06000F91C0A4DFCDC44F9FBF80A1304CFC10AA1
:10C07000EAE700B6FFB6CB04FB0A0C4F026FD50B04
:10C080000504ECA206B7DDFDFEFD07ADFD40C205CF
:10C09000F8F60ACF06475D0901080621FF55BA09DF
:10C0A000F0F4FCF20455F2FA030308AAFC35ED00A3
:10C0B00006000AD0016AA90C00FB0F1CFF2F4B07DA
:10C0C000FC0DE6EC02675DF3010B038F02CCFD056E
:10C0D000051300DDFCCD9A0402FEEDA3061F9CFDB6
:10C0E000EFF8079205ED1700FDF103C6FCA55C060D
:10C0F00008150699042B460C05100FF80400370CA0
:10C10000F8F0089D01DC5CFC0010071AFF6EE500EA
:10C1100004F1FB54FA1F9BFBF80FFFBCFB7046FEBB
:10C12000FF0106DEFFAB2EFF0EDAEE43FAA620FC7F
:10C1300004FD011BFE4D9A030AE4FAF3FDBF570507
:10C14000FE0D01BEFCEE6202F3EBF52A02E06EFF8B
:10C15000FB07FFCEFF5E1302FEEF01CCF9C79BFC8D
:10C16000FE12F802F94067FA03F312D7064C3F0EAD
:10C17000F0D9141107995DFE020C0CED032B200081
:10C180000EF5F2950916C407FBFCFE0BFF323000DA
:10C1900000EA143008CDD106020F01B5FB9F2F062F
:10C1A000F5EA07D600923300010305F20040BA0316
:10C1B000FF100BE9FF71BE04FDFC0B180030FE03FD
:10C1C000FEFDEB240060C3FA020B0B93026BD60852
:10C1D000FF13025100BE070504F6F33107906B060A
:10C1E000F3E80EBA0717B807040108B3FFF2CF024D
:10C1F000000D0BCD061B9804060D0DCC0341BDFFB1
:10C20000FAF9019CFE13B603FB0F03ED01F720FFC3
:10C21000FEF2FEBAF6BF02F5011100C6FDAF110332
:10C22000FA1A00360293150510C8F79FF44404FD6E
:10C230000001043204DFE30106EDFB31FC34590058
:10C24000001A06B0FE3FF303F7E30D3C050FD207DB
:10C25000FF0605DA0038BE05FB0101C9FBF7BC0289
:10C2600000190A2DFB4CDD01FDE51D9C09836D05C0
:10C27000F5D71B380E9DE8FD020502CC00F006FD47
:10C280000DF4F6C506BC960D05040DB1FAB6A8026C
:10C29000F7EE14C41055D803FF1405CFF9D356FE9A
:10C2A00000DF14AD0BAB40060006064BFE253D0536
:10C2B000011405DD009115F901010752FD2442F931
:10C2C00006FBFAD800A13408FE0F03ABFE50AA0704
:10C2D000020A01F001568FFA0AF6FE0E0A12D31076
:10C2E000F3EF163F0C0B1E0501F7082DF99CE4F93E
:10C2F000061104A205980211060D061CFDF6F0FDBC
:10C3000002FD0195FC4CE302FD14FC43FA18ECFF1E
:10C3100002EFFD52F8012A03F91308EFFEF23BFC8D
:10C32000FE0F0B16F94960FE14C3F6E8F0B4B4F73B
:10C33000FB0EFBE703F7F3080BE30256F4E921FADF
:10C34000FC1707A9FD69AFFDFBEB05AB00A651F992
:10C35000080502490241F10201EF0B9BFFFA60F868
:10C36000030202B5FD546307FBEA0F910BC6A0FA66
:10C37000F7DD10F80DDEA101060F0EE5FF065F05E3
:10C380000902F7A80DC8520A00FF03FBFBB435FFF2
:10C39000F6E5078907B96802FA1107BEFE6ACEFF03
:10C3A000F6E607D204A86502FB0D0618006F36FFFB
:10C3B000010E09E502033E0200FD05D2FDA5670658
:10C3C000FB06EA3003F3EE0208FC102E02D34E0205
:10C3D000020E10EAFD1C3AFE0403E8E403B2F10188
:10C3E000F4F014DB0C8F110306FDFE43F751BE0180
:10C3F000041506F104D7BD0A020E121400B055034D
:10C4000003EB090DF9D1A4FF051104B1FB12CD0115
:10C410000DEDFE11F733F8F506080EF2FDC21E070A
:10C42000FD0F0D52FB66A7FF16C7F70FF1D2D9F526
:10C43000FC0506AA00C62A05CD1AD2E804EEEBF5E3
:10C4400024F5E6CCFFF7FAFCE6FE335BE603FBFDE2
:10C45000230CACEC04F400FA2D022DEB04F0F4FAFA
:10C46000BAF750E405EFFFF78D06BC510A0DEB0853
:10C47000D1DA46360604F7FD3504C6ED04F0F5F9C9
:10C48000EB1AB24EDB0BF508E7FD50F3FCF6E9FBC7
:10C49000F8FF1B500905F20707F8B0CFF7F9FCFDCC
:10C4A000E103D74CFB0BF6051E0615C6FCF9FFFF92
:10C4B0002A06E4DF05F1E8FCF20A6CE408F0EDFF7F
:10C4C000EEFC234ED103FF02F30E57F5FDFAF3F90C
:10C4D000CDFA42DDFFF6F1F7F70D1053D70AFB074F
:10C4E000BDF6094B0A0CF006CD084EE0FCF0F4F85E
:10C4F000A219FEFCF003FB06DA061CE1FDF1F3FDD8
:10C5000036FFEEEFFEEFEDF7E903F7C404F5F9F5BA
:10C51000CA0932DE0BE8ECF114F63AE4FFEEF7F963
:10C52000CE0139DAFEF0F2FA2D1D51DF1EE1E9EA03
:10C530001505B7DBFAFE02FCBE19DFF80CEDECF4D2
:10C54000B0EC4BC602F4F8FAA801F83EE905F8FF92
:10C55000F307F1F4F9F2F7F7CCF9CDEA02F4F6F3C8
:10C5600003F719FF01ECF8F49402F239060FF80909
:10C57000B1E830361701F9FEF4FED9EE02F7F8F80B
:10C58000A21EF93CDD09F704DEFA4CF6FDF6F8F6DA
:10C590009FFFC1471608EE09C7F2E2CFFEF4FAF793
:10C5A000EDFC524DF207FC00170D14D600FAF9FE0F
:10C5B000B1052CF902FAF2001D02C0F702EFF3FEFA
:10C5C000B308593DD501010227021BF5FDF3ECFD2F
:10C5D000FBED14E4FCF3F0FAA810C93DD205F8070E
:10C5E000B701B8460E0FF10BF3FBF9ED09F4F3F7C1
:10C5F000EC14B1FEF3FDFDFF2EF243E300F7EBFB7D
:10C60000C3F50BF400ECF3F8C30025DCFAEEF4FB01
:10C610000DF7D1F90CEAEFEEEFF0C0F002F1FFF503
:10C62000E6F609DF05F4F5F72D1AD7F01DE0E2ED87
:10C63000191529CF01F5F9F9E8064E050DEEEBEED7
:10C640002CF8CBD0F8F5FCF5F9113C41E706F805DC
:10C65000C3F833EAFFF8F7F900F9A20305F3EFF3A3
:10C66000E3F3D5F9F8F2F7F5880329460A08F2084A
:10C67000FBF4DE281809F307F9F5E003F9F6F5FFF6
:10C680008821A949D90FF605CEFC3AFCFBF5EFF954
:10C69000C70808300806FD06FCEF22D2FFF4F6F6C4
:10C6A000C006202FF50BF80722F945E003F702FC3E
:10C6B000BFFE5B0301F0F3FFC2FF54FA00F5F5F98A
:10C6C000920A2540DD04000532FE360401F4F6FB33
:10C6D00013EBA3F1FAF5EFFAEF1D2B3BDA0BFB0995
:10C6E00008F1F23F1104F30A20FDD6F6FDEAEFF15E
:10C6F000A51ABD03EA04F90004EAC2ECFBF0EEFC63
:10C70000C8E619F307ECF7F6CFE91FE403F2F3F5F7
:10C710000FEEC3FE0AEDEFF124F83CFEF9F2F3FC54
:10C720002DF933D4FBEFF6F91619900216E7E8E974
:10C730000DFB2CF100F8FCF8E5F750120EF0E5F1D6
:10C74000C4EDFEE9FFEEF6F99E02B747F10504FFDE
:10C75000D3006B0702F7F7FACBF0A91500EFF6FD4F
:10C7600013F50B01FFF9FAFB92FF033D010CFC0BE3
:10C77000CFDD342A1909FE080DF8141500FAF6FC6D
:10C78000A614E334DD0CF50EE3FCF11502F2F4F827
:10C790001003F9400904FD0DC2F7BDE1F8F7F9F8FF
:10C7A000ED051E43F002F901B20AF3D0FDF3FEF7E6
:10C7B000D6FA3B0AFFF6F901C9FE160405F6F3FAAC
:10C7C0008811F638DD0003052C01EE1BFCEFF3FEAB
:10C7D000BDEE6CF8FFF1F6FD94192633DE09FB0679
:10C7E00011F74B341002FF0AE1F4B60C01EFF5F239
:10C7F000071AB8F4EE050002FBFBC60AFDEFF3FAD8
:10C800002CF2061A06EBF3F5CFF2CFEAFFF1F4F4BF
:10C8100009EE6A1A05F2F0F4D4FEDA09F5FBF3FA30
:10C82000FCF80FDCFBEEF8F9110DCA011BE0E6EC99
:10C830001DFA55E3FFFAF5FF0012F00440F7EF3F51
:10C84000F6020B049EFEF6E9FCF7F7F5FDFFFD5539
:10C85000FD03060730019C420203EC0C42F83057FE
:10C860000104030395FBD648FDF8F303EC0645B13C
:10C8700004ECEF12C309FC0CF8060706AE022E19F1
:10C88000FE0AFEF1F80830BE0C01EE0BC0F8DBA585
:10C89000F8F4F30896072BA2FEFB0100D7FEAF04C5
:10C8A00005F9F2F79503A3A8F800FA00D8032117B9
:10C8B00005080F0FD805DC1D0106EB07F90062071C
:10C8C000FDF8F6E625FF0305FC030405F300FDAAC9
:10C8D000FC03081205055ECF040502F11506E548C4
:10C8E0000BEEEF16B80B92620402F104BEF7A264DD
:10C8F000FD080F07E501210C0B0208149700FAF55B
:10C900000008F004DCFBA99EFB051010FE02AFA797
:10C91000FE0DF3F914F00794F5FF0D0FBE01F3348B
:10C92000FDFF090B27FE52A20015CEF8A0F1B6BDFF
:10C93000F2020703FAFDF8EF0913E2F3FAF7F59AAA
:10C94000FA05180DADFA440DFDFBF800B9F9FE5ECD
:10C95000FA02FC001300370EFD05EE0136FA17FD52
:10C96000F2FA0501E8FD70CF00F6F91216030DA0EA
:10C9700007F2EF1C1BFFD06B030610115403BA37EC
:10C98000F81000F5120AAB0B0806F106A0FBC1C7B0
:10C99000FAFEEF172109304707020703FA00015793
:10C9A00008FEEDFD24FC97F0FCFF0BFFBE02BBB0C0
:10C9B00006000110A8FE67C1F905F80EE7FAF31E9C
:10C9C000FC090CEB28FBC0D700070005F5FF093672
:10C9D00001020E071700EEAAFA0DFCF3B60A27C6ED
:10C9E00014F3F612C4039A640A04EE02FBFA5F5EC3
:10C9F000F60008039C0418EB0D031407A602A20816
:10CA0000FC06F4FF50F5ABF5F4FC1107E40108E275
:10CA1000FF0AEAFC28F131E9FAFF0B0620FCBF64AB
:10CA2000F9FE120FDDFD93220315DCF2F7EF21EA88
:10CA3000F1FD090435FF57B10511E6FA0BF40CA01E
:10CA4000F7FE0A0E15013BD2F6F40505ACF9D91232
:10CA500004010308E20267500000F30529FACCA59F
:10CA6000F60409004501C13BFDF8F71EEB07AA5388
:10CA70000DECFD28C90322AD0A00040FBD02D92127
:10CA8000F7120305520952CA1B00F40630FC41B6E6
:10CA9000EEFEF724130717E30AFF02000EFA6133D4
:10CAA00005F3FA08DB0190D60203FEFEB9FB093E4E
:10CAB000FC00071210FCEAB4FC03F30A15FEB034C4
:10CAC000F406FCFE07FDAD020404081209FCC101D6
:10CAD000FA040F124B0190C7FB0E01031803072B3A
:10CAE00011FC00299B0B3EA30A04FE090CF4F11073
:10CAF000EF051703A604999104FF1512CFFDA1C6F7
:10CB0000FC00ED0225F436ABF2FE08FF920120E0B6
:10CB1000F70DED0096F12D95F1FF000706FF9E063B
:10CB2000FC0418035601E621F520D4F7DEEB1E9C29
:10CB3000F7FF020B8F01D1180213E9FFCEF21203A7
:10CB4000F9050A0623FDAFB4FCF60C0528F849DA0E
:10CB5000F6FFF302BE0456F30602FFFEDFFC980662
:10CB6000E9FFFD079F04CDF7FEF1001746FFF1EB4B
:10CB700005EBF62DAD03FA1604FE010BE202441B91
:10CB8000F41505034507CBA51505FE04DDF6474B57
:10CB9000F3F1FB1C17FF0C0E07FE08FF4102C53B1B
:10CBA000FEF2FE09B8FC18D9F60000013B00D90BD3
:10CBB00005FF08089504C5A7F706F4104700E3AB86
:10CBC000F40711F9AD00CC170900F7090C000F228A
:10CBD000F60200121002932DF90913FCB003EA25A6
:10CBE00013FA072840051BD10F03F2FBECF6D2F62F
:10CBF000F60112002B03921B0A060408D6038F5479
:10CC0000FE03F00795F80BB8E703030BBA03E0F354
:10CC1000030FECFBEEF2569BECFFEE069F00C806FE
:10CC20000105020A4A02928FFA1AD8ED29F26EC75C
:10CC3000F2FC0D0A2F041500FF09F2FA1309F1E7BF
:10CC4000EEB0E934FD00F0F0F6F3F7013CEE050339
:10CC5000FFC00104FE05F2F9FE01F2AE1702EFFC7F
:10CC6000F4FCEBEA03FEF5F5FCFB050442000704C7
:10CC7000038AE9F74017000505D1FAF61D03F5F41C
:10CC8000F8861B2535D60EFC09E4EFDB1407F3F517
:10CC9000F5C9F42B330C08FF0ADAEF2DEE02F2FC93
:10CCA000FDE70EE033F1FE0403FF02B6D802F7F50C
:10CCB000F839EFA017F9EFF1FBF2F6C11503F5F122
:10CCC000FA0A0C3B38E30507FDD2FF3924FBF2F5E5
:10CCD000FDC9FC3A1405F6FBFBE41E3B3BD40EFCFD
:10CCE00001E4FC50471003FF0736E3090FFCF2F79D
:10CCF000F9FF169003F804FF02FAEDA514FEF5F60D
:10CD0000F9F9DA211807F0F4F1B5FAD1F4FBEEF4F1
:10CD1000FCDCDA2E2303E5F3F2E4F1C6FDFEF8FCB9
:10CD2000FCC7EE27F1F6F2F2F7DDE9F2091AEBE2C1
:10CD3000ECA504E5D901F6F3FFE2D5062A0DE5F0EE
:10CD4000ECDEF5260902EDF8F9AA0E092EE3FF0143
:10CD500002F200CAEDFEF8F5FBE6E10C2106EC0557
:10CD6000F818E529F005F1FFF49101DA43FF00FE20
:10CD700007FFE01C431205FEFF26F4AA1906F4F48F
:10CD8000F6D2150138D40DF50AC1DF5F1505E701AC
:10CD9000F888035933FD06FD03CB01A8ECFEF2F33E
:10CDA000FB9E03522BE3FEFE060AF5F9F001F7F6AF
:10CDB000F90FED1C2609EEF7F90CDD37230DEAFC1F
:10CDC000F7030A3133DE020801E2F2F82903F4FC2A
:10CDD000F920F3E51200EBFDF8AD260138C50CFD96
:10CDE000090DFC32310A05050AF6DEB32105EBFE1A
:10CDF000EEB918E1FBF200FFFFC5E4432501F4FDA5
:10CE0000FB33D7E22807E5FFEFE8F4F00FFEF0F37D
:10CE1000F4B4D8212F15ECF4ECC1E2E1F106F2F7FD
:10CE2000FAB7F03307FAF1FDF7C6DBAC1D1BE9E9F1
:10CE3000F0080227E8FAFDF2003ADDE91D1AE8F5EC
:10CE4000EE2CE6EA0107EDF8F5E60CD033EC010430
:10CE5000FBC40B10E901F9EEFD15DAB31A03EC027D
:10CE6000F6DAEEF50306F1F5FA140EA531EC04FA44
:10CE700006F9EBA42F0805FE02C5EEFD1D09F8F921
:10CE8000FCE2261227C614F50C14E7292A06ED0643
:10CE9000F70414263BF007050CB6FD14FB07F7F961
:10CEA000F5D513B42CF0030802C9F34DE5FEF3FDEC
:10CEB000FA04EF352208F1F5F82CDCD42C06EC024C
:10CEC000F991184133D806FBFEF0E7C02105F501C2
:10CED000F7E9E8AD1704F501FFD62C0334D112F9B8
:10CEE0000414112C45F404FE08DAE1CA2409EFFE0B
:10CEF000EEB41E60FAF103FD0612F2321D08F102D3
:10CF0000FAC9D708240CE905EEB0E2ED0302F204F9
:10CF1000F8FBD6390F14F4F6EE1FF306F006F7FA15
:10CF2000FEDDE9C90A06ECF9F72DD83D0B1EEBE64C
:10CF3000EBDF0703EB03F8FBFC31DD49120EECF2EB
:10CF4000F3AEED3F0001F6F8F7D30E4730EEF70AE7
:10CF5000FD0715D3E90302F5FDC8E5B40B0FF40195
:10CF6000F8380222EE01FCF903B709A240F4FF0AE7
:10CF700003AFEDE73CF9030604F3F3462A09F9FF92
:10CF800003D929272CCF08FE062CE9471108F20CFB
:10CF9000F7FFFD2C3FF0050B08B5E5DCF0FFF7F6D9
:10CFA000F70909C43FF2F811FCF601C3F800F6F6E0
:10CFB000FAE7EF211B06F6F9FD18E4A42003ED04BF
:10CFC000F8F110A73CE106FFFC11F0181706F9FE76
:10CFD000FDFCF0211D07FBFCF9CA18BF2DCA090191
:10CFE0000AB3FCFF3BF3080603CFD8511F0DED0237
:10CFF000F9081DF808F7FFFF06EFE64414FFFCFBF5
:10D00000FDB9D551140FEB06F4EFEFAB0D05F7F8B2
:10D01000FA37CE101412F2FEF320FCD1E309F8F730
:10D0200001E3EAD00903F2F9FCE7CDD50B1CF0F1DE
:10D03000F1D0FEF7F801FBFCF90012ED00C4F43763
:10D040008CF302060AD7064EEBFAF511FE2CF339E3
:10D0500043FB00F6FCAB054EF101FBFBFFACFB5CB8
:10D06000D5F1FAFC03B8010A9403F60A17BCFA32A8
:10D070002307F00334480197610D00031490069EC6
:10D08000E0F71206092006A5431304ED012CFA412E
:10D09000DAECF1FE25F5FE583A0C04070B8E045429
:10D0A000F601F5160CFFF698F903FCF407BD019F95
:10D0B00004FE05030EDB00B0BBFD00F507A2FBC6B6
:10D0C00036F3051BFBA6FDA7D90607F20F51014851
:10D0D00037F704F609A9021D97FC14190828044E15
:10D0E000B30FF206299E02A4A30608F2FE0EFA551B
:10D0F000E8F3031209EB0430440604FB103C06C9B4
:10D1000007F808EEFD4AF4B4C3F1000806240567E9
:10D11000BC010CE702EBFA9CFDF104F5025601019B
:10D120005BFD0301040001D18C011EDFECC9F4CAD0
:10D130003FE800F9010D069FE70112F7FAAAF7C2CE
:10D14000D6F601FE040EFF9F0CF7F421FFBCF3EFAF
:10D1500099FEFBFE061501AD56F9FD02019DFEFF8D
:10D16000EEE9FDFD034D0525D9F7FC101329F96300
:10D170006B08F70E2DBFF93EB412FCF909A7076141
:10D18000BAF30F2003C2045D3D1902FE02CBFA6A16
:10D1900022E8F40B1BBFFCA2A805FC04002FFFC96A
:10D1A00038FBF91CFE91F845FBFFFDF0042F02BB94
:10D1B0009CFAFE0008C704E7D5FEFFFF03BC006D24
:10D1C0004BF407230718FED9970AFAF70F47FEE03A
:10D1D0003BF305F60AAB0235A9F410230CD602FA8C
:10D1E0000D0EFD1023D9FEAAAE0604FC0500FA3E82
:10D1F000F7EE0108045106DB9B0C02F30DF2054B20
:10D20000F60006FA0495F79C3EEAFF010BE802D807
:10D21000DA010F00FCA2F7EF0BF6F80306FE01C4DB
:10D22000900201F51132050EA4FD2AE3EE2BFA0D52
:10D23000FFF203F5FDE004C054081CFF04B4FDBF79
:10D2400011EBFFFA095000EAC9FEFA17FDC2F2E03D
:10D25000E8FAFEF4033209201F02020DFE4DF99395
:10D2600046E901F2043A0655E701F60914BDFB2030
:10D27000BE02F30E264DFE483B0A00040C970761E0
:10D2800034F6102009F00346AA16FC000946FDF208
:10D29000C7E8FE081A0FFA14EA0B0003064705CD8B
:10D2A000A9F8F21103AAF13DBC0503F405B3000C83
:10D2B0004B0000F60BD8012CEFFEFF0A0BD00066E6
:10D2C00050F40D2509E3F7862211F9F90C410719ED
:10D2D000EBEF04FC0DFC04D442F511130954045B7C
:10D2E0004519FB0B25F9FDB1270C0402FDFDFCB32C
:10D2F000E3EB080C0A1C0AE5E10B0005104804F0FA
:10D300005A000105FB04F99905E4FCFD0CB60298EE
:10D3100061F6150204CEFA6049EB02FD0C3D03E60E
:10D32000B0FB04F806D7033E1EF525F4EC29FBD626
:10D3300016E502030CD9019924FF1D0A0435FAF100
:10D3400028E8FBFC06B10051D2FAF11F0994EE99CE
:10D35000ADFD03EC03440A41010902100014FF6C07
:10D3600056ED07E108CA080D94FDF71D24B6F8C470
:10D370009702F3082FD6F504E61400EF12E304B386
:10D38000CDF40F160214FC5EF417FD04FE0FFBC86B
:10D39000F9E6F8122EDFF642D30D0102069302DD04
:10D3A000E6F9F0270C44F1D934FFFCFC0C2F0255B0
:10D3B000E3FCFDF40C9F0AE6EDFCF9100EA7029EBB
:10D3C0009BE6061F00FBFB46B611FBF2132F08BAC3
:10D3D000BEEF05FC15AB0AADEFF70C250E4D018C29
:10D3E0009912F71028CCFFFC9310000D0452F80E90
:10D3F0002CEF030D052D069E5F0BFCF30D2E0699F9
:10D40000FEF8020F01BAF62BCBE200F50C2D080E48
:10D4100020FE17130657FAB3BAEF08EC0B0207A861
:10D42000A105FFFA093B03FF13FE2803F445FD465F
:10D4300031EE0008069607B2330224C4430A18F7F7
:10D4400004EE30DF64F502FAF2FEE8FEBF32EDFAD8
:10D4500013F81C0001E1FF03FB01BFDE280710F0F9
:10D4600013FA23FCA4FC02FEF404A9015648F402BA
:10D47000040000F51542FFFD090021F7201309FA09
:10D48000FFFF8E1BD232CA10F80BF3DB68110CF0D1
:10D490000BF9F201133CF8050305F5F6C2FC07FB96
:10D4A000F8FDF1029142F4F514FCC7FFA9F504F769
:10D4B000F0FBDAE8381A09F9FDFD1BE1111811F249
:10D4C0000AF7A610D124DB0403FCDFEB5C200EFB83
:10D4D0000401E4E45D0801F9F6FEF0281020D60D01
:10D4E000F903ACFD5745F9070300F0D9F81714F517
:10D4F0000BF9AD1AA20AF408000615F6671608F82B
:10D50000F6FE36D6B90316EA13F2D5F3C0F903F9DD
:10D51000F4FEB1C6590418FD03F8B9EDD1E8FCF8E2
:10D52000F9FEB7E23AFF08F8FB01E2C845FC18F93A
:10D53000F9F6B5132CEBFAFEEFFBDFBD16050DF483
:10D54000FCF82BE60B0307FC01FEAA0DDD37F2F811
:10D550000BFA26FBCFE000FDFB01D0CCC81709F089
:10D560000DF9D6E6C8E9F9FBF5FEFC03AC37FA0184
:10D5700014FCBFEEE03D03FC0BFEB6E6221D0700E7
:10D580000104DE26EE28CF0FFA0725D7AE140AEEE7
:10D5900009F8F504EC43FFFA0C02E6E9300101F565
:10D5A000FA01AC0A0B3CEFFA10F6F50124ED00F697
:10D5B000FAFB39E8A01305FDFEFE19DEAA0A0EF0FB
:10D5C0000CF79A12FE27E3FE04FACEE4D82300F605
:10D5D0000EFDB9F2990801F7FB04ED23B134D20D29
:10D5E000FD08C700E43DFD01080404CD9D070AF9CC
:10D5F00011FA17205004F700FB0525F2D00D04F8AE
:10D60000FEFF00D81C070CEC0FFAE0E4DA0E07FB73
:10D61000FAFD2CC25B0B14FEFDFBDBF4DFF200FB1A
:10D62000F901C8E6500905FCFEFFB1BAE00C1DF88F
:10D63000F4F5EB0BAFF5FCF7F6FC23C4DC0813FBA9
:10D6400009FED6D93EFE05F801FFD205F445EEF6F7
:10D6500013F69F05ABEFFB04F407BFD4C51411F913
:10D6600015F9CDFCA2F504FDEB05D10F2D40FAF81C
:10D670001600F7F7374609F110F9CEE3360B03022F
:10D6800003FFED2D272DD80AFE01DFD1A40D08F4EC
:10D6900018FB0001424A02F8160209EB3DE9FBFDC6
:10D6A000F502960D1E45F8FA19F3EFF007ECFDFEB2
:10D6B000FA022DEAF6200B0003FEFCE3D50D04F47C
:10D6C00013FF0F133F2ADEFA06F8B1EA421C0801E5
:10D6D0000603CFF2231BFF01FD04C828102FE00131
:10D6E00004000210BA3DF80012FDC9C8E2140DF39F
:10D6F00014FC98210A00F604FC05FFF4001406F857
:10D70000060726D1B91013F61CF5ADD82C0601F486
:10D7100001FC39CDEE1612F90CFE36FBD9F102FBF5
:10D72000EF03B2DD45FFFAF9F7023DB9F0FA1AFF4F
:10D7300004FDAC06A3E2F9FBF103C6BBA7140EFD82
:10D740000EFDCFDFF60EFE01FFFFB4073C3001F403
:10D7500014EDDB0CFEE4F50AE20619D4C10407F26D
:10D760001AFB31010CF6FE00E809BC09952EFCFA03
:10D7700014F4EDF2373B06F319F3DB02DE13080471
:10D78000030AB31C9B2CD503010408DA32160EF4ED
:10D7900012FEBE0FDC3303F419F9E6ECF203FEFDD2
:10D7A000F0FD9AFDBC3003EF1DF2CC07B3F203FE8F
:10D7B000EF05EFFAE61301020308C0DF981908F13C
:10D7C00016FEBE13A933ECF911F6D8F8A3130DFB1E
:10D7D0000501DEEAEB17FEFAFE061015EE2CDE055B
:10D7E00009FBF0FE243209F90DFEECE0180810F4F4
:10D7F0000EFCC224D90CEE09F701ACF1001602FDB3
:10D80000FD0229D3B9120CEC1AF934E8A30D02FE7B
:10D81000FD0435C7280711FA030011FE01F3F902D0
:10D82000DD03ECECA90005FCF805B9BBC70D0FFB47
:10D8300002FFA700C2EBF9FEF70100190F042E004A
:10D840006818E402F308DC085FB1FAF22B0F20EE4F
:10D85000FB3F000500034D01C1F8F9FE0C0DFCFE75
:10D86000B2FFEB05F0049803C63303F11C2D28F634
:10D870003BD70FF3083D15FCD7351904F81597046D
:10D88000351FFF121B11EFFC07CB13FF12009DFE8B
:10D89000D9B5EDF1072F0DF8EDD31402FB03030208
:10D8A000DF9AFDF11B10E3F30BCC07FEF30A2C010A
:10D8B000A906F9FFF415A104DCE7F4FC0904AAFEAB
:10D8C000C3DFEE0C21162EFCE5E40CFFF915D7069C
:10D8D000D324F6FFEA0AFF09A2A70211140B2BFDBD
:10D8E0003B5814F30C3242FB30AE14FF1909EB0025
:10D8F000A9F6E7001405D402DDE50DFCED18520B86
:10D90000F18DF8FF1C0819FC3316EA04F007EB064A
:10D9100000E3FF170CFF1C01CD2FEDFCF2FF4702C7
:10D92000D61D0307EC06FC0410B4FF2414F40EFD0E
:10D930003F33EE0804FF2509E14D011815091F03C7
:10D94000D4E0E805E504F808B41CFF05181C2AFC1F
:10D950004F9A0D06F109E907EC47FA05020BDE05BF
:10D96000F341ED06DE12D00E18A505F802363EF999
:10D9700026610DF9023CCDFFC4A02400F00DA00CDF
:10D98000D9FFF2131D151405DEEA1EFF0906550323
:10D99000B80EEDF9053740FB16171206F0054E05D7
:10D9A000D6DEFEFE0B1795FDFB2B0A00FAFBBB062D
:10D9B00026E3FFFEF50B4404D656EFFC0506A6FF52
:10D9C0003AD0EF0D13194FFF3C421CFC0011260901
:10D9D0009FDFF404E9159509F902FC0E22133BFFC1
:10D9E000315217F604410502E09A17080D1101FEA5
:10D9F0006CD5E8020A03A00951B90DFBF7125508CE
:10DA00001111FF0A170AAF011765F0FDF4054F0564
:10DA1000945AFE191112FC03F645EB03F40EC407E9
:10DA2000C05EFA07F008FD086851F72807F928FDDD
:10DA30000C21E501FA0046010694041F0E03520270
:10DA400055CBE808E3143508334C00051D15BAF82A
:10DA5000EEE50E08EB0AB70A531D0207FE0BBB04E6
:10DA6000F7A6E804DD0A1408015C05FC0533DBFFBA
:10DA70003DDA1604EF461D003D4F1E04ED130A0D5E
:10DA8000E2F1F1101B09C500C61A1F05FC15D303EE
:10DA90002E24EE01F938ABFD8B0419FEF5FFED09DC
:10DAA000C0F4F7040C2498FD24A01702EEFFE10750
:10DAB000BECCFE00E91B260DCEA8F305F60999029F
:10DAC0004954E60F191EDCFD20071906EE1614084E
:10DAD0003557F70AEA0F340AC833FB161F159000B2
:10DAE000F9221800F93338FE01631B060C0F1F08DA
:10DAF000F711EA041A0A2303D2A30404EE1DE80A6C
:10DB00006DD6FA0A020CDC01952FEA00F00DFA0737
:10DB1000AFCEFF1F1012FF062698E90AE6063D0861
:10DB20004E100205EA064306DDBEFB2816FFE5039C
:10DB30004CBFE90607FC9402E89AFB1E130D48054A
:10DB4000D230EF05DB0BC308C78E060A1D1DC400CB
:10DB500003161702F2FE9B03C8ABFF0DEE11B709C7
:10DB60002A55EE01C608010C022609050D26AAFF5A
:10DB70002DB40C08F43C2C03E0A42600D816A80D04
:10DB80005AF7F4112207CCFC459B1609EC13150C2F
:10DB900061A5F3040029BB0022331807E105FD0944
:10DBA000D79200081622B70255D71001F4074E0588
:10DBB000CDEE0106E3101511B71DF608EE1215069D
:10DBC0002729EC0D1E150103BD241D00DE15FB0ADF
:10DBD000CC50F103DB10F509292CFF0E2A0DFB05B3
:10DBE000B6A616FD002BEF02C29C100CFB112C07F1
:10DBF000F8E1ED0A1305C904D0E10B05DE19DA0CD2
:10DC0000D7EAF50D010DE1059957E803DA15CB10B8
:10DC1000591601230115170C6049EE02D70F270989
:10DC20003464FF0AD717BF0D07DE052725F5FC0072
:10DC3000EEF1DE0AFDFEFD0544AB00CCC825001266
:10DC4000FB1100DAF25206FBFBEC040915E22A068E
:10DC5000EC1DF5D8FE46F9FC02E8012BD75111075F
:10DC6000F713FB33EB97FCFDFCE5061407DD360AE2
:10DC7000F217FCC3E54B3A0AF40FF522EF28130222
:10DC800001FE0A8C1BF52ADFFD0D03DCD9B9150F47
:10DC9000F811009F11F12C0AF920FC11FFEEFD0490
:10DCA000FEE70586168D2004ED1CF8C4FCD4EEFBBF
:10DCB000FEF1FF10F1D108FE00FE01C6DE48111092
:10DCC000F415018314E91FF3FC12FC23F51E0C0A62
:10DCD00000060034EEF01402FFF609E021DA15E345
:10DCE000FD12FEBC11BD3900F2180025E5F111103E
:10DCF000F511F99010B811EFFFFA01CFF1A10A0167
:10DD0000FEF00615DAF70B0BF412FD24E65B0EFBB2
:10DD100001E7082BD9A10F12000406FDF71CF7FF3D
:10DD2000FDE70239EBD2FFFEFAEF08E6C725FF1543
:10DD3000FA0904C30909E20006F504F7DB9D0A0BA2
:10DD4000FD0AFED6E9C808FE05E108A4189A06FFF8
:10DD5000FB16F7B0F4DC13FD00E806D7E4AF0105CD
:10DD60000301FDDAF4B009FC04DB0C010AFF0E0428
:10DD7000FE22FE15F1B62800FA1BF7CCD6FE1E00D7
:10DD8000FFF10BA7258905E100150021EF36070EED
:10DD9000FF0C04B0180A0C04F722FBBDF047F3FA9D
:10DDA00005E50810199F19FDFA19FAA3F9FEFFFD00
:10DDB000FBF3FEB7E2F50C0308F207E5DF630005AD
:10DDC000FC0804DB2FC410E90210FAE0EF0E16FF86
:10DDD00003FB0228E5221601FEE9059034E408E77A
:10DDE000031401DF12AA16FFFF1DFBFAD7D30505A6
:10DDF000F80E01F810ED11F208FE052CEC4210FCB3
:10DE000003EF08C1E8590912F610FE23E8E70902FA
:10DE1000FFE103B3CF3207090C0009B6EA44010061
:10DE200002DC0AD7E3940FFA02ED04B6D58BFD1796
:10DE30000407011D0837E4F403EE0115CE1C04139A
:10DE40000103091BDB1D06FB04DB05032AC80BFFCE
:10DE5000F721F8C1FCF805FC09E0060DEB480602C5
:10DE6000FF00042BF92BFBF811D4088B204BFF0388
:10DE70000317FE16F74D0605000D0217D7E721FF21
:10DE80000FEA10B82FDFF2E3011706BADC9302099C
:10DE900003FE099120170E0C04220126E5A302F8C7
:10DEA000FFE603B6289DFCFE0123FEA2FFEEFEFD69
:10DEB000FDE601F2E4B518FD09EF0C36E39A100B0C
:10DEC00007F901AC29F3F7EFFF16FB30EBA00F01C8
:10DED0000BF60B03E3E314000CE3089537C7F6E8F1
:10DEE000FF160493160D0C0DFD16FFF7E2F1FE0C64
:10DEF000FE0807FC11ED10EBFFFC0238DE0416FCF7
:10DF000006EC0DEDEEB1011002FFFFC0D9340C029A
:10DF100006D808DDC64CFF0B0FFC060FF4B303FC5C
:10DF200007D40A28E4E608F801D70D15D98FF609B9
:10DF3000040209D4029BF0F704E508FCC65A07095D
:10DF4000090A0A0DEC2114F70CD90F8E26FEFAF9F6
:10DF5000FD26FBA3FFBA0AF406DF09EFEA2CFC0555
:10DF600006FA08DA042501FB0CC30DD812DB040DF8
:10DF7000021CFE920351020B000EFFEFE546110159
:10DF80000EDA0BD52DEBFCE4032001B7EFDE110216
:10DF900005F50DC20C9905150022FF01F44C0AF994
:10DFA00009E2060329DB06050223F91EF81503F72B
:10DFB00009DE082FE3BA140607E40DB9F3B30A0724
:10DFC00006F508E1363C02F3FE2201F5E4191205DC
:10DFD00006ED0ABFE5020DFE0BD70BE12828EFF294
:10DFE000051CFFD607891414FF2006E1EAAA070AD8
:10DFF0000EF206B512180BF202F703E8E65312FC14
:10E0000007DC0935F0E2FB0D02F507B2E392FFFCF5
:10E010000AD10BFBE9B50F0410F30DC8F8FFF3FAB2
:10E020000DCB09D5E4DA17F810D410C8CE1F0B0AAF
:10E03000090809ECFC4AFDF605E807001E0F0FE988
:10E040000B57B4EB0BC7111209613F05132021D107
:10E0500001A3381A06F8080C08DE2502070011177C
:10E0600007D556EF09D90C3D093C4FFF07092B8B0B
:10E070000301EF1001EE398504E04C1C00D81714A1
:10E0800007B7D8FC101B0A03005C4E1F06FC18984B
:10E090000E3BEBF303072EA505DC631808E2101E08
:10E0A00009BBD2FD1110260A07C44F1AFEF406253B
:10E0B000035CF2FD04D80FC80AA541FB0CEC0D0A65
:10E0C00006194DF7181921A20517651F01E3142E33
:10E0D0000D391AEE08CD0FE60A4139FA11240AE289
:10E0E0000093021502062D9304D0271211F4155443
:10E0F0000CE20EF3011B03E302489A0F00D813C38E
:10E100000B18E7FA11060A0308C89FF106CE0D03A3
:10E110000F42DC03221011DE092CB0F307DE0FBA28
:10E1200007FEC4FF05CE09EB0BBE05FE2429F9E06E
:10E1300007D7F3EC01020A1B0308FBFF1D260A1593
:10E14000050746E702CC12230ED65BFD0E16179E7E
:10E150000784971701FE052103321B0209060ED51D
:10E160000C219BF402DB0538056BF2FFFC0C17D683
:10E17000FEBB5A0D04E6220CFC2AA01604ED14AFD7
:10E18000071A18F5182602900599B61708FA11947F
:10E1900008F4EFF501081C8EFEBCAC0F06DD123052
:10E1A0000A2A9E020F1A18C803F02D13FEF802C7A0
:10E1B00009CCE903FFE01055075866F306010CEDA2
:10E1C0000D6ECCEB19250F1A038D1B1AFAE81216E7
:10E1D0000724AAF3FDDB10400B299CFA14260D4FEF
:10E1E000FE3F6314FB0E1AC4FB8252090BF80BBBF3
:10E1F0000DE422ED0B15072505C19F06FEDA0B2B5A
:10E20000061CE1FB0C090D030A4260ED00CF15D995
:10E2100009CEDF011F2606EF0C3DA1F00BDF0997A9
:10E220000B9CB3FD07DC09B208C58FFB2431FBDF73
:10E2300008A5F6E30AEE06E20C221FFD1E34FD9649
:10E2400004A752E605D115900ED0E2FF111617F47F
:10E250000121A81205F903A00AD9FFFC08150E1820
:10E2600006F29FF500E903E40899A10502020A3FBE
:10E27000FAE36E0BFCE7109AFC31E316FDF801ECB3
:10E280000B3F59FB16220FB20119DC12021302BA1E
:10E290000BC0EBF0F8090B9EFE96060505DE0FA8F5
:10E2A0000C66C5FC09071424030FFD1403F70A3A92
:10E2B0000B3DC9FE00FA10DE0A622CEF07010D2F9C
:10E2C000065623EF121216CB002BAD1AFDF70447AA
:10E2D0000417ACEE01E412E608F7E9FC111609ADEB
:10E2E0000228E71EF40517A9FE8FAA0B0B0705A845
:10E2F00007AC28F10113FECF07434B0600F90E359A
:10E30000092DF0FB111F0BE004CEA5F005D311ADD4
:10E310000AAB9500173400F108FFABE606F405E5FB
:10E320000B57A3010AD914C80DFC0806213BF50FB1
:10E33000024CB8E8FFF2039A09AE06071A40FC2E19
:10E340000A342AE507DF0F940D6DE7FB141014D48F
:10E35000030DBA10FEFC08BA07925E030718069573
:10E36000096732EF06DE08DF07E9DF07FC010DA7CA
:10E37000FFEDAA06F8EB119EFBD1C50B02F1FF39A8
:10E380000641D5FA0E110ED404484617051907F6B2
:10E3900009E152EAF5FE09C10141DAFD0ADB013665
:10E3A0000CBB91050707103800F6B90707F201E624
:10E3B0000633C105FF0508B2043C3BF0030D064DD2
:10E3C000051697F5121C17060619C71CFC0A08D17A
:10E3D00004F633EE03E50DE80C0F56FE12190B930D
:10E3E00000EFC50EF2FC09F7FB5598FC10140C3138
:10E3F00004EF47F501230B9304501510FDFB0CDBD4
:10E400000A6461F70E1B0C3907FE44F002DD0A4175
:10E410000A2600001F2804B00A9F20F107F3012AF2
:10E42000051E550300D80EEC0BB60D01214EE6E992
:10E43000041BABE4030105250AA3D703F1E4CFFED7
:10E44000090AFA0914E803FAF109D009AC2738F1EE
:10E45000FE0427060907C1FBF907DC05F20893084B
:10E46000000FEB0D23FE2C09FA0BC107C31094F823
:10E470000E062902E3EABBF612061C04D9E4CE0D0F
:10E48000FE10DF100E2813F4EC001E0419FC0C0D16
:10E49000060DE808E80B9D060D082703EEF9930426
:10E4A000FA04D807A52527F6F9FF220318F6560423
:10E4B000FC0ADE0806D84810FC09DE083AFCCD0349
:10E4C0000508F50C8F381005F7091BFEF3E35F15FF
:10E4D0000507E30C33E1EE16FE0CD00AB62C17F953
:10E4E000F1052000C00BC4FC0D052001B5F4C709DF
:10E4F000040FEF09931B1E16EF06F908C9D0D100CF
:10E50000F90FD70CECF1FBF50A11F30E30EC41FEDC
:10E51000F80CD00C2AE5B6F90019F50D14FBA60786
:10E52000F90EC807D2E4C5FEFB09D00AC8E6C20A44
:10E530000E0E0A08D700A4F4F402E503CFF3E2FAC2
:10E540000E0DFA0715E80E10F910CE0A842DF2E42C
:10E55000F7FF2203D00C4E0CF703E003C00749FE7F
:10E560000410F1091DF2540DF50DBC0A140930EE2A
:10E570000F05200312F714FA0CFE21FFE1D1070C5E
:10E58000F907D40ABB2CFCE7F10129FEE1FACFFE22
:10E59000FC12E70ED40F53EC16022301B3FE100653
:10E5A000F404D106151FE4FA030924FE1B08B30E78
:10E5B000F205E10329E04605F80ADB09F5FBB2FBA9
:10E5C000FF09ED0AB1390CF9F703280208DEA60AA3
:10E5D0000109E508C7DDFD19FD0FCC0CD52CB0E70E
:10E5E000F5FE1E0309FD88FF13012AFC0603BAF697
:10E5F000030AEA0FDF124B0FED08FC07AFDEF3034F
:10E60000FF08DC0D370F05FFFE0FF70CB8E84914C3
:10E61000F60CC50E33F104080917F40D0901C710F3
:10E62000EB08CD09F1EBBB03F710D00F0FEB051092
:10E6300007120D09D60E9CFEF50BE50918DF24FE26
:10E640000A15090BFAEA980BF70FBE12A337A8E3D5
:10E65000FF0229FC2507F5FDF107E003E1F7DF02E2
:10E66000030EF70714FD1AFCE60CD30BC815FDEAE0
:10E67000100325FB98E989F60FF6170110CDCA0E95
:10E68000EF0CDE0DB43CABE1F4042003E8F9ACFA86
:10E69000FD0AED05030208F012F923F8B3FFB702F3
:10E6A000FA07D20A122A43EF02051C01EC06D40F26
:10E6B000F50AD80BBFD8A30BF30DD60CE1EEF10091
:10E6C000020EEC05D139C6E2F5002702F0DB280B7B
:10E6D000F50FE209B8D34E11F410CC0A0344C4F08C
:10E6E000F20821FDEF00E4EE0AFF25F724F820FFF1
:10E6F0000209F106031A2712F104FE0330DBB7FC0E
:10E70000F605D109B0F316F2FC0DF00DC7EDC50703
:10E71000F00CC90C27E61BF70011FE0F0EF2FA02EF
:10E72000EE0DD0091DE95403F40EBD0C2EF2D5FDFB
:10E73000070E040DD501B512F003E007B8F79303F7
:10E7400009100A06CEDFCD0CEE12C70AB233E0CABA
:10E7500002031EFCF0FBD713E702EE0630FAECF8DA
:10E76000FA0CF30CEBF54929F003D608AC19CFE607
:10E77000100221FB92FBFEDF0BFC16F913CDE41413
:10E78000F108DD0D9F3C46E1F3FD1AFFDEF6BCF11A
:10E79000F808F406F80DC7D812FB1EF92DF6A810DC
:10E7A000F409D009E53209DD03FF270021F7F30959
:10E7B000F707DF0BF8CA0106F109DD04E2FF40F7B5
:10E7C000F90EEC0CD24AD8D3FE0423FDC2D50D0AB3
:10E7D000F70CEA0AE5C93614F50CCC08C03521CF90
:10E7E000FE0922FE0EFC15E115F91AFBBDFB4FF3E5
:10E7F0000110EF05DB0D200EE606FC03CCCF15085B
:10E80000F509E00A34001303F712FB050CE598FB49
:10E81000F308C60D1FE9B00EFE17F90B24F7C91D4A
:10E82000E402D80CCCE3150EEA11C00CB5E7B30F27
:10E830000E0B0A07A10931FBF50BE50800212DF8A5
:10E84000B107DD0AEE04DF07980BC0DBFA0E0A16EB
:10E8500026049AAD07010EFEC502DB0C0204230953
:10E86000120BB2ADEA05FA00F10AC89AFEF90E09D8
:10E87000E006140400FCE71AFB03F6F304FDFEFDBA
:10E88000A109AB39F4101B0AFF045BE2100321FE5F
:10E8900038081FC1EAF901059F031619F807E70AAE
:10E8A000190429B8000D1107C60621E4FE08FCFF73
:10E8B000C609C653FCF70608B703F15EF7FC23064A
:10E8C000460745CCF0131310A7081D6019FE0F056D
:10E8D0003704E2C8EFFEE707D505506000160814BC
:10E8E0000B0713B20EF7FF0F2A02B8630108250CBD
:10E8F0001B07F5A8EA0A130D2E08492307F805049B
:10E9000097072C2FFC0C2C08E8060DC3F4FFDE083B
:10E910002C041A39FA1838FCEF0BEE98EA05F704C4
:10E92000410657220008D70BC20BFAF8FD1B39F33A
:10E93000D7036AEFE10007043009C95B09143DF809
:10E94000E1074BBFED03EF09910961A3051A0D0D16
:10E950003A09812002F812F73701AAB4FE0329020E
:10E960002B04E002E9F6FFF818FEB4F1FB050609F6
:10E970008A038AAFF901EB18B7041FB401F806FB4C
:10E980004D014241F51C0E13FF04F86A15FD2100EC
:10E99000DF01F19AF1010605CE023B19F006EF07FF
:10E9A000FC0364FD0707120F3109C0D602FE030005
:10E9B0000604F5B1FFF610FAB2061A20F6F925F9A9
:10E9C000B40653ACEC221113B908812010FA15FCDF
:10E9D000D5033B66F1F6EF01F503614DF51C110B14
:10E9E000BD0A5F0712FEFF079908E436F30D2902FE
:10E9F00093035937E907210A3604F8150BFC01FC8B
:10EA0000CD08B4ADF10E37F9200AE7E9EC01E70AC9
:10EA10000807BC48FF0F3301F5035F2CE9FC04F83D
:10EA20003C035CB90103EA07D707683B071C40EECB
:10EA3000E706A24FE100FEFE14061CFF000F2FF1B7
:10EA4000AA05AD98E8FAE402F2084204FF150F0E99
:10EA5000910EAB5E05FA03F2B9026F61FC0234EE6F
:10EA600000052E26F0FAF0F59F003EA2060B0D04DD
:10EA70008E08946AF108DB1A4A062A9E04F314FBF6
:10EA8000A8049D42EC18FE0F1D0937670BFF2EF1FD
:10EA9000AD000B61EB09000B1207834DF504F60383
:10EAA000FF030130FF1514038808AB14FD010305B3
:10EAB000E30541CEFDF418F89302EBE3F5FB2EEBF2
:10EAC00014FCAAE1E4200922E412D7940EEC25F804
:10EAD000B1019225E7F4F8FEAF0325C2F31DFC1D3A
:10EAE000450D1A301407F30B4407C661F5032EFDDC
:10EAF000A1059B19E809230DEC07600405EF16FF3B
:10EB00003A045A40F40736F3CD04CD0DECFBEE0287
:10EB10004502F20C02172AF79A056904F1FBF50188
:10EB20002BFD6B5EFD00EB059905575EFE1334E48B
:10EB3000E904715CDD06FD01DE065CE701122AEBEB
:10EB4000D60AEA97EBF6F7FCB905D896FD1C0A0839
:10EB500014091FF5F1FCF8F322006C2203FC38EADB
:10EB6000EC0116E7EBFAED01A50117E4080304F840
:10EB7000EB0C6094E105ED10300DFB1FFCF319EC7C
:10EB800045FF3020EE220815A212E15311F73CE9AF
:10EB9000A103CF67E20800F7C40D8FBDE1FDFEFDC4
:10EBA000A203E350FD171905210BE339EAFD030326
:10EBB0000302D80FFCEF25ED09FFFBC9ECF341E49C
:10EBC00040FF9DAEE02C0D18FF131A1B0CF320E73D
:10EBD0000B005634E4F7FBFAFB0593BAF724081749
:10EBE000AB1266220A09FAFA2207F3A1ED023DF5FB
:10EBF000420458B5E6092302BE070D970BF40EF444
:10EC00000702D016EE0831ED2203D1DCE5F7ECFE69
:10EC1000FC06501D001024F1AF0726B1EAFBFA00F4
:10EC2000A106A73E02F3EE03C606ACD3041525E405
:10EC3000B40263F9DEFF11012D032E35053BEE55BD
:10EC4000FF0914FD0DE6DE9718E80AD107D63EEC61
:10EC5000C10C0722FFCFFEED1EE6FEEE0124F7F702
:10EC600001FB10F50BCAE8DF28F005D907D219AA75
:10EC7000C010021E030F04F7BF08FE0E03BDC7310C
:10EC800017EB01EB09C834E8DFFA09210006EAE1D5
:10EC90000AF90CFC0AB11409CC17021A0121EC5B29
:10ECA00009EF06D60CA63A91C10B072105B804ADB1
:10ECB0000DF30ADF02B6C04713F40CE60732ED008D
:10ECC000FFF007FE06A24DE6C4030A1C08D4DAB61C
:10ECD00001F00AEA07BACCD616E704D70B8A42102D
:10ECE000D3FF0616069E14F5D411011504E9F14F61
:10ECF00008FC0DFA0CF0208C0FE405FF06C6C828AE
:10ED00001AEC05E605CEFDF304F3100309ECD85D1B
:10ED100015EE06D5080DE7171BFB10060BE0EBB947
:10ED20001EE504D904E2D7E011E706D10F37F0CA97
:10ED300016050E070AEDFFB60AED0CDA06B8E4CBAD
:10ED40000C070D0D0618D6BB0DF008DC09F63E5079
:10ED5000D0150E1D040BF296F3E803F1013AF01CF6
:10ED6000FBFB0A050629E603F3EF04DF06E41A1AA3
:10ED7000C00E061704A9FEBBC90C040304C1CC1EB7
:10ED800005E605EE038D49AAC308090F06C0F9D5AB
:10ED900009F0040105961626BE11081A00D1E8D024
:10EDA0001EEA0BDC08CA3910C31A0D1E02C701186F
:10EDB00012F4FFEA0728CE0803EA02ED05D8E9D4E9
:10EDC00001EF010400CC4FD1CD140C1702BADC02C4
:10EDD00004F6FEF40908CAC506EDFFE107F147296C
:10EDE000DC0C0F140BE417ACCE19081801B2F3C8F1
:10EDF00005F80809091011E006F008F80424CF44CA
:10EE00000CEBFFE70CDDF62403F4080F07C9E5025D
:10EE10000BE705DE09EBF60B0707120C0BFDF00400
:10EE2000FEF200E40332E72F09E403D00AF7DDCD58
:10EE3000100A0F0C05DB06561CEA04E507EEECC0D1
:10EE4000FC0B12150B22DFF304EE00D70BE0410D93
:10EE5000CE1B0E150A13F4D7F2E501EFFE37E6A13B
:10EE6000E6F30012FECFE328E7E204E407BC19074B
:10EE7000C718071606C30744BD1A070306B7C4FD23
:10EE8000FAE101FD08824D9FE00B071404BCEE2B54
:10EE9000F3FA0709FFD10FE4C31404090622E93D80
:10EEA00000E8FFE003D0392BE1220C1B08E0FBE176
:10EEB0000AE706EC0021C912E7ED04010535E0116F
:10EEC000E2EF001000AB4B28D91514160607CD1839
:10EED000E8F1000606CEDA3DF9E900EE080348EC59
:10EEE000EC12110C08CE1DC1C111090D0BFAE91C61
:10EEF000FBFB011304981A1219E801FC08E3C6BCD5
:10EF0000E9E802FA05CDFAF6F3F60A110620DBFF6E
:10EF100001F0FEDA05D2ED360A070F1007ECE95BC7
:10EF2000F5E401E204BEE6E9F2EA00DD08C1F153CE
:10EF3000160E100C06D0023A21EBFEDF03CDEE5286
:10EF4000020B140B0FE2DA2CFFE205DF02C93A3D97
:10EF5000D01F0E190CC8FE1F06EB06E9013AE4DBD0
:10EF6000F5F8031105BDE5350EE404E506A011A290
:10EF7000DA20071504B0FEB9C92108FF0B34C7CB4E
:10EF8000E7E201FD04883DF6EE1612070B1BD141A6
:10EF9000F1F50816FFCE164DD922060D0AB3EF94EF
:10EFA00007E604E007BA2101D32F090F052408BCA6
:10EFB000F7E903ED02D0D59FE9ED040109B4D9C109
:10EFC000F3F60218048D3A12F12615120BBCC9A8EB
:10EFD000FAE9FE0401F4D02EEFEA05EC070D4AAB86
:10EFE000F11A1709090A133CD81C050D0DF3E02886
:10EFF000EDFA0118019E130317E209F50437D563F2
:10F00000F7EBFCEE05D8DF5AF2FE051D01B5D6E49C
:10F01000F9F0FFEA010FDC220205190F08D3E6BB65
:10F02000FFE806E807C2E641FFEC05E808E7FBB7A2
:10F030000F0C14100AA6069F07ECFBE80400000062
:10F04000B337B1F645FF16F8A49006F9340AFDF778
:10F050006269F3F6544C05F86502B1F8A15C90F7CB
:10F060002F78C3F7D24700F9264309F71F9B96F87C
:10F07000901603F8B059D9F83E1BFEF78B4795F769
:10F08000CAE80FF7BCAB13F9DA9975F7D507DFF7C4
:10F09000524B11F972F17AF89219CFF630D82BF859
:10F0A0007909B4F733EAE7F6CE2D0EF850A282F6CE
:10F0B000AD0A05F80D8616F8B4E00CF7DE2C04F85E
:10F0C0004EAC07F85CC4FCF78DC306F88C6CFFF7F8
:10F0D000BA65FFF7285FFFF7109FFDF7DA82FFF7A9
:10F0E000A1F8FEF7688709F89C9800F875D608F82B
:10F0F000F79407F89B60FFF75E83FAF77693FFF7C4
:10F10000DFC607F8C0D305F8FC0409F87B8DFFF7CC
:10F11000F04B0AF85E95FFF73594FFF75FBD0BF8EB
:10F12000D9CAFEF7F6740BF87549FFF7C34704F820
:10F13000376AEEF719B007F8CEA1FDF7CFD807F878
:10F140009F810B810405737F4D491C81EC92817472
:10F15000E4814B7F457F737A0F818F7F2110A2AAB4
:10F160008151717F815AFF277F521281539081C84C
:10F17000AB85817F78518ADE81CB81AC117F596369
:10F180007F598199DA307481C18183AE81A0C181B8
:10F190003B1491817FD08881993981E5A9813E3ADC
:10F1A00014ECC639817FD7CDE92BE6F0E40D06E0FB
:10F1B000E6D4150BB84EA1601BE3D318E120E7D1CC
:10F1C00018DBC23A32CE0D0D1FFEE7D3091511D65A
:10F1D000E8E31AE71105CA37CC341AFDD32CF9DA63
:10F1E000000000000000000000000000000000001F
:10F1F0005F3E752FA23CDA1FF63F0230B35AEC6D2A
:10F200001B3FA241CF34BD552522B74FD8134E3AEC
:10F210002D334D29043AEE2F5E36B668753DDC0875
:10F220003C3E053450260049672B1021D81F411F52
:10F230002B3808378A3B0C040C045905F00564038D
:10F240008804C73022423B2FE1210304BA314F0327
:10F25000AB4175259C2FB803C157480360036A383A
:10F260004405FD218F03CF1DFC352242A635E44F16
:10F2700033C4F3FF4439E9FF000000000000000040
:10F28000FC70EE70000000000000000000000000B4
:10F29000E33D833E0000000000000000000000008D
:10F2A0000000803B000000000000000000000000A3
:10F2B000000000000000000000000000000000004E
:10F2C000000000000000000000000000000000003E
:10F2D000FF0000000000000000000000000000002F
:01F2E00080AD
:040000057100000086
:00000001FF
